chave_empenho;tipo;empenho;ficha;orgao_empenho;orgao;ano;numero;data;cpf_cnpj;fornecedor;valor_empenho;valor_mov;descricao;licitacao;licitacao_label;desativado;total;valor_liquidacao;valor_pagamento;movimento;valor;pagamento;acumulado_pagamento;liquidado
[8591-20261039];2;8591;20261039;6100;6100;2026;8591.2.1;06/07/2026;4145767000160;V.R. LEITE -ME;173.104,07;32.311,53;CONTRATAÇÃO DE EMPRESA ESPECIALIZADA NO FORNECIMENTO, COTAÇÃO, RESERVAS, EMISSÃO, ALTERAÇÃO E CANCELAMENTO DE PASSAGENS AÉREAS NACIONAIS E INTERNACIONAIS, REF. MAIO E JUNHO DE 2026;;;0;1545;0,00;0,00;Pagamento;32.311,53;32.311,53;45.440,47;45.440,47
[8583-20260848];1;8583;20260848;3700;3700;2026;8583.3;06/07/2026;61059299000144;JC CARVALHO DISTRIBUIDORA LTDA;7.372,00;1.299,80;AQUISIÇÃO DE GÊNEROS ALIMENTÍCIOS;40652;;0;1545;0,00;0,00;Liquidação;1.299,80;2.483,20;;1.299,80
[8483-20261887];2;8483;20261887;3200;3200;2026;8483.1.1;06/07/2026;90909631000110;INSTRAMED INDUSTRIA MEDICO HOSPITALAR LTDA;171.731,20;171.731,20;DESPESAS DE EXERCÍCIOS ANTERIORES, REFERENTE A NOTA FISCAL Nº 350 - AQUISIÇÃO DE EQUIPAMENTOS MÉDICO HOSPITALAR;40791;;0;1545;0,00;0,00;Pagamento;171.731,20;171.731,20;171.731,20;171.731,20
[8431-20261887];2;8431;20261887;3200;3200;2026;8431.1.1;06/07/2026;59745964000101;BKS DISTRIBUIDORA E SERVIÇOS LTDA;4.613,67;4.613,67;"RECONHECIMENTO DE DESPESAS DE EXERCÍCIOS ANTERIORES DEA. OBJETO: AQUISIÇÃO DE MATERIAIS CONSUMO E PERMANENTE DE COPA E COZINHA PARA A UNIDADE DE ALIMENTAÇÃO E NUTRIÇÃO (UAN) DA REDE DE
SAÚDE DE PALMAS ? TO. NOTAS FISCAIS: NFS º 404/405";40778;;0;1545;0,00;0,00;Pagamento;4.613,67;4.613,67;4.613,67;4.613,67
[8390-20261887];2;8390;20261887;3200;3200;2026;8390.1.1;06/07/2026;8368875000152;FORTLINE INDUSTRIA E COMERCIO DE MOVEIS LTDA;376.676,00;376.676,00;DESPESAS DE EXERCÍCIOS ANTERIORES, REFERENTE A NOTA FISCAL Nº 131.651 - AQUISIÇÃO DE MOBILIÁRIOS.;40776;;0;1545;0,00;0,00;Pagamento;376.676,00;376.676,00;376.676,00;376.676,00
[8383-20261887];2;8383;20261887;3200;3200;2026;8383.1.1;06/07/2026;5891838000136;AMPLA COMERCIAL LTDA;7.947,18;7.947,18;"RECONHECIMENTO DE DESPESAS DE EXERCÍCIOS ANTERIORES DEA. OBJETO: AQUISIÇÃO DE MATERIAIS CONSUMO E PERMANENTE DE COPA E COZINHA PARA A UNIDADE DE ALIMENTAÇÃO E NUTRIÇÃO (UAN) DA REDE DE
SAÚDE DE PALMAS ? TO. NOTA FISCAL: NF º 3.120";40775;;0;1545;0,00;0,00;Pagamento;7.947,18;7.947,18;7.947,18;7.947,18
[8356-20261134];1;8356;20261134;7800;7800;2026;8356.2;06/07/2026;17434500000134;JLVM NEGOCIOS E PARTICIPACOES SOCIETARIAS LTDA;138.000,00;23.000,00;"VALOR LIQUIDADO REFERENTE A: A LOCAÇÃO DE IMÓVEL COMERCIAL, COM TERRENO DE 700 M2. LOCALIZADO NA QUADRA NA 103 SUL, ACSO, RUA S09 ACSO 02 CONJUNTO 03 E LOTE 41 EM PALMAS TOCANTINS , DESTINADO A ABRIGAR AS INSTALAÇÕES DA FUNDAÇÃO DE
MEIO AMBIENTE. PAGAMENTO MES DE ABRIL.";;;0;1545;0,00;0,00;Liquidação;23.000,00;69.000,00;;23.000,00
[7868-20261041];1;7868;20261041;6100;6100;2026;7868.6;06/07/2026;4615616000128;ELEVADORES OK COMERCIO DE PECAS, COMPONENTES E SERVICOS DE ELEVADORES LTDA;18.646,06;1.559,46;VALOR LIQUIDADO REFERENTE A: MANUTENÇÃO CORRETIVA E PREVENTIVA DO ELEVADOR. REF. A JUNHO DE 2026;;;0;1545;0,00;0,00;Liquidação;1.559,46;7.729,84;;1.559,46
[7000-20261025];2;7000;20261025;6100;6100;2026;7000.6.1;06/07/2026;38128880000159;PRIME SOLUTION SOLUÇÕES  EM IMPRESSÕES;73.512,56;5.915,46;LOCAÇÃO DE EQUIPAMENTOS REPROGRÁFICOS PARA FINS DE OUTSOURCING, REF. JUNHO DE 2026;40647;;0;1545;0,00;0,00;Pagamento;5.915,46;5.915,46;36.409,98;36.409,98
[6410-20260173];1;6410;20260173;2100;9909;2026;6410.4;06/07/2026;48676645000175;REQUINTE BUFFET LTDA;252.532,00;55.872,00;PAGAMENTO REFERENTE AO MÊS DE JUNHO/2026.;40609;;0;1545;0,00;0,00;Liquidação;55.872,00;123.320,00;;55.872,00
[4194-20260394];1;4194;20260394;2900;2900;2026;4194.1;06/07/2026;4145767000160;V.R. LEITE -ME;10.000,00;10.000,00;LIQUIDAÇÃO PARA SUPRIR DESPESA COM CONTRATAÇÃO DE EMPRESA ESPECIALIZADA PARA A PRESTAÇÃO DE SERVIÇOS DE FORNECIMENTO DE PASSAGENS AÉREAS DAS CONSELHEIRAS BERNARDETE TEREZINHA SEGALA E ANA MARIA ESTEVAO D. M. DOS SANTOS, CLASSE DA RESERVA ECONÔMICA - FATURA 052/2026, NF 2026000000308, PER DE COMP .: 06/2026.;;;0;1545;0,00;0,00;Liquidação;10.000,00;0,00;;10.000,00
[4134-20261041];1;4134;20261041;6100;6100;2026;4134.7;06/07/2026;25086034000171;ENERGISA TOCANTINS - DISTRIBUIDORA DE ENERGISA S/A;180.000,00;12.624,57;VALOR LIQUIDADO REFERENTE A: EMPRESA ESPECIALIZADA NO FORNECIMENTO DE ENERGIA ELÉTRICA, REF. JULHO DE 2026;;;0;1545;0,00;0,00;Liquidação;12.624,57;53.628,63;;12.624,57
[2909-20260417];2;2909;20260417;2900;2900;2026;2909.6.1;06/07/2026;2386528154;RHUAN GABRIEL FLORENCIO MOITINHO;28.603,00;2.431,50;LIQUIDAÇÃO DA DESPESA REFERENTE A SENTENÇA JUDICIAL EM FAVOR DE RHUAN GABRIEL FLORÊNCIO MOITINHO, CORRESPONDENTE AO MÊS DE JUNHO DE 2026.;;;0;1545;0,00;0,00;Pagamento;2.431,50;2.431,50;14.589,00;14.589,00
[21244-20261813];0;21244;20261813;3200;3200;2026;21244;06/07/2026;94389400000184;MCW PRODUTOS MEDICOS E HOSPITALARES LTDA;60.000,00;0,00;"EMPENHO PARA PAGAMENTO DE DEA REFERENTE AO MÊS DE MAIO DE 2026.
NUP: 27205/2026.";41584;;0;1545;0,00;0,00;Empenho;60.000,00;0,00;0,00;0,00
[21243-20260386];1;21243;20260386;2700;2700;2026;21243.1;06/07/2026;5955518150;ARLENE SILVA FERREIRA;714,29;714,29;VALOR LIQUIDADO REFERENTE A: A NOTA PREMIADA PALMENSE - SORTEIO DE JUNHO  DE 2026;;;0;1545;0,00;0,00;Liquidação;714,29;0,00;;714,29
[21243-20260386];0;21243;20260386;2700;2700;2026;21243;06/07/2026;5955518150;ARLENE SILVA FERREIRA;714,29;0,00;VALOR EMPENHADO REFERENTE A: A NOTA PREMIADA PALMENSE - SORTEIO DE JUNHO  DE 2026;;;0;1545;0,00;0,00;Empenho;714,29;0,00;0,00;0,00
[21242-20261813];0;21242;20261813;3200;3200;2026;21242;06/07/2026;51892897000146;JT MEDICAMENTOS LTDA;27.700,00;0,00;"EMPENHO PARA PAGAMENTO DE DEA REFERENTE AO MÊS DE SETEMBRO DE 2025.
NUP: 13271/2026";41580;;0;1545;0,00;0,00;Empenho;27.700,00;0,00;0,00;0,00
[21241-20260386];1;21241;20260386;2700;2700;2026;21241.1;06/07/2026;1698129106;RENATO AUGUSTO MARINHO DE CARVALHO;714,29;714,29;VALOR LIQUIDADO REFERENTE A: A NOTA PREMIADA PALMENSE - SORTEIO DE JUNHO  DE 2026;;;0;1545;0,00;0,00;Liquidação;714,29;0,00;;714,29
[21241-20260386];0;21241;20260386;2700;2700;2026;21241;06/07/2026;1698129106;RENATO AUGUSTO MARINHO DE CARVALHO;714,29;0,00;VALOR EMPENHADO REFERENTE A: A NOTA PREMIADA PALMENSE - SORTEIO DE JUNHO  DE 2026;;;0;1545;0,00;0,00;Empenho;714,29;0,00;0,00;0,00
[21240-20262565];1;21240;20262565;3200;3200;2026;21240.1;06/07/2026;5063935000130;TEC CENTER COMERCIAL LTDA - EPP;252.595,22;111.833,14;LIQUIDAÇÃO PARA PAGAMENTO DA NOTA FISCAL  - REFERENTE A SERVIÇOS DE MANUTENÇÃO PREVENTIVA MENSAL NOS APARELHOS DE AR CONDICIONADOS SPLITS, MÊS DE REFERENCIA: JUNHO/2026 - ATENÇÃO PRIMARIA. NUP E-PALMAS: 023413/2024.;;;0;1545;0,00;0,00;Liquidação;111.833,14;0,00;;111.833,14
[21240-20262565];1;21240;20262565;3200;3200;2026;21240.2;06/07/2026;5063935000130;TEC CENTER COMERCIAL LTDA - EPP;252.595,22;8.015,70;LIQUIDAÇÃO PARA PAGAMENTO DA NOTA FISCAL  - REFERENTE A SERVIÇOS DE MANUTENÇÃO PREVENTIVA MENSAL NOS APARELHOS DE AR CONDICIONADOS SPLITS, MÊS DE REFERENCIA: MAIO/2026 - ATENÇÃO PRIMARIA. NUP E-PALMAS: 023413/2024.;;;0;1545;0,00;0,00;Liquidação;8.015,70;0,00;;8.015,70
[21240-20262565];1;21240;20262565;3200;3200;2026;21240.3;06/07/2026;5063935000130;TEC CENTER COMERCIAL LTDA - EPP;252.595,22;131.121,81;LIQUIDAÇÃO PARA PAGAMENTO DA NOTA FISCAL  - REFERENTE A SERVIÇOS DE MANUTENÇÃO PREVENTIVA MENSAL NOS APARELHOS DE AR CONDICIONADOS SPLITS, MÊS DE REFERENCIA: JUNHO/2026 - ATENÇÃO PRIMARIA. NUP E-PALMAS: 023413/2024.;;;0;1545;0,00;0,00;Liquidação;131.121,81;0,00;;131.121,81
[21240-20262565];1;21240;20262565;3200;3200;2026;21240.4;06/07/2026;5063935000130;TEC CENTER COMERCIAL LTDA - EPP;252.595,22;1.624,57;LIQUIDAÇÃO PARA PAGAMENTO DA NOTA FISCAL  - REFERENTE A SERVIÇOS DE MANUTENÇÃO PREVENTIVA MENSAL NOS APARELHOS DE AR CONDICIONADOS SPLITS, MÊS DE REFERENCIA: JUNHO/2026 - ATENÇÃO PRIMARIA. NUP E-PALMAS: 023413/2024.;;;0;1545;0,00;0,00;Liquidação;1.624,57;0,00;;1.624,57
[21240-20262565];0;21240;20262565;3200;3200;2026;21240;06/07/2026;5063935000130;TEC CENTER COMERCIAL LTDA - EPP;252.595,22;0,00;EMPENHO PARA PAGAMENTO DA NOTA FISCAL  - REFERENTE A SERVIÇOS DE MANUTENÇÃO PREVENTIVA MENSAL NOS APARELHOS DE AR CONDICIONADOS SPLITS, MÊS DE REFERENCIA: MAIO E JUNHO/2026 - ATENÇÃO PRIMARIA. NUP E-PALMAS: 023413/2024.;;;0;1545;0,00;0,00;Empenho;252.595,22;0,00;0,00;0,00
[21239-20260394];1;21239;20260394;2900;2900;2026;21239.1;06/07/2026;4145767000160;V.R. LEITE -ME;9.859,02;9.859,02;LIQUIDAÇÃO PARA SUPRIR DESPESA COM CONTRATAÇÃO DE EMPRESA ESPECIALIZADA PARA A PRESTAÇÃO DE SERVIÇOS DE FORNECIMENTO DE PASSAGENS AÉREAS DAS CONSELHEIRAS BERNARDETE TEREZINHA SEGALA E ANA MARIA ESTEVAO D. M. DOS SANTOS, CLASSE DA RESERVA ECONÔMICA - FATURA 052/2026, NF 2026000000308, PER DE COMP .: 06/2026.;;;0;1545;0,00;0,00;Liquidação;9.859,02;0,00;;9.859,02
[21239-20260394];0;21239;20260394;2900;2900;2026;21239;06/07/2026;4145767000160;V.R. LEITE -ME;9.859,02;0,00;EMPENHO PARA SUPRIR DESPESA COM CONTRATAÇÃO DE EMPRESA ESPECIALIZADA PARA A PRESTAÇÃO DE SERVIÇOS DE FORNECIMENTO DE PASSAGENS AÉREAS EM LINHAS REGULARES NACIONAIS E INTERNACIONAIS, VISANDO ATENDER ÀS NECESSIDADES DE DESLOCAMENTO DOS GESTORES E SERVIDORES DO PODER EXECUTIVO DE PALMAS, INCLUINDO, OBRIGATORIAMENTE, OS SEGUINTES SERVIÇOS: COTAÇÃO DE TARIFAS, RESERVA DE PASSAGENS, ESCOLHA DE ASSENTOS, EMISSÃO DE BILHETES, ALTERAÇÃO E REMARCAÇÃO DE VOOS, DESPACHO DE BAGAGENS, BEM COMO CANCELAMENTO E REEMBOLSO DE PASSAGENS AÉREAS.;;;0;1545;0,00;0,00;Empenho;9.859,02;0,00;0,00;0,00
[21238-20262564];1;21238;20262564;3200;3200;2026;21238.1;06/07/2026;5063935000130;TEC CENTER COMERCIAL LTDA - EPP;129.362,35;44.511,58;LIQUIDAÇÃO PARA PAGAMENTO DA NOTA FISCAL  - REFERENTE A SERVIÇOS DE MANUTENÇÃO PREVENTIVA MENSAL NOS APARELHOS DE AR CONDICIONADOS SPLITS, MÊS DE REFERENCIA: MAIO 2026 - MAC. NUP E-PALMAS: 023413/2024.;;;0;1545;0,00;0,00;Liquidação;44.511,58;0,00;;44.511,58
[21238-20262564];1;21238;20262564;3200;3200;2026;21238.2;06/07/2026;5063935000130;TEC CENTER COMERCIAL LTDA - EPP;129.362,35;32.911,43;LIQUIDAÇÃO PARA PAGAMENTO DA NOTA FISCAL  - REFERENTE A SERVIÇOS DE MANUTENÇÃO PREVENTIVA MENSAL NOS APARELHOS DE AR CONDICIONADOS SPLITS, MÊS DE REFERENCIA: MAIO/2026 - MAC. NUP E-PALMAS: 023413/2024.;;;0;1545;0,00;0,00;Liquidação;32.911,43;0,00;;32.911,43
[21238-20262564];1;21238;20262564;3200;3200;2026;21238.3;06/07/2026;5063935000130;TEC CENTER COMERCIAL LTDA - EPP;129.362,35;4.574,96;LIQUIDAÇÃO PARA PAGAMENTO DA NOTA FISCAL  - REFERENTE A SERVIÇOS DE MANUTENÇÃO PREVENTIVA MENSAL NOS APARELHOS DE AR CONDICIONADOS SPLITS, MÊS DE REFERENCIA: MAIO/2026 - MAC. NUP E-PALMAS: 023413/2024.;;;0;1545;0,00;0,00;Liquidação;4.574,96;0,00;;4.574,96
[21238-20262564];1;21238;20262564;3200;3200;2026;21238.4;06/07/2026;5063935000130;TEC CENTER COMERCIAL LTDA - EPP;129.362,35;7.787,51;EMPENHO PARA PAGAMENTO DA NOTA FISCAL  - REFERENTE A SERVIÇOS DE MANUTENÇÃO PREVENTIVA MENSAL NOS APARELHOS DE AR CONDICIONADOS SPLITS, MÊS DE REFERENCIA: JUNHO/2026 - MAC. NUP E-PALMAS: 023413/2024.;;;0;1545;0,00;0,00;Liquidação;7.787,51;0,00;;7.787,51
[21238-20262564];1;21238;20262564;3200;3200;2026;21238.5;06/07/2026;5063935000130;TEC CENTER COMERCIAL LTDA - EPP;129.362,35;33.323,57;LIQUIDAÇÃO PARA PAGAMENTO DA NOTA FISCAL  - REFERENTE A SERVIÇOS DE MANUTENÇÃO PREVENTIVA MENSAL NOS APARELHOS DE AR CONDICIONADOS SPLITS, MÊS DE REFERENCIA: JUNHO/2026 - MAC. NUP E-PALMAS: 023413/2024.;;;0;1545;0,00;0,00;Liquidação;33.323,57;0,00;;33.323,57
[21238-20262564];1;21238;20262564;3200;3200;2026;21238.6;06/07/2026;5063935000130;TEC CENTER COMERCIAL LTDA - EPP;129.362,35;6.253,30;LIQUIDAÇÃO PARA PAGAMENTO DA NOTA FISCAL  - REFERENTE A SERVIÇOS DE MANUTENÇÃO PREVENTIVA MENSAL NOS APARELHOS DE AR CONDICIONADOS SPLITS, MÊS DE REFERENCIA: JUNHO/2026 - MAC. NUP E-PALMAS: 023413/2024.;;;0;1545;0,00;0,00;Liquidação;6.253,30;0,00;;6.253,30
[21238-20262564];0;21238;20262564;3200;3200;2026;21238;06/07/2026;5063935000130;TEC CENTER COMERCIAL LTDA - EPP;129.362,35;0,00;EMPENHO PARA PAGAMENTO DA NOTA FISCAL  - REFERENTE A SERVIÇOS DE MANUTENÇÃO PREVENTIVA MENSAL NOS APARELHOS DE AR CONDICIONADOS SPLITS, MÊS DE REFERENCIA: MAIO E JUNHO/2026 - MAC. NUP E-PALMAS: 023413/2024.;;;0;1545;0,00;0,00;Empenho;129.362,35;0,00;0,00;0,00
[21237-20262564];0;21237;20262564;3200;3200;2026;21237;06/07/2026;22677012000198;LUK INDUSTRIA E COMERCIO DE USINAS GERADORAS DE OXIGENIO LDTA;20.723,62;0,00;"VALOR EMPENHADO REFERENTE AO MÊS DE ABRIL DE 2026.
NUP:21793/2024.
MAC.";;;0;1545;0,00;0,00;Empenho;20.723,62;0,00;0,00;0,00
[21236-20261127];0;21236;20261127;7800;7800;2026;21236;06/07/2026;1301523151;NATAN HENRIQUE PINHEIRO LACERDA;1.362,06;0,00;VALOR EMPENHADO REFERENTE A:  VIAGEM TÉCNICA AO MUNICÍPIO DE LUÍS EDUARDO MAGALHÃES/BA, NO PERÍODO DE 07 A 08 DE JULHO DE 2026, COM O OBJETIVO DE CONHECER O PROCESSO DE RECICLAGEM DE RESÍDUOS DE VIDRO, ESPECIALMENTE A TRANSFORMAÇÃO DESSE MATERIAL EM AREIA UTILIZADA NA CONSTRUÇÃO CIVIL.;;;0;1545;0,00;0,00;Empenho;1.362,06;0,00;0,00;0,00
[21235-20261127];0;21235;20261127;7800;7800;2026;21235;06/07/2026;31399231120;ISAC BRAZ CUNHA.;1.362,06;0,00;VALOR EMPENHADO REFERENTE A: VIAGEM TÉCNICA AO MUNICÍPIO DE LUÍS EDUARDO MAGALHÃES/BA, NO PERÍODO DE 07 A 08 DE JULHO DE 2026, COM O OBJETIVO DE CONHECER O PROCESSO DE RECICLAGEM DE RESÍDUOS DE VIDRO, ESPECIALMENTE A TRANSFORMAÇÃO DESSE MATERIAL EM AREIA UTILIZADA NA CONSTRUÇÃO CIVIL;;;0;1545;0,00;0,00;Empenho;1.362,06;0,00;0,00;0,00
[21234-20260364];0;21234;20260364;2700;2700;2026;21234;06/07/2026;61059299000144;JC CARVALHO DISTRIBUIDORA LTDA;678,10;0,00;AQUISIÇÃO DE UTENSÍLIOS DE COPA E COZINHA PARA ATENDER AS DEMANDAS DA SECRETARIA MUNICIPAL DA FAZENDA E TRANSFORMAÇÃO DIGITAL. NUP001295/2026;41405;;0;1545;0,00;0,00;Empenho;678,10;0,00;0,00;0,00
[21233-20260364];0;21233;20260364;2700;2700;2026;21233;06/07/2026;59745964000101;BKS DISTRIBUIDORA E SERVICOS - LTDA;4.447,88;0,00;AQUISIÇÃO DE UTENSÍLIOS DE COPA E COZINHA PARA ATENDER AS DEMANDAS DA SECRETARIA MUNICIPAL DA FAZENDA E TRANSFORMAÇÃO DIGITAL. NUP001295/2026;41405;;0;1545;0,00;0,00;Empenho;4.447,88;0,00;0,00;0,00
[21232-20260364];0;21232;20260364;2700;2700;2026;21232;06/07/2026;53558020000149;DPEL DISTRIBUIDORA DE PAPELARIA E LIMPEZA LTDA;1.343,52;0,00;AQUISIÇÃO DE UTENSÍLIOS DE COPA E COZINHA PARA ATENDER AS DEMANDAS DA SECRETARIA MUNICIPAL DA FAZENDA E TRANSFORMAÇÃO DIGITAL. NUP001295/2026;41405;;0;1545;0,00;0,00;Empenho;1.343,52;0,00;0,00;0,00
[21231-20260364];0;21231;20260364;2700;2700;2026;21231;06/07/2026;49450180000100;PUJANÇA COMERCIO E SERVIÇOS LTDA;2.124,96;0,00;AQUISIÇÃO DE UTENSÍLIOS DE COPA E COZINHA PARA ATENDER AS DEMANDAS DA SECRETARIA MUNICIPAL DA FAZENDA E TRANSFORMAÇÃO DIGITAL. NUP001295/2026;41405;;0;1545;0,00;0,00;Empenho;2.124,96;0,00;0,00;0,00
[21230-20261662];0;21230;20261662;3200;3200;2026;21230;06/07/2026;17099395000124;MAX PRODUTOS HOSPITALARES LTDA;4.247,30;0,00;FORNECIMENTO DE MATERIAIS E INSUMOS - DESPESA DE EXERCÍCIO ANTERIOR (2025) NUP: 0.031706/2026;41579;;0;1545;0,00;0,00;Empenho;4.247,30;0,00;0,00;0,00
[21229-20262214];0;21229;20262214;1700;9901;2026;21229;06/07/2026;15311126000154;CLINICAO CLINICA VETERINARIA POPULAR LTDA;222.978,20;0,00;"TERMO ADITIVO AO CONTRATO Nº 09/2025 ? PROCESSO ORIGINÁRIO NUP Nº 00000.0.029688/2025. 
 REALIZAÇÃO DE SERVIÇOS DE CASTRAÇÃO E PROMOÇÃO DE ATENDIMENTO CLÍNICO E TRATAMENTO VETERINÁRIO EMERGENCIAL E ELETIVO, HEMOGRAMA COMPLETO";41578;;0;1545;0,00;0,00;Empenho;222.978,20;0,00;0,00;0,00
[21228-20262214];0;21228;20262214;1700;9901;2026;21228;06/07/2026;15311126000154;CLINICAO CLINICA VETERINARIA POPULAR LTDA;37.302,30;0,00;"TERMO ADITIVO AO CONTRATO Nº 09/2025 ? PROCESSO ORIGINÁRIO NUP Nº 00000.0.029688/2025. 
 REALIZAÇÃO DE SERVIÇOS DE CASTRAÇÃO E PROMOÇÃO DE ATENDIMENTO CLÍNICO E TRATAMENTO VETERINÁRIO EMERGENCIAL E ELETIVO, HEMOGRAMA COMPLETO";41578;;0;1545;0,00;0,00;Empenho;37.302,30;0,00;0,00;0,00
[21227-20261774];1;21227;20261774;3200;3200;2026;21227.1;06/07/2026;12889035000293;INOVAMED HOSPITALAR LTDA;11.369,00;8.885,00;"AQUISIÇÃO DE MEDICAMENTO REMUME INJETÁVEIS - DESPESA DE EXERCÍCIO ANTERIOR (2025) NUP: 0.023875/2026
NF: 49987";41577;;0;1545;0,00;0,00;Liquidação;8.885,00;0,00;;8.885,00
[21227-20261774];1;21227;20261774;3200;3200;2026;21227.2;06/07/2026;12889035000293;INOVAMED HOSPITALAR LTDA;11.369,00;2.484,00;"AQUISIÇÃO DE MEDICAMENTO REMUME INJETÁVEIS - DESPESA DE EXERCÍCIO ANTERIOR (2025) NUP: 0.023875/2026
NF 50681";41577;;0;1545;0,00;0,00;Liquidação;2.484,00;0,00;;2.484,00
[21227-20261774];0;21227;20261774;3200;3200;2026;21227;06/07/2026;12889035000293;INOVAMED HOSPITALAR LTDA;11.369,00;0,00;AQUISIÇÃO DE MEDICAMENTO REMUME INJETÁVEIS - DESPESA DE EXERCÍCIO ANTERIOR (2025) NUP: 0.023875/2026;41577;;0;1545;0,00;0,00;Empenho;11.369,00;0,00;0,00;0,00
[21226-20261995];0;21226;20261995;1202;9912;2026;21226;06/07/2026;29979036006424;INSS-INST.NACIONAL DO SEG. SOCIAL;15.649,20;0,00;EMPENHO OBRIGAÇÕES PATRONAIS JARI, REFERENTE AO PERÍODO JULHO A DEZEMBRO DE 2026.;;;0;1545;0,00;0,00;Empenho;15.649,20;0,00;0,00;0,00
[21225-20261774];1;21225;20261774;3200;3200;2026;21225.1;06/07/2026;7752236000123;MEDILAR IMP. DIST. DE PROD. MED. HOSP. LTDA;24.500,00;24.500,00;"RECONHECIMENTO DE DESPESAS DE EXERCÍCIOS ANTERIORES - DEA, AQUISIÇÃO DE MEDICAMENTOS REMUME INJETÁVEIS, PARA ATENDER A REDE MUNICIPAL DE SAÚDE, REFERENTE A NOTA FISCAL N° 1299419 - NUP: 00000.0.026656/2026.
NF 1299419";41552;;0;1545;0,00;0,00;Liquidação;24.500,00;0,00;;24.500,00
[21225-20261774];0;21225;20261774;3200;3200;2026;21225;06/07/2026;7752236000123;MEDILAR IMP. DIST. DE PROD. MED. HOSP. LTDA;24.500,00;0,00;RECONHECIMENTO DE DESPESAS DE EXERCÍCIOS ANTERIORES - DEA, AQUISIÇÃO DE MEDICAMENTOS REMUME INJETÁVEIS, PARA ATENDER A REDE MUNICIPAL DE SAÚDE, REFERENTE A NOTA FISCAL N° 1299419 - NUP: 00000.0.026656/2026.;41552;;0;1545;0,00;0,00;Empenho;24.500,00;0,00;0,00;0,00
[21224-20261774];1;21224;20261774;3200;3200;2026;21224.1;06/07/2026;37584023000109;AS COMERCIO DE PRODUTOS HOSPITALARES EIRELI.;715,50;715,50;"RECONHECIMENTO DE DESPESAS DE EXERCÍCIOS ANTERIORES - DEA, AQUISIÇÃO DE MEDICAMENTOS PARA ATENDIMENTO DA DEMANDA JUDICIAL DOS AUTOS Nº 0003878.82.2024.8.27.2743, REFERENTE A NOTA FISCAL Nº 1331- NUP: 00000.0.022154/2026.
NF 1331";41553;;0;1545;0,00;0,00;Liquidação;715,50;0,00;;715,50
[21224-20261774];0;21224;20261774;3200;3200;2026;21224;06/07/2026;37584023000109;AS COMERCIO DE PRODUTOS HOSPITALARES EIRELI.;715,50;0,00;RECONHECIMENTO DE DESPESAS DE EXERCÍCIOS ANTERIORES - DEA, AQUISIÇÃO DE MEDICAMENTOS PARA ATENDIMENTO DA DEMANDA JUDICIAL DOS AUTOS Nº 0003878.82.2024.8.27.2743, REFERENTE A NOTA FISCAL Nº 1331- NUP: 00000.0.022154/2026.;41553;;0;1545;0,00;0,00;Empenho;715,50;0,00;0,00;0,00
[21223-20261774];1;21223;20261774;3200;3200;2026;21223.1;06/07/2026;67729178000491;COMERCIAL  CIRUGICA RIOCLARENSE LTDA;17.670,00;17.670,00;"RECONHECIMENTO DE DESPESAS DE EXERCÍCIOS ANTERIORES - DEA, AQUISIÇÃO DE MEDICAMENTOS CONTROLADOS, IINJETAVEIS, REMUME I, REFERENTE A NOTA FISCAL Nº 2089370 -NUP: 00000.0.022087/2026.
NF: 2089370";41554;;0;1545;0,00;0,00;Liquidação;17.670,00;0,00;;17.670,00
[21223-20261774];0;21223;20261774;3200;3200;2026;21223;06/07/2026;67729178000491;COMERCIAL  CIRUGICA RIOCLARENSE LTDA;17.670,00;0,00;RECONHECIMENTO DE DESPESAS DE EXERCÍCIOS ANTERIORES - DEA, AQUISIÇÃO DE MEDICAMENTOS CONTROLADOS, IINJETAVEIS, REMUME I, REFERENTE A NOTA FISCAL Nº 2089370 -NUP: 00000.0.022087/2026.;41554;;0;1545;0,00;0,00;Empenho;17.670,00;0,00;0,00;0,00
[21222-20260826];0;21222;20260826;3500;3500;2026;21222;06/07/2026;21567644000136;SLOPGEO  GEOTECHNICS- ENGENHARIA  DE PROJETOS E GEOTECNIA EIRELI;200.000,00;0,00;"CONTRATAÇÃO DE MPRESA ESPECIALIZADA PARA A EXECUÇÃO DE ESTUDO GEOTÉCNICO, ELABORAÇÃO DE PROJETOS EXECUTIVOS DE ESTABILIZAÇÃO DE TALUDES, SISTEMAS DE DRENAGEM SUPERFICIAL, PROJETO DE INSTRUMENTAÇÃO GEOTÉCNICA E INSTALAÇÃO DE INSTRUMENTAÇÃO BÁSICA, COM VISTAS  À  REABILITAÇÃO    E    AO   
MONITORAMENTO    TÉCNICO   DAS   CÉLULAS    01    A    06    DO    ATERRO   SANITÁRIO  DE  PALMAS/TO.";;;0;1545;0,00;0,00;Empenho;200.000,00;0,00;0,00;0,00
[21221-20261774];1;21221;20261774;3200;3200;2026;21221.1;06/07/2026;67729178000491;COMERCIAL  CIRUGICA RIOCLARENSE LTDA;24.000,00;24.000,00;"RECONHECIMENTO DE DESPESAS DE EXERCÍCIOS ANTERIORES DEA. AQUISIÇÃO DE MEDICAMENTOS CONTROLADOS, REMUME I, REFERENTE A NOTA FISCAL Nº 2088199 - NUP: 00000.0.022087/2026.
NF: 2088199";41555;;0;1545;0,00;0,00;Liquidação;24.000,00;0,00;;24.000,00
[21221-20261774];0;21221;20261774;3200;3200;2026;21221;06/07/2026;67729178000491;COMERCIAL  CIRUGICA RIOCLARENSE LTDA;24.000,00;0,00;RECONHECIMENTO DE DESPESAS DE EXERCÍCIOS ANTERIORES DEA. AQUISIÇÃO DE MEDICAMENTOS CONTROLADOS, REMUME I, REFERENTE A NOTA FISCAL Nº 2088199 - NUP: 00000.0.022087/2026.;41555;;0;1545;0,00;0,00;Empenho;24.000,00;0,00;0,00;0,00
[21220-20260080];0;21220;20260080;1401;9910;2026;21220;06/07/2026;57740908000159;BLACK SERVICE SHOWS LTDA;500.000,00;0,00;"CONTRATAÇÃO DE EMPRESA COM EXCLUSIVIDADE  PARA APRESENTAÇÃO ARTÍSTICA MUSICAL COM O CANTOR SEU JORGE, A SER REALIZADA EM 03 DE SETEMBRO DE 2026, NO DISTRITO DE TAQUARUÇU, EM PALMAS/TO, COMO PARTE DA PROGRAMAÇÃO 
DA 20ª EDIÇÃO DO FESTIVAL GASTRONÔMICO DE TAQUARUÇU.";;;0;1545;0,00;0,00;Empenho;500.000,00;0,00;0,00;0,00
[21219-20261813];0;21219;20261813;3200;3200;2026;21219;06/07/2026;6366038000169;MAXIMA COMERCIO DE PRODUTOS HOSPITALARES LTDA;23.840,00;0,00;"EMPENHO PARA PAGAMENTO DE DEA REFERENTE AO MÊS DE DEZEMBRO DE 2025.
NUP:24353/2026.";41576;;0;1545;0,00;0,00;Empenho;23.840,00;0,00;0,00;0,00
[21218-20261813];0;21218;20261813;3200;3200;2026;21218;06/07/2026;6366038000169;MAXIMA COMERCIO DE PRODUTOS HOSPITALARES LTDA;160,00;0,00;"EMPENHO PARA PAGAMENTO DE DEA REFERENTE AO MÊS DE NOVEMBRO DE 2025.
NUP:24353/2026.";41575;;0;1545;0,00;0,00;Empenho;160,00;0,00;0,00;0,00
[21217-20260638];0;21217;20260638;3200;3200;2026;21217;06/07/2026;26707714000128;NG SERVICOS MEDICOS LTDA;700,00;0,00;CONTRATAÇAO DE EMPRESA ESPECIALIZADA NA REALIZAÇÃO EXAME DE ESPIROMETRIA E CONSULTA ENDOCRINOLOGIA PEDIÁTRICA, PARA ATENDER A DECISÃO JUDICIAL, PROCEDIMENTO COMUM INFÂNCIA E JUVENTUDE Nº 0003515-61.2025.8.27.2743, NUP: 022137/2026.;41574;;0;1545;0,00;0,00;Empenho;700,00;0,00;0,00;0,00
[21216-20260638];0;21216;20260638;3200;3200;2026;21216;06/07/2026;15562590000113; CENTRO DE DIAGNOSTICO CARDIOLOGICO DO TOCANTINS;180,00;0,00;CONTRATAÇAO DE EMPRESA ESPECIALIZADA NA REALIZAÇÃO EXAME DE ESPIROMETRIA E CONSULTA ENDOCRINOLOGIA PEDIÁTRICA, PARA ATENDER A DECISÃO JUDICIAL, PROCEDIMENTO COMUM INFÂNCIA E JUVENTUDE Nº 0003515-61.2025.8.27.2743, NUP: 022137/2026.;41574;;0;1545;0,00;0,00;Empenho;180,00;0,00;0,00;0,00
[21215-20260428];1;21215;20260428;2900;2900;2026;21215.1;06/07/2026;5870352000111;ESCOLA MUNICIPAL MARIA JÚLIA AMORIM SOARES RODRIGUES;2.317,87;2.317,87;"VALOR LIQUIDADO REFERENTE A: VALOR EMPENHADO REFERENTE A: VALOR EMPENHADO REFERENTE A: VREPASSE DESTINADO AO CUSTEIO DAS DESPESAS DE GESTÃO ESCOLAR, EM CONFORMIDADE COM A LEI Nº 1.256, DE 22 DE DEZEMBRO DE 2003, E SUAS ALTERAÇÕES PROMOVIDAS PELAS LEIS Nº 2.309, DE 09 DE MAIO DE 2017; Nº 3.067, DE 03 DE ABRIL DE 2024; E Nº 3.297, DE 13 DE NOVEMBRO DE 2025, BEM COMO PELA PORTARIA GAB/SEMED Nº 0340, DE 25 DE NOVEMBRO DE 2026. EMPENHO E LIQUIDAÇÃO REFERENTE AO MÊS DE MAIO/2026.";;;0;1545;0,00;0,00;Liquidação;2.317,87;0,00;;2.317,87
[21215-20260428];0;21215;20260428;2900;2900;2026;21215;06/07/2026;5870352000111;ESCOLA MUNICIPAL MARIA JÚLIA AMORIM SOARES RODRIGUES;2.317,87;0,00;"VALOR EMPENHADO REFERENTE A: VALOR EMPENHADO REFERENTE A: VALOR EMPENHADO REFERENTE A: VREPASSE DESTINADO AO CUSTEIO DAS DESPESAS DE GESTÃO ESCOLAR, EM CONFORMIDADE COM A LEI Nº 1.256, DE 22 DE DEZEMBRO DE 2003, E SUAS ALTERAÇÕES PROMOVIDAS PELAS LEIS Nº 2.309, DE 09 DE MAIO DE 2017; Nº 3.067, DE 03 DE ABRIL DE 2024; E Nº 3.297, DE 13 DE NOVEMBRO DE 2025, BEM COMO PELA PORTARIA GAB/SEMED Nº 0340, DE 25 DE NOVEMBRO DE 2026. EMPENHO E LIQUIDAÇÃO REFERENTE AO MÊS DE MAIO/2026.";;;0;1545;0,00;0,00;Empenho;2.317,87;0,00;0,00;0,00
[21214-20260427];1;21214;20260427;2900;2900;2026;21214.1;06/07/2026;5870352000111;ESCOLA MUNICIPAL MARIA JÚLIA AMORIM SOARES RODRIGUES;993,37;993,37;"VALOR LIQUIDADO REFERENTE A: VALOR EMPENHADO REFERENTE A: VREPASSE DESTINADO AO CUSTEIO DAS DESPESAS DE GESTÃO ESCOLAR, EM CONFORMIDADE COM A LEI Nº 1.256, DE 22 DE DEZEMBRO DE 2003, E SUAS ALTERAÇÕES PROMOVIDAS PELAS LEIS Nº 2.309, DE 09 DE MAIO DE 2017; Nº 3.067, DE 03 DE ABRIL DE 2024; E Nº 3.297, DE 13 DE NOVEMBRO DE 2025, BEM COMO PELA PORTARIA GAB/SEMED Nº 0340, DE 25 DE NOVEMBRO DE 2026. EMPENHO E LIQUIDAÇÃO REFERENTE AO MÊS DE MAIO/2026.";;;0;1545;0,00;0,00;Liquidação;993,37;0,00;;993,37
[21214-20260427];0;21214;20260427;2900;2900;2026;21214;06/07/2026;5870352000111;ESCOLA MUNICIPAL MARIA JÚLIA AMORIM SOARES RODRIGUES;993,37;0,00;"VALOR EMPENHADO REFERENTE A: VALOR EMPENHADO REFERENTE A: VREPASSE DESTINADO AO CUSTEIO DAS DESPESAS DE GESTÃO ESCOLAR, EM CONFORMIDADE COM A LEI Nº 1.256, DE 22 DE DEZEMBRO DE 2003, E SUAS ALTERAÇÕES PROMOVIDAS PELAS LEIS Nº 2.309, DE 09 DE MAIO DE 2017; Nº 3.067, DE 03 DE ABRIL DE 2024; E Nº 3.297, DE 13 DE NOVEMBRO DE 2025, BEM COMO PELA PORTARIA GAB/SEMED Nº 0340, DE 25 DE NOVEMBRO DE 2026. EMPENHO E LIQUIDAÇÃO REFERENTE AO MÊS DE MAIO/2026.";;;0;1545;0,00;0,00;Empenho;993,37;0,00;0,00;0,00
[21213-20260428];1;21213;20260428;2900;2900;2026;21213.1;06/07/2026;5870352000111;ESCOLA MUNICIPAL MARIA JÚLIA AMORIM SOARES RODRIGUES;14.519,64;14.519,64;"VALOR LIQUIDADO REFERENTE A: VREPASSE DESTINADO AO CUSTEIO DAS DESPESAS DE GESTÃO ESCOLAR, EM CONFORMIDADE COM A LEI Nº 1.256, DE 22 DE DEZEMBRO DE 2003, E SUAS ALTERAÇÕES PROMOVIDAS PELAS LEIS Nº 2.309, DE 09 DE MAIO DE 2017; Nº 3.067, DE 03 DE ABRIL DE 2024; E Nº 3.297, DE 13 DE NOVEMBRO DE 2025, BEM COMO PELA PORTARIA GAB/SEMED Nº 0340, DE 25 DE NOVEMBRO DE 2026. EMPENHO E LIQUIDAÇÃO REFERENTE AO MÊS DE MAIO/2026.";;;0;1545;0,00;0,00;Liquidação;14.519,64;0,00;;14.519,64
[21213-20260428];0;21213;20260428;2900;2900;2026;21213;06/07/2026;5870352000111;ESCOLA MUNICIPAL MARIA JÚLIA AMORIM SOARES RODRIGUES;14.519,64;0,00;"VALOR EMPENHADO REFERENTE A: VREPASSE DESTINADO AO CUSTEIO DAS DESPESAS DE GESTÃO ESCOLAR, EM CONFORMIDADE COM A LEI Nº 1.256, DE 22 DE DEZEMBRO DE 2003, E SUAS ALTERAÇÕES PROMOVIDAS PELAS LEIS Nº 2.309, DE 09 DE MAIO DE 2017; Nº 3.067, DE 03 DE ABRIL DE 2024; E Nº 3.297, DE 13 DE NOVEMBRO DE 2025, BEM COMO PELA PORTARIA GAB/SEMED Nº 0340, DE 25 DE NOVEMBRO DE 2026. EMPENHO E LIQUIDAÇÃO REFERENTE AO MÊS DE MAIO/2026.";;;0;1545;0,00;0,00;Empenho;14.519,64;0,00;0,00;0,00
[21212-20260427];1;21212;20260427;2900;2900;2026;21212.1;06/07/2026;5870352000111;ESCOLA MUNICIPAL MARIA JÚLIA AMORIM SOARES RODRIGUES;6.222,70;6.222,70;"VREPASSE DESTINADO AO CUSTEIO DAS DESPESAS DE GESTÃO ESCOLAR, EM CONFORMIDADE COM A LEI Nº 1.256, DE 22 DE DEZEMBRO DE 2003, E SUAS ALTERAÇÕES PROMOVIDAS PELAS LEIS Nº 2.309, DE 09 DE MAIO DE 2017; Nº 3.067, DE 03 DE ABRIL DE 2024; E Nº 3.297, DE 13 DE NOVEMBRO DE 2025, BEM COMO PELA PORTARIA GAB/SEMED Nº 0340, DE 25 DE NOVEMBRO DE 2026. EMPENHO E LIQUIDAÇÃO REFERENTE AO MÊS DE MAIO/2026.";;;0;1545;0,00;0,00;Liquidação;6.222,70;0,00;;6.222,70
[21212-20260427];0;21212;20260427;2900;2900;2026;21212;06/07/2026;5870352000111;ESCOLA MUNICIPAL MARIA JÚLIA AMORIM SOARES RODRIGUES;6.222,70;0,00;"VREPASSE DESTINADO AO CUSTEIO DAS DESPESAS DE GESTÃO ESCOLAR, EM CONFORMIDADE COM A LEI Nº 1.256, DE 22 DE DEZEMBRO DE 2003, E SUAS ALTERAÇÕES PROMOVIDAS PELAS LEIS Nº 2.309, DE 09 DE MAIO DE 2017; Nº 3.067, DE 03 DE ABRIL DE 2024; E Nº 3.297, DE 13 DE NOVEMBRO DE 2025, BEM COMO PELA PORTARIA GAB/SEMED Nº 0340, DE 25 DE NOVEMBRO DE 2026. EMPENHO E LIQUIDAÇÃO REFERENTE AO MÊS DE MAIO/2026.";;;0;1545;0,00;0,00;Empenho;6.222,70;0,00;0,00;0,00
[21211-20260428];1;21211;20260428;2900;2900;2026;21211.1;06/07/2026;1424347000124;ACE - ETI MARCOS FREIRE;7.113,30;7.113,30;"VALOR LIQUIDADO REFERENTE A: VALOR EMPENHADO REFERENTE A: VALOR EMPENHADO REFERENTE A: REPASSE DESTINADO AO CUSTEIO DAS DESPESAS DE GESTÃO ESCOLAR, EM CONFORMIDADE COM A LEI Nº 1.256, DE 22 DE DEZEMBRO DE 2003, E SUAS ALTERAÇÕES PROMOVIDAS PELAS LEIS Nº 2.309, DE 09 DE MAIO DE 2017; Nº 3.067, DE 03 DE ABRIL DE 2024; E Nº 3.297, DE 13 DE NOVEMBRO DE 2025, BEM COMO PELA PORTARIA GAB/SEMED Nº 0340, DE 25 DE NOVEMBRO DE 2026. EMPENHO E LIQUIDAÇÃO REFERENTE AO MÊS DE MAIO/2026.";;;0;1545;0,00;0,00;Liquidação;7.113,30;0,00;;7.113,30
[21211-20260428];0;21211;20260428;2900;2900;2026;21211;06/07/2026;1424347000124;ACE - ETI MARCOS FREIRE;7.113,30;0,00;"VALOR EMPENHADO REFERENTE A: VALOR EMPENHADO REFERENTE A: VALOR EMPENHADO REFERENTE A: REPASSE DESTINADO AO CUSTEIO DAS DESPESAS DE GESTÃO ESCOLAR, EM CONFORMIDADE COM A LEI Nº 1.256, DE 22 DE DEZEMBRO DE 2003, E SUAS ALTERAÇÕES PROMOVIDAS PELAS LEIS Nº 2.309, DE 09 DE MAIO DE 2017; Nº 3.067, DE 03 DE ABRIL DE 2024; E Nº 3.297, DE 13 DE NOVEMBRO DE 2025, BEM COMO PELA PORTARIA GAB/SEMED Nº 0340, DE 25 DE NOVEMBRO DE 2026. EMPENHO E LIQUIDAÇÃO REFERENTE AO MÊS DE MAIO/2026.";;;0;1545;0,00;0,00;Empenho;7.113,30;0,00;0,00;0,00
[21210-20260427];1;21210;20260427;2900;2900;2026;21210.1;06/07/2026;1424347000124;ACE - ETI MARCOS FREIRE;3.048,56;3.048,56;"VALOR LIQUIDADO REFERENTE A: VALOR EMPENHADO REFERENTE A: REPASSE DESTINADO AO CUSTEIO DAS DESPESAS DE GESTÃO ESCOLAR, EM CONFORMIDADE COM A LEI Nº 1.256, DE 22 DE DEZEMBRO DE 2003, E SUAS ALTERAÇÕES PROMOVIDAS PELAS LEIS Nº 2.309, DE 09 DE MAIO DE 2017; Nº 3.067, DE 03 DE ABRIL DE 2024; E Nº 3.297, DE 13 DE NOVEMBRO DE 2025, BEM COMO PELA PORTARIA GAB/SEMED Nº 0340, DE 25 DE NOVEMBRO DE 2026. EMPENHO E LIQUIDAÇÃO REFERENTE AO MÊS DE MAIO/2026.";;;0;1545;0,00;0,00;Liquidação;3.048,56;0,00;;3.048,56
[21210-20260427];0;21210;20260427;2900;2900;2026;21210;06/07/2026;1424347000124;ACE - ETI MARCOS FREIRE;3.048,56;0,00;"VALOR EMPENHADO REFERENTE A: VALOR EMPENHADO REFERENTE A: REPASSE DESTINADO AO CUSTEIO DAS DESPESAS DE GESTÃO ESCOLAR, EM CONFORMIDADE COM A LEI Nº 1.256, DE 22 DE DEZEMBRO DE 2003, E SUAS ALTERAÇÕES PROMOVIDAS PELAS LEIS Nº 2.309, DE 09 DE MAIO DE 2017; Nº 3.067, DE 03 DE ABRIL DE 2024; E Nº 3.297, DE 13 DE NOVEMBRO DE 2025, BEM COMO PELA PORTARIA GAB/SEMED Nº 0340, DE 25 DE NOVEMBRO DE 2026. EMPENHO E LIQUIDAÇÃO REFERENTE AO MÊS DE MAIO/2026.";;;0;1545;0,00;0,00;Empenho;3.048,56;0,00;0,00;0,00
[21209-20260481];1;21209;20260481;2900;2900;2026;21209.1;06/07/2026;1424347000124;ACE - ETI MARCOS FREIRE;1.011,20;1.011,20;"VALOR LIQUIDADO REFERENTE A: REPASSE DESTINADO AO CUSTEIO DAS DESPESAS DE GESTÃO ESCOLAR, EM CONFORMIDADE COM A LEI Nº 1.256, DE 22 DE DEZEMBRO DE 2003, E SUAS ALTERAÇÕES PROMOVIDAS PELAS LEIS Nº 2.309, DE 09 DE MAIO DE 2017; Nº 3.067, DE 03 DE ABRIL DE 2024; E Nº 3.297, DE 13 DE NOVEMBRO DE 2025, BEM COMO PELA PORTARIA GAB/SEMED Nº 0340, DE 25 DE NOVEMBRO DE 2026. EMPENHO E LIQUIDAÇÃO REFERENTE AO MÊS DE MAIO/2026.";;;0;1545;0,00;0,00;Liquidação;1.011,20;0,00;;1.011,20
[21209-20260481];0;21209;20260481;2900;2900;2026;21209;06/07/2026;1424347000124;ACE - ETI MARCOS FREIRE;1.011,20;0,00;"VALOR EMPENHADO REFERENTE A: REPASSE DESTINADO AO CUSTEIO DAS DESPESAS DE GESTÃO ESCOLAR, EM CONFORMIDADE COM A LEI Nº 1.256, DE 22 DE DEZEMBRO DE 2003, E SUAS ALTERAÇÕES PROMOVIDAS PELAS LEIS Nº 2.309, DE 09 DE MAIO DE 2017; Nº 3.067, DE 03 DE ABRIL DE 2024; E Nº 3.297, DE 13 DE NOVEMBRO DE 2025, BEM COMO PELA PORTARIA GAB/SEMED Nº 0340, DE 25 DE NOVEMBRO DE 2026. EMPENHO E LIQUIDAÇÃO REFERENTE AO MÊS DE MAIO/2026.";;;0;1545;0,00;0,00;Empenho;1.011,20;0,00;0,00;0,00
[21208-20260480];1;21208;20260480;2900;2900;2026;21208.1;06/07/2026;1424347000124;ACE - ETI MARCOS FREIRE;433,37;433,37;"REPASSE DESTINADO AO CUSTEIO DAS DESPESAS DE GESTÃO ESCOLAR, EM CONFORMIDADE COM A LEI Nº 1.256, DE 22 DE DEZEMBRO DE 2003, E SUAS ALTERAÇÕES PROMOVIDAS PELAS LEIS Nº 2.309, DE 09 DE MAIO DE 2017; Nº 3.067, DE 03 DE ABRIL DE 2024; E Nº 3.297, DE 13 DE NOVEMBRO DE 2025, BEM COMO PELA PORTARIA GAB/SEMED Nº 0340, DE 25 DE NOVEMBRO DE 2026. EMPENHO E LIQUIDAÇÃO REFERENTE AO MÊS DE MAIO/2026.";;;0;1545;0,00;0,00;Liquidação;433,37;0,00;;433,37
[21208-20260480];0;21208;20260480;2900;2900;2026;21208;06/07/2026;1424347000124;ACE - ETI MARCOS FREIRE;433,37;0,00;"REPASSE DESTINADO AO CUSTEIO DAS DESPESAS DE GESTÃO ESCOLAR, EM CONFORMIDADE COM A LEI Nº 1.256, DE 22 DE DEZEMBRO DE 2003, E SUAS ALTERAÇÕES PROMOVIDAS PELAS LEIS Nº 2.309, DE 09 DE MAIO DE 2017; Nº 3.067, DE 03 DE ABRIL DE 2024; E Nº 3.297, DE 13 DE NOVEMBRO DE 2025, BEM COMO PELA PORTARIA GAB/SEMED Nº 0340, DE 25 DE NOVEMBRO DE 2026. EMPENHO E LIQUIDAÇÃO REFERENTE AO MÊS DE MAIO/2026.";;;0;1545;0,00;0,00;Empenho;433,37;0,00;0,00;0,00
[21207-20260428];1;21207;20260428;2900;2900;2026;21207.1;06/07/2026;1923535000105;ESCOLA MUNICIPAL LUIZ RODRIGUES;16.249,00;16.249,00;"VALOR LIQUIDADO REFERENTE A: REPASSE DESTINADO AO CUSTEIO DAS DESPESAS DE GESTÃO ESCOLAR, EM CONFORMIDADE COM A LEI Nº 1.256, DE 22 DE DEZEMBRO DE 2003, E SUAS ALTERAÇÕES PROMOVIDAS PELAS LEIS Nº 2.309, DE 09 DE MAIO DE 2017; Nº 3.067, DE 03 DE ABRIL DE 2024; E Nº 3.297, DE 13 DE NOVEMBRO DE 2025, BEM COMO PELA PORTARIA GAB/SEMED Nº 0340, DE 25 DE NOVEMBRO DE 2026. EMPENHO E LIQUIDAÇÃO REFERENTE AO MÊS DE MAIO/2026.";;;0;1545;0,00;0,00;Liquidação;16.249,00;0,00;;16.249,00
[21207-20260428];0;21207;20260428;2900;2900;2026;21207;06/07/2026;1923535000105;ESCOLA MUNICIPAL LUIZ RODRIGUES;16.249,00;0,00;"VALOR EMPENHADO REFERENTE A: REPASSE DESTINADO AO CUSTEIO DAS DESPESAS DE GESTÃO ESCOLAR, EM CONFORMIDADE COM A LEI Nº 1.256, DE 22 DE DEZEMBRO DE 2003, E SUAS ALTERAÇÕES PROMOVIDAS PELAS LEIS Nº 2.309, DE 09 DE MAIO DE 2017; Nº 3.067, DE 03 DE ABRIL DE 2024; E Nº 3.297, DE 13 DE NOVEMBRO DE 2025, BEM COMO PELA PORTARIA GAB/SEMED Nº 0340, DE 25 DE NOVEMBRO DE 2026. EMPENHO E LIQUIDAÇÃO REFERENTE AO MÊS DE MAIO/2026.";;;0;1545;0,00;0,00;Empenho;16.249,00;0,00;0,00;0,00
[21206-20260427];1;21206;20260427;2900;2900;2026;21206.1;06/07/2026;1923535000105;ESCOLA MUNICIPAL LUIZ RODRIGUES;6.963,86;6.963,86;"REPASSE DESTINADO AO CUSTEIO DAS DESPESAS DE GESTÃO ESCOLAR, EM CONFORMIDADE COM A LEI Nº 1.256, DE 22 DE DEZEMBRO DE 2003, E SUAS ALTERAÇÕES PROMOVIDAS PELAS LEIS Nº 2.309, DE 09 DE MAIO DE 2017; Nº 3.067, DE 03 DE ABRIL DE 2024; E Nº 3.297, DE 13 DE NOVEMBRO DE 2025, BEM COMO PELA PORTARIA GAB/SEMED Nº 0340, DE 25 DE NOVEMBRO DE 2026. EMPENHO E LIQUIDAÇÃO REFERENTE AO MÊS DE MAIO/2026.";;;0;1545;0,00;0,00;Liquidação;6.963,86;0,00;;6.963,86
[21206-20260427];0;21206;20260427;2900;2900;2026;21206;06/07/2026;1923535000105;ESCOLA MUNICIPAL LUIZ RODRIGUES;6.963,86;0,00;"REPASSE DESTINADO AO CUSTEIO DAS DESPESAS DE GESTÃO ESCOLAR, EM CONFORMIDADE COM A LEI Nº 1.256, DE 22 DE DEZEMBRO DE 2003, E SUAS ALTERAÇÕES PROMOVIDAS PELAS LEIS Nº 2.309, DE 09 DE MAIO DE 2017; Nº 3.067, DE 03 DE ABRIL DE 2024; E Nº 3.297, DE 13 DE NOVEMBRO DE 2025, BEM COMO PELA PORTARIA GAB/SEMED Nº 0340, DE 25 DE NOVEMBRO DE 2026. EMPENHO E LIQUIDAÇÃO REFERENTE AO MÊS DE MAIO/2026.";;;0;1545;0,00;0,00;Empenho;6.963,86;0,00;0,00;0,00
[21205-20260428];1;21205;20260428;2900;2900;2026;21205.1;06/07/2026;1926544000141;ACE - ETI LUIZ NUNES DE OLIVEIRA;5.579,06;5.579,06;"VALOR LIQUIDADO REFERENTE A: VALOR EMPENHADO REFERENTE A: VALOR EMPENHADO REFERENTE A: REPASSE DESTINADO AO CUSTEIO DAS DESPESAS DE GESTÃO ESCOLAR, EM CONFORMIDADE COM A LEI Nº 1.256, DE 22 DE DEZEMBRO DE 2003, E SUAS ALTERAÇÕES PROMOVIDAS PELAS LEIS Nº 2.309, DE 09 DE MAIO DE 2017; Nº 3.067, DE 03 DE ABRIL DE 2024; E Nº 3.297, DE 13 DE NOVEMBRO DE 2025, BEM COMO PELA PORTARIA GAB/SEMED Nº 0340, DE 25 DE NOVEMBRO DE 2026. EMPENHO E LIQUIDAÇÃO REFERENTE AO MÊS DE MAIO/2026.";;;0;1545;0,00;0,00;Liquidação;5.579,06;0,00;;5.579,06
[21205-20260428];0;21205;20260428;2900;2900;2026;21205;06/07/2026;1926544000141;ACE - ETI LUIZ NUNES DE OLIVEIRA;5.579,06;0,00;"VALOR EMPENHADO REFERENTE A: VALOR EMPENHADO REFERENTE A: VALOR EMPENHADO REFERENTE A: REPASSE DESTINADO AO CUSTEIO DAS DESPESAS DE GESTÃO ESCOLAR, EM CONFORMIDADE COM A LEI Nº 1.256, DE 22 DE DEZEMBRO DE 2003, E SUAS ALTERAÇÕES PROMOVIDAS PELAS LEIS Nº 2.309, DE 09 DE MAIO DE 2017; Nº 3.067, DE 03 DE ABRIL DE 2024; E Nº 3.297, DE 13 DE NOVEMBRO DE 2025, BEM COMO PELA PORTARIA GAB/SEMED Nº 0340, DE 25 DE NOVEMBRO DE 2026. EMPENHO E LIQUIDAÇÃO REFERENTE AO MÊS DE MAIO/2026.";;;0;1545;0,00;0,00;Empenho;5.579,06;0,00;0,00;0,00
[21204-20260427];1;21204;20260427;2900;2900;2026;21204.1;06/07/2026;1926544000141;ACE - ETI LUIZ NUNES DE OLIVEIRA;2.391,02;2.391,02;"VALOR LIQUIDADO REFERENTE A: VALOR EMPENHADO REFERENTE A: REPASSE DESTINADO AO CUSTEIO DAS DESPESAS DE GESTÃO ESCOLAR, EM CONFORMIDADE COM A LEI Nº 1.256, DE 22 DE DEZEMBRO DE 2003, E SUAS ALTERAÇÕES PROMOVIDAS PELAS LEIS Nº 2.309, DE 09 DE MAIO DE 2017; Nº 3.067, DE 03 DE ABRIL DE 2024; E Nº 3.297, DE 13 DE NOVEMBRO DE 2025, BEM COMO PELA PORTARIA GAB/SEMED Nº 0340, DE 25 DE NOVEMBRO DE 2026. EMPENHO E LIQUIDAÇÃO REFERENTE AO MÊS DE MAIO/2026.";;;0;1545;0,00;0,00;Liquidação;2.391,02;0,00;;2.391,02
[21204-20260427];0;21204;20260427;2900;2900;2026;21204;06/07/2026;1926544000141;ACE - ETI LUIZ NUNES DE OLIVEIRA;2.391,02;0,00;"VALOR EMPENHADO REFERENTE A: VALOR EMPENHADO REFERENTE A: REPASSE DESTINADO AO CUSTEIO DAS DESPESAS DE GESTÃO ESCOLAR, EM CONFORMIDADE COM A LEI Nº 1.256, DE 22 DE DEZEMBRO DE 2003, E SUAS ALTERAÇÕES PROMOVIDAS PELAS LEIS Nº 2.309, DE 09 DE MAIO DE 2017; Nº 3.067, DE 03 DE ABRIL DE 2024; E Nº 3.297, DE 13 DE NOVEMBRO DE 2025, BEM COMO PELA PORTARIA GAB/SEMED Nº 0340, DE 25 DE NOVEMBRO DE 2026. EMPENHO E LIQUIDAÇÃO REFERENTE AO MÊS DE MAIO/2026.";;;0;1545;0,00;0,00;Empenho;2.391,02;0,00;0,00;0,00
[21203-20260481];1;21203;20260481;2900;2900;2026;21203.1;06/07/2026;1926544000141;ACE - ETI LUIZ NUNES DE OLIVEIRA;1.429,63;1.429,63;"VALOR LIQUIDADO REFERENTE A: REPASSE DESTINADO AO CUSTEIO DAS DESPESAS DE GESTÃO ESCOLAR, EM CONFORMIDADE COM A LEI Nº 1.256, DE 22 DE DEZEMBRO DE 2003, E SUAS ALTERAÇÕES PROMOVIDAS PELAS LEIS Nº 2.309, DE 09 DE MAIO DE 2017; Nº 3.067, DE 03 DE ABRIL DE 2024; E Nº 3.297, DE 13 DE NOVEMBRO DE 2025, BEM COMO PELA PORTARIA GAB/SEMED Nº 0340, DE 25 DE NOVEMBRO DE 2026. EMPENHO E LIQUIDAÇÃO REFERENTE AO MÊS DE MAIO/2026.";;;0;1545;0,00;0,00;Liquidação;1.429,63;0,00;;1.429,63
[21203-20260481];0;21203;20260481;2900;2900;2026;21203;06/07/2026;1926544000141;ACE - ETI LUIZ NUNES DE OLIVEIRA;1.429,63;0,00;"VALOR EMPENHADO REFERENTE A: REPASSE DESTINADO AO CUSTEIO DAS DESPESAS DE GESTÃO ESCOLAR, EM CONFORMIDADE COM A LEI Nº 1.256, DE 22 DE DEZEMBRO DE 2003, E SUAS ALTERAÇÕES PROMOVIDAS PELAS LEIS Nº 2.309, DE 09 DE MAIO DE 2017; Nº 3.067, DE 03 DE ABRIL DE 2024; E Nº 3.297, DE 13 DE NOVEMBRO DE 2025, BEM COMO PELA PORTARIA GAB/SEMED Nº 0340, DE 25 DE NOVEMBRO DE 2026. EMPENHO E LIQUIDAÇÃO REFERENTE AO MÊS DE MAIO/2026.";;;0;1545;0,00;0,00;Empenho;1.429,63;0,00;0,00;0,00
[21202-20260480];1;21202;20260480;2900;2900;2026;21202.1;06/07/2026;1926544000141;ACE - ETI LUIZ NUNES DE OLIVEIRA;612,70;612,70;"REPASSE DESTINADO AO CUSTEIO DAS DESPESAS DE GESTÃO ESCOLAR, EM CONFORMIDADE COM A LEI Nº 1.256, DE 22 DE DEZEMBRO DE 2003, E SUAS ALTERAÇÕES PROMOVIDAS PELAS LEIS Nº 2.309, DE 09 DE MAIO DE 2017; Nº 3.067, DE 03 DE ABRIL DE 2024; E Nº 3.297, DE 13 DE NOVEMBRO DE 2025, BEM COMO PELA PORTARIA GAB/SEMED Nº 0340, DE 25 DE NOVEMBRO DE 2026. EMPENHO E LIQUIDAÇÃO REFERENTE AO MÊS DE MAIO/2026.";;;0;1545;0,00;0,00;Liquidação;612,70;0,00;;612,70
[21202-20260480];0;21202;20260480;2900;2900;2026;21202;06/07/2026;1926544000141;ACE - ETI LUIZ NUNES DE OLIVEIRA;612,70;0,00;"REPASSE DESTINADO AO CUSTEIO DAS DESPESAS DE GESTÃO ESCOLAR, EM CONFORMIDADE COM A LEI Nº 1.256, DE 22 DE DEZEMBRO DE 2003, E SUAS ALTERAÇÕES PROMOVIDAS PELAS LEIS Nº 2.309, DE 09 DE MAIO DE 2017; Nº 3.067, DE 03 DE ABRIL DE 2024; E Nº 3.297, DE 13 DE NOVEMBRO DE 2025, BEM COMO PELA PORTARIA GAB/SEMED Nº 0340, DE 25 DE NOVEMBRO DE 2026. EMPENHO E LIQUIDAÇÃO REFERENTE AO MÊS DE MAIO/2026.";;;0;1545;0,00;0,00;Empenho;612,70;0,00;0,00;0,00
[21201-20260428];1;21201;20260428;2900;2900;2026;21201.1;06/07/2026;17347225000111;ACE - ESCOLA MUNICIPAL LÚCIA SALES PEREIRA RAMOS;17.031,32;17.031,32;"VALOR LIQUIDADO REFERENTE A: REPASSE DESTINADO AO CUSTEIO DAS DESPESAS DE GESTÃO ESCOLAR, EM CONFORMIDADE COM A LEI Nº 1.256, DE 22 DE DEZEMBRO DE 2003, E SUAS ALTERAÇÕES PROMOVIDAS PELAS LEIS Nº 2.309, DE 09 DE MAIO DE 2017; Nº 3.067, DE 03 DE ABRIL DE 2024; E Nº 3.297, DE 13 DE NOVEMBRO DE 2025, BEM COMO PELA PORTARIA GAB/SEMED Nº 0340, DE 25 DE NOVEMBRO DE 2026. EMPENHO E LIQUIDAÇÃO REFERENTE AO MÊS DE MAIO/2026.";;;0;1545;0,00;0,00;Liquidação;17.031,32;0,00;;17.031,32
[21201-20260428];0;21201;20260428;2900;2900;2026;21201;06/07/2026;17347225000111;ACE - ESCOLA MUNICIPAL LÚCIA SALES PEREIRA RAMOS;17.031,32;0,00;"VALOR EMPENHADO REFERENTE A: REPASSE DESTINADO AO CUSTEIO DAS DESPESAS DE GESTÃO ESCOLAR, EM CONFORMIDADE COM A LEI Nº 1.256, DE 22 DE DEZEMBRO DE 2003, E SUAS ALTERAÇÕES PROMOVIDAS PELAS LEIS Nº 2.309, DE 09 DE MAIO DE 2017; Nº 3.067, DE 03 DE ABRIL DE 2024; E Nº 3.297, DE 13 DE NOVEMBRO DE 2025, BEM COMO PELA PORTARIA GAB/SEMED Nº 0340, DE 25 DE NOVEMBRO DE 2026. EMPENHO E LIQUIDAÇÃO REFERENTE AO MÊS DE MAIO/2026.";;;0;1545;0,00;0,00;Empenho;17.031,32;0,00;0,00;0,00
[21200-20260427];1;21200;20260427;2900;2900;2026;21200.1;06/07/2026;17347225000111;ACE - ESCOLA MUNICIPAL LÚCIA SALES PEREIRA RAMOS;7.299,14;7.299,14;"REPASSE DESTINADO AO CUSTEIO DAS DESPESAS DE GESTÃO ESCOLAR, EM CONFORMIDADE COM A LEI Nº 1.256, DE 22 DE DEZEMBRO DE 2003, E SUAS ALTERAÇÕES PROMOVIDAS PELAS LEIS Nº 2.309, DE 09 DE MAIO DE 2017; Nº 3.067, DE 03 DE ABRIL DE 2024; E Nº 3.297, DE 13 DE NOVEMBRO DE 2025, BEM COMO PELA PORTARIA GAB/SEMED Nº 0340, DE 25 DE NOVEMBRO DE 2026. EMPENHO E LIQUIDAÇÃO REFERENTE AO MÊS DE MAIO/2026.";;;0;1545;0,00;0,00;Liquidação;7.299,14;0,00;;7.299,14
[21200-20260427];0;21200;20260427;2900;2900;2026;21200;06/07/2026;17347225000111;ACE - ESCOLA MUNICIPAL LÚCIA SALES PEREIRA RAMOS;7.299,14;0,00;"REPASSE DESTINADO AO CUSTEIO DAS DESPESAS DE GESTÃO ESCOLAR, EM CONFORMIDADE COM A LEI Nº 1.256, DE 22 DE DEZEMBRO DE 2003, E SUAS ALTERAÇÕES PROMOVIDAS PELAS LEIS Nº 2.309, DE 09 DE MAIO DE 2017; Nº 3.067, DE 03 DE ABRIL DE 2024; E Nº 3.297, DE 13 DE NOVEMBRO DE 2025, BEM COMO PELA PORTARIA GAB/SEMED Nº 0340, DE 25 DE NOVEMBRO DE 2026. EMPENHO E LIQUIDAÇÃO REFERENTE AO MÊS DE MAIO/2026.";;;0;1545;0,00;0,00;Empenho;7.299,14;0,00;0,00;0,00
[21199-20260428];1;21199;20260428;2900;2900;2026;21199.1;06/07/2026;22130327000110;ACE - ETI PROFESSORA MARGARIDA LEMOS GONÇALVES (CEMIL);34.659,89;34.659,89;"VALOR LIQUIDADO REFERENTE A: REPASSE DESTINADO AO CUSTEIO DAS DESPESAS DE GESTÃO ESCOLAR, EM CONFORMIDADE COM A LEI Nº 1.256, DE 22 DE DEZEMBRO DE 2003, E SUAS ALTERAÇÕES PROMOVIDAS PELAS LEIS Nº 2.309, DE 09 DE MAIO DE 2017; Nº 3.067, DE 03 DE ABRIL DE 2024; E Nº 3.297, DE 13 DE NOVEMBRO DE 2025, BEM COMO PELA PORTARIA GAB/SEMED Nº 0340, DE 25 DE NOVEMBRO DE 2026. EMPENHO E LIQUIDAÇÃO REFERENTE AO MÊS DE MAIO/2026.";;;0;1545;0,00;0,00;Liquidação;34.659,89;0,00;;34.659,89
[21199-20260428];0;21199;20260428;2900;2900;2026;21199;06/07/2026;22130327000110;ACE - ETI PROFESSORA MARGARIDA LEMOS GONÇALVES (CEMIL);34.659,89;0,00;"VALOR EMPENHADO REFERENTE A: REPASSE DESTINADO AO CUSTEIO DAS DESPESAS DE GESTÃO ESCOLAR, EM CONFORMIDADE COM A LEI Nº 1.256, DE 22 DE DEZEMBRO DE 2003, E SUAS ALTERAÇÕES PROMOVIDAS PELAS LEIS Nº 2.309, DE 09 DE MAIO DE 2017; Nº 3.067, DE 03 DE ABRIL DE 2024; E Nº 3.297, DE 13 DE NOVEMBRO DE 2025, BEM COMO PELA PORTARIA GAB/SEMED Nº 0340, DE 25 DE NOVEMBRO DE 2026. EMPENHO E LIQUIDAÇÃO REFERENTE AO MÊS DE MAIO/2026.";;;0;1545;0,00;0,00;Empenho;34.659,89;0,00;0,00;0,00
[21198-20260427];1;21198;20260427;2900;2900;2026;21198.1;06/07/2026;22130327000110;ACE - ETI PROFESSORA MARGARIDA LEMOS GONÇALVES (CEMIL);14.854,24;14.854,24;"REPASSE DESTINADO AO CUSTEIO DAS DESPESAS DE GESTÃO ESCOLAR, EM CONFORMIDADE COM A LEI Nº 1.256, DE 22 DE DEZEMBRO DE 2003, E SUAS ALTERAÇÕES PROMOVIDAS PELAS LEIS Nº 2.309, DE 09 DE MAIO DE 2017; Nº 3.067, DE 03 DE ABRIL DE 2024; E Nº 3.297, DE 13 DE NOVEMBRO DE 2025, BEM COMO PELA PORTARIA GAB/SEMED Nº 0340, DE 25 DE NOVEMBRO DE 2026. EMPENHO E LIQUIDAÇÃO REFERENTE AO MÊS DE MAIO/2026.";;;0;1545;0,00;0,00;Liquidação;14.854,24;0,00;;14.854,24
[21198-20260427];0;21198;20260427;2900;2900;2026;21198;06/07/2026;22130327000110;ACE - ETI PROFESSORA MARGARIDA LEMOS GONÇALVES (CEMIL);14.854,24;0,00;"REPASSE DESTINADO AO CUSTEIO DAS DESPESAS DE GESTÃO ESCOLAR, EM CONFORMIDADE COM A LEI Nº 1.256, DE 22 DE DEZEMBRO DE 2003, E SUAS ALTERAÇÕES PROMOVIDAS PELAS LEIS Nº 2.309, DE 09 DE MAIO DE 2017; Nº 3.067, DE 03 DE ABRIL DE 2024; E Nº 3.297, DE 13 DE NOVEMBRO DE 2025, BEM COMO PELA PORTARIA GAB/SEMED Nº 0340, DE 25 DE NOVEMBRO DE 2026. EMPENHO E LIQUIDAÇÃO REFERENTE AO MÊS DE MAIO/2026.";;;0;1545;0,00;0,00;Empenho;14.854,24;0,00;0,00;0,00
[21197-20260427];1;21197;20260427;2900;2900;2026;21197.1;06/07/2026;2527003000103;JORGE AMADO;1.109,62;1.109,62;"VALOR LIQUIDADO REFERENTE A: VALOR EMPENHADO REFERENTE A: VALOR EMPENHADO REFERENTE A: REPASSE DESTINADO AO CUSTEIO DAS DESPESAS DE GESTÃO ESCOLAR, EM CONFORMIDADE COM A LEI Nº 1.256, DE 22 DE DEZEMBRO DE 2003, E SUAS ALTERAÇÕES PROMOVIDAS PELAS LEIS Nº 2.309, DE 09 DE MAIO DE 2017; Nº 3.067, DE 03 DE ABRIL DE 2024; E Nº 3.297, DE 13 DE NOVEMBRO DE 2025, BEM COMO PELA PORTARIA GAB/SEMED Nº 0340, DE 25 DE NOVEMBRO DE 2026. EMPENHO E LIQUIDAÇÃO REFERENTE AO MÊS DE MAIO/2026.";;;0;1545;0,00;0,00;Liquidação;1.109,62;0,00;;1.109,62
[21197-20260427];0;21197;20260427;2900;2900;2026;21197;06/07/2026;2527003000103;JORGE AMADO;1.109,62;0,00;"VALOR EMPENHADO REFERENTE A: VALOR EMPENHADO REFERENTE A: VALOR EMPENHADO REFERENTE A: REPASSE DESTINADO AO CUSTEIO DAS DESPESAS DE GESTÃO ESCOLAR, EM CONFORMIDADE COM A LEI Nº 1.256, DE 22 DE DEZEMBRO DE 2003, E SUAS ALTERAÇÕES PROMOVIDAS PELAS LEIS Nº 2.309, DE 09 DE MAIO DE 2017; Nº 3.067, DE 03 DE ABRIL DE 2024; E Nº 3.297, DE 13 DE NOVEMBRO DE 2025, BEM COMO PELA PORTARIA GAB/SEMED Nº 0340, DE 25 DE NOVEMBRO DE 2026. EMPENHO E LIQUIDAÇÃO REFERENTE AO MÊS DE MAIO/2026.";;;0;1545;0,00;0,00;Empenho;1.109,62;0,00;0,00;0,00
[21196-20260428];1;21196;20260428;2900;2900;2026;21196.1;06/07/2026;2527003000103;JORGE AMADO;2.589,11;2.589,11;"VALOR LIQUIDADO REFERENTE A: VALOR EMPENHADO REFERENTE A: REPASSE DESTINADO AO CUSTEIO DAS DESPESAS DE GESTÃO ESCOLAR, EM CONFORMIDADE COM A LEI Nº 1.256, DE 22 DE DEZEMBRO DE 2003, E SUAS ALTERAÇÕES PROMOVIDAS PELAS LEIS Nº 2.309, DE 09 DE MAIO DE 2017; Nº 3.067, DE 03 DE ABRIL DE 2024; E Nº 3.297, DE 13 DE NOVEMBRO DE 2025, BEM COMO PELA PORTARIA GAB/SEMED Nº 0340, DE 25 DE NOVEMBRO DE 2026. EMPENHO E LIQUIDAÇÃO REFERENTE AO MÊS DE MAIO/2026.";;;0;1545;0,00;0,00;Liquidação;2.589,11;0,00;;2.589,11
[21196-20260428];0;21196;20260428;2900;2900;2026;21196;06/07/2026;2527003000103;JORGE AMADO;2.589,11;0,00;"VALOR EMPENHADO REFERENTE A: VALOR EMPENHADO REFERENTE A: REPASSE DESTINADO AO CUSTEIO DAS DESPESAS DE GESTÃO ESCOLAR, EM CONFORMIDADE COM A LEI Nº 1.256, DE 22 DE DEZEMBRO DE 2003, E SUAS ALTERAÇÕES PROMOVIDAS PELAS LEIS Nº 2.309, DE 09 DE MAIO DE 2017; Nº 3.067, DE 03 DE ABRIL DE 2024; E Nº 3.297, DE 13 DE NOVEMBRO DE 2025, BEM COMO PELA PORTARIA GAB/SEMED Nº 0340, DE 25 DE NOVEMBRO DE 2026. EMPENHO E LIQUIDAÇÃO REFERENTE AO MÊS DE MAIO/2026.";;;0;1545;0,00;0,00;Empenho;2.589,11;0,00;0,00;0,00
[21195-20260427];1;21195;20260427;2900;2900;2026;21195.1;06/07/2026;2527003000103;JORGE AMADO;5.622,31;5.622,31;"VALOR LIQUIDADO REFERENTE A: REPASSE DESTINADO AO CUSTEIO DAS DESPESAS DE GESTÃO ESCOLAR, EM CONFORMIDADE COM A LEI Nº 1.256, DE 22 DE DEZEMBRO DE 2003, E SUAS ALTERAÇÕES PROMOVIDAS PELAS LEIS Nº 2.309, DE 09 DE MAIO DE 2017; Nº 3.067, DE 03 DE ABRIL DE 2024; E Nº 3.297, DE 13 DE NOVEMBRO DE 2025, BEM COMO PELA PORTARIA GAB/SEMED Nº 0340, DE 25 DE NOVEMBRO DE 2026. EMPENHO E LIQUIDAÇÃO REFERENTE AO MÊS DE MAIO/2026.";;;0;1545;0,00;0,00;Liquidação;5.622,31;0,00;;5.622,31
[21195-20260427];0;21195;20260427;2900;2900;2026;21195;06/07/2026;2527003000103;JORGE AMADO;5.622,31;0,00;"VALOR EMPENHADO REFERENTE A: REPASSE DESTINADO AO CUSTEIO DAS DESPESAS DE GESTÃO ESCOLAR, EM CONFORMIDADE COM A LEI Nº 1.256, DE 22 DE DEZEMBRO DE 2003, E SUAS ALTERAÇÕES PROMOVIDAS PELAS LEIS Nº 2.309, DE 09 DE MAIO DE 2017; Nº 3.067, DE 03 DE ABRIL DE 2024; E Nº 3.297, DE 13 DE NOVEMBRO DE 2025, BEM COMO PELA PORTARIA GAB/SEMED Nº 0340, DE 25 DE NOVEMBRO DE 2026. EMPENHO E LIQUIDAÇÃO REFERENTE AO MÊS DE MAIO/2026.";;;0;1545;0,00;0,00;Empenho;5.622,31;0,00;0,00;0,00
[21194-20260428];1;21194;20260428;2900;2900;2026;21194.1;06/07/2026;2527003000103;JORGE AMADO;13.118,72;13.118,72;"REPASSE DESTINADO AO CUSTEIO DAS DESPESAS DE GESTÃO ESCOLAR, EM CONFORMIDADE COM A LEI Nº 1.256, DE 22 DE DEZEMBRO DE 2003, E SUAS ALTERAÇÕES PROMOVIDAS PELAS LEIS Nº 2.309, DE 09 DE MAIO DE 2017; Nº 3.067, DE 03 DE ABRIL DE 2024; E Nº 3.297, DE 13 DE NOVEMBRO DE 2025, BEM COMO PELA PORTARIA GAB/SEMED Nº 0340, DE 25 DE NOVEMBRO DE 2026. EMPENHO E LIQUIDAÇÃO REFERENTE AO MÊS DE MAIO/2026.";;;0;1545;0,00;0,00;Liquidação;13.118,72;0,00;;13.118,72
[21194-20260428];0;21194;20260428;2900;2900;2026;21194;06/07/2026;2527003000103;JORGE AMADO;13.118,72;0,00;"REPASSE DESTINADO AO CUSTEIO DAS DESPESAS DE GESTÃO ESCOLAR, EM CONFORMIDADE COM A LEI Nº 1.256, DE 22 DE DEZEMBRO DE 2003, E SUAS ALTERAÇÕES PROMOVIDAS PELAS LEIS Nº 2.309, DE 09 DE MAIO DE 2017; Nº 3.067, DE 03 DE ABRIL DE 2024; E Nº 3.297, DE 13 DE NOVEMBRO DE 2025, BEM COMO PELA PORTARIA GAB/SEMED Nº 0340, DE 25 DE NOVEMBRO DE 2026. EMPENHO E LIQUIDAÇÃO REFERENTE AO MÊS DE MAIO/2026.";;;0;1545;0,00;0,00;Empenho;13.118,72;0,00;0,00;0,00
[21193-20260428];1;21193;20260428;2900;2900;2026;21193.1;06/07/2026;1944118000130;ACE - ETI JOÃO BELTRÃO ED. INFANTIL;4.079,68;4.079,68;"VALOR LIQUIDADO REFERENTE A: VALOR EMPENHADO REFERENTE A: VALOR EMPENHADO REFERENTE A: REPASSE DESTINADO AO CUSTEIO DAS DESPESAS DE GESTÃO ESCOLAR, EM CONFORMIDADE COM A LEI Nº 1.256, DE 22 DE DEZEMBRO DE 2003, E SUAS ALTERAÇÕES PROMOVIDAS PELAS LEIS Nº 2.309, DE 09 DE MAIO DE 2017; Nº 3.067, DE 03 DE ABRIL DE 2024; E Nº 3.297, DE 13 DE NOVEMBRO DE 2025, BEM COMO PELA PORTARIA GAB/SEMED Nº 0340, DE 25 DE NOVEMBRO DE 2026. EMPENHO E LIQUIDAÇÃO REFERENTE AO MÊS DE MAIO/2026.";;;0;1545;0,00;0,00;Liquidação;4.079,68;0,00;;4.079,68
[21193-20260428];0;21193;20260428;2900;2900;2026;21193;06/07/2026;1944118000130;ACE - ETI JOÃO BELTRÃO ED. INFANTIL;4.079,68;0,00;"VALOR EMPENHADO REFERENTE A: VALOR EMPENHADO REFERENTE A: VALOR EMPENHADO REFERENTE A: REPASSE DESTINADO AO CUSTEIO DAS DESPESAS DE GESTÃO ESCOLAR, EM CONFORMIDADE COM A LEI Nº 1.256, DE 22 DE DEZEMBRO DE 2003, E SUAS ALTERAÇÕES PROMOVIDAS PELAS LEIS Nº 2.309, DE 09 DE MAIO DE 2017; Nº 3.067, DE 03 DE ABRIL DE 2024; E Nº 3.297, DE 13 DE NOVEMBRO DE 2025, BEM COMO PELA PORTARIA GAB/SEMED Nº 0340, DE 25 DE NOVEMBRO DE 2026. EMPENHO E LIQUIDAÇÃO REFERENTE AO MÊS DE MAIO/2026.";;;0;1545;0,00;0,00;Empenho;4.079,68;0,00;0,00;0,00
[21192-20260427];1;21192;20260427;2900;2900;2026;21192.1;06/07/2026;1944118000130;ACE - ETI JOÃO BELTRÃO ED. INFANTIL;1.748,44;1.748,44;"VALOR LIQUIDADO REFERENTE A: VALOR EMPENHADO REFERENTE A: REPASSE DESTINADO AO CUSTEIO DAS DESPESAS DE GESTÃO ESCOLAR, EM CONFORMIDADE COM A LEI Nº 1.256, DE 22 DE DEZEMBRO DE 2003, E SUAS ALTERAÇÕES PROMOVIDAS PELAS LEIS Nº 2.309, DE 09 DE MAIO DE 2017; Nº 3.067, DE 03 DE ABRIL DE 2024; E Nº 3.297, DE 13 DE NOVEMBRO DE 2025, BEM COMO PELA PORTARIA GAB/SEMED Nº 0340, DE 25 DE NOVEMBRO DE 2026. EMPENHO E LIQUIDAÇÃO REFERENTE AO MÊS DE MAIO/2026.";;;0;1545;0,00;0,00;Liquidação;1.748,44;0,00;;1.748,44
[21192-20260427];0;21192;20260427;2900;2900;2026;21192;06/07/2026;1944118000130;ACE - ETI JOÃO BELTRÃO ED. INFANTIL;1.748,44;0,00;"VALOR EMPENHADO REFERENTE A: VALOR EMPENHADO REFERENTE A: REPASSE DESTINADO AO CUSTEIO DAS DESPESAS DE GESTÃO ESCOLAR, EM CONFORMIDADE COM A LEI Nº 1.256, DE 22 DE DEZEMBRO DE 2003, E SUAS ALTERAÇÕES PROMOVIDAS PELAS LEIS Nº 2.309, DE 09 DE MAIO DE 2017; Nº 3.067, DE 03 DE ABRIL DE 2024; E Nº 3.297, DE 13 DE NOVEMBRO DE 2025, BEM COMO PELA PORTARIA GAB/SEMED Nº 0340, DE 25 DE NOVEMBRO DE 2026. EMPENHO E LIQUIDAÇÃO REFERENTE AO MÊS DE MAIO/2026.";;;0;1545;0,00;0,00;Empenho;1.748,44;0,00;0,00;0,00
[21191-20260481];1;21191;20260481;2900;2900;2026;21191.1;06/07/2026;1944118000130;ACE - ETI JOÃO BELTRÃO ED. INFANTIL;2.545,44;2.545,44;"VALOR LIQUIDADO REFERENTE A: REPASSE DESTINADO AO CUSTEIO DAS DESPESAS DE GESTÃO ESCOLAR, EM CONFORMIDADE COM A LEI Nº 1.256, DE 22 DE DEZEMBRO DE 2003, E SUAS ALTERAÇÕES PROMOVIDAS PELAS LEIS Nº 2.309, DE 09 DE MAIO DE 2017; Nº 3.067, DE 03 DE ABRIL DE 2024; E Nº 3.297, DE 13 DE NOVEMBRO DE 2025, BEM COMO PELA PORTARIA GAB/SEMED Nº 0340, DE 25 DE NOVEMBRO DE 2026. EMPENHO E LIQUIDAÇÃO REFERENTE AO MÊS DE MAIO/2026.";;;0;1545;0,00;0,00;Liquidação;2.545,44;0,00;;2.545,44
[21191-20260481];0;21191;20260481;2900;2900;2026;21191;06/07/2026;1944118000130;ACE - ETI JOÃO BELTRÃO ED. INFANTIL;2.545,44;0,00;"VALOR EMPENHADO REFERENTE A: REPASSE DESTINADO AO CUSTEIO DAS DESPESAS DE GESTÃO ESCOLAR, EM CONFORMIDADE COM A LEI Nº 1.256, DE 22 DE DEZEMBRO DE 2003, E SUAS ALTERAÇÕES PROMOVIDAS PELAS LEIS Nº 2.309, DE 09 DE MAIO DE 2017; Nº 3.067, DE 03 DE ABRIL DE 2024; E Nº 3.297, DE 13 DE NOVEMBRO DE 2025, BEM COMO PELA PORTARIA GAB/SEMED Nº 0340, DE 25 DE NOVEMBRO DE 2026. EMPENHO E LIQUIDAÇÃO REFERENTE AO MÊS DE MAIO/2026.";;;0;1545;0,00;0,00;Empenho;2.545,44;0,00;0,00;0,00
[21190-20260480];1;21190;20260480;2900;2900;2026;21190.1;06/07/2026;1944118000130;ACE - ETI JOÃO BELTRÃO ED. INFANTIL;1.090,90;1.090,90;"REPASSE DESTINADO AO CUSTEIO DAS DESPESAS DE GESTÃO ESCOLAR, EM CONFORMIDADE COM A LEI Nº 1.256, DE 22 DE DEZEMBRO DE 2003, E SUAS ALTERAÇÕES PROMOVIDAS PELAS LEIS Nº 2.309, DE 09 DE MAIO DE 2017; Nº 3.067, DE 03 DE ABRIL DE 2024; E Nº 3.297, DE 13 DE NOVEMBRO DE 2025, BEM COMO PELA PORTARIA GAB/SEMED Nº 0340, DE 25 DE NOVEMBRO DE 2026. EMPENHO E LIQUIDAÇÃO REFERENTE AO MÊS DE MAIO/2026.";;;0;1545;0,00;0,00;Liquidação;1.090,90;0,00;;1.090,90
[21190-20260480];0;21190;20260480;2900;2900;2026;21190;06/07/2026;1944118000130;ACE - ETI JOÃO BELTRÃO ED. INFANTIL;1.090,90;0,00;"REPASSE DESTINADO AO CUSTEIO DAS DESPESAS DE GESTÃO ESCOLAR, EM CONFORMIDADE COM A LEI Nº 1.256, DE 22 DE DEZEMBRO DE 2003, E SUAS ALTERAÇÕES PROMOVIDAS PELAS LEIS Nº 2.309, DE 09 DE MAIO DE 2017; Nº 3.067, DE 03 DE ABRIL DE 2024; E Nº 3.297, DE 13 DE NOVEMBRO DE 2025, BEM COMO PELA PORTARIA GAB/SEMED Nº 0340, DE 25 DE NOVEMBRO DE 2026. EMPENHO E LIQUIDAÇÃO REFERENTE AO MÊS DE MAIO/2026.";;;0;1545;0,00;0,00;Empenho;1.090,90;0,00;0,00;0,00
[21188-20260427];0;21188;20260427;2900;2900;2026;21188;06/07/2026;1926541000108;ESCOLA MUNICIPAL HENRIQUE TALONE;7.861,67;0,00;"REPASSE DESTINADO AO CUSTEIO DAS DESPESAS DE GESTÃO ESCOLAR, EM CONFORMIDADE COM A LEI Nº 1.256, DE 22 DE DEZEMBRO DE 2003, E SUAS ALTERAÇÕES PROMOVIDAS PELAS LEIS Nº 2.309, DE 09 DE MAIO DE 2017; Nº 3.067, DE 03 DE ABRIL DE 2024; E Nº 3.297, DE 13 DE NOVEMBRO DE 2025, BEM COMO PELA PORTARIA GAB/SEMED Nº 0340, DE 25 DE NOVEMBRO DE 2026. EMPENHO E LIQUIDAÇÃO REFERENTE AO MÊS DE MAIO/2026.";;;0;1545;0,00;0,00;Empenho;7.861,67;0,00;0,00;0,00
[21187-20260428];1;21187;20260428;2900;2900;2026;21187.1;06/07/2026;1926541000108;ESCOLA MUNICIPAL HENRIQUE TALONE;18.343,89;18.343,89;"VALOR LIQUIDADO REFERENTE A: REPASSE DESTINADO AO CUSTEIO DAS DESPESAS DE GESTÃO ESCOLAR, EM CONFORMIDADE COM A LEI Nº 1.256, DE 22 DE DEZEMBRO DE 2003, E SUAS ALTERAÇÕES PROMOVIDAS PELAS LEIS Nº 2.309, DE 09 DE MAIO DE 2017; Nº 3.067, DE 03 DE ABRIL DE 2024; E Nº 3.297, DE 13 DE NOVEMBRO DE 2025, BEM COMO PELA PORTARIA GAB/SEMED Nº 0340, DE 25 DE NOVEMBRO DE 2026. EMPENHO E LIQUIDAÇÃO REFERENTE AO MÊS DE MAIO/2026.";;;0;1545;0,00;0,00;Liquidação;18.343,89;0,00;;18.343,89
[21187-20260428];0;21187;20260428;2900;2900;2026;21187;06/07/2026;1926541000108;ESCOLA MUNICIPAL HENRIQUE TALONE;18.343,89;0,00;"VALOR EMPENHADO REFERENTE A: REPASSE DESTINADO AO CUSTEIO DAS DESPESAS DE GESTÃO ESCOLAR, EM CONFORMIDADE COM A LEI Nº 1.256, DE 22 DE DEZEMBRO DE 2003, E SUAS ALTERAÇÕES PROMOVIDAS PELAS LEIS Nº 2.309, DE 09 DE MAIO DE 2017; Nº 3.067, DE 03 DE ABRIL DE 2024; E Nº 3.297, DE 13 DE NOVEMBRO DE 2025, BEM COMO PELA PORTARIA GAB/SEMED Nº 0340, DE 25 DE NOVEMBRO DE 2026. EMPENHO E LIQUIDAÇÃO REFERENTE AO MÊS DE MAIO/2026.";;;0;1545;0,00;0,00;Empenho;18.343,89;0,00;0,00;0,00
[21186-20260427];1;21186;20260427;2900;2900;2026;21186.1;06/07/2026;1926541000108;ESCOLA MUNICIPAL HENRIQUE TALONE;7.861,67;7.861,67;"REPASSE DESTINADO AO CUSTEIO DAS DESPESAS DE GESTÃO ESCOLAR, EM CONFORMIDADE COM A LEI Nº 1.256, DE 22 DE DEZEMBRO DE 2003, E SUAS ALTERAÇÕES PROMOVIDAS PELAS LEIS Nº 2.309, DE 09 DE MAIO DE 2017; Nº 3.067, DE 03 DE ABRIL DE 2024; E Nº 3.297, DE 13 DE NOVEMBRO DE 2025, BEM COMO PELA PORTARIA GAB/SEMED Nº 0340, DE 25 DE NOVEMBRO DE 2026. EMPENHO E LIQUIDAÇÃO REFERENTE AO MÊS DE MAIO/2026.";;;0;1545;0,00;0,00;Liquidação;7.861,67;0,00;;7.861,67
[21186-20260427];0;21186;20260427;2900;2900;2026;21186;06/07/2026;1926541000108;ESCOLA MUNICIPAL HENRIQUE TALONE;7.861,67;0,00;"REPASSE DESTINADO AO CUSTEIO DAS DESPESAS DE GESTÃO ESCOLAR, EM CONFORMIDADE COM A LEI Nº 1.256, DE 22 DE DEZEMBRO DE 2003, E SUAS ALTERAÇÕES PROMOVIDAS PELAS LEIS Nº 2.309, DE 09 DE MAIO DE 2017; Nº 3.067, DE 03 DE ABRIL DE 2024; E Nº 3.297, DE 13 DE NOVEMBRO DE 2025, BEM COMO PELA PORTARIA GAB/SEMED Nº 0340, DE 25 DE NOVEMBRO DE 2026. EMPENHO E LIQUIDAÇÃO REFERENTE AO MÊS DE MAIO/2026.";;;0;1545;0,00;0,00;Empenho;7.861,67;0,00;0,00;0,00
[21185-20260428];1;21185;20260428;2900;2900;2026;21185.1;06/07/2026;10406202000191;ACE - ESCOLA MUNICIPAL FRANCISCA BRANDÃO RAMALHO;12.830,70;12.830,70;"VALOR LIQUIDADO REFERENTE A: REPASSE DESTINADO AO CUSTEIO DAS DESPESAS DE GESTÃO ESCOLAR, EM CONFORMIDADE COM A LEI Nº 1.256, DE 22 DE DEZEMBRO DE 2003, E SUAS ALTERAÇÕES PROMOVIDAS PELAS LEIS Nº 2.309, DE 09 DE MAIO DE 2017; Nº 3.067, DE 03 DE ABRIL DE 2024; E Nº 3.297, DE 13 DE NOVEMBRO DE 2025, BEM COMO PELA PORTARIA GAB/SEMED Nº 0340, DE 25 DE NOVEMBRO DE 2026. EMPENHO E LIQUIDAÇÃO REFERENTE AO MÊS DE MAIO/2026.";;;0;1545;0,00;0,00;Liquidação;12.830,70;0,00;;12.830,70
[21185-20260428];0;21185;20260428;2900;2900;2026;21185;06/07/2026;10406202000191;ACE - ESCOLA MUNICIPAL FRANCISCA BRANDÃO RAMALHO;12.830,70;0,00;"VALOR EMPENHADO REFERENTE A: REPASSE DESTINADO AO CUSTEIO DAS DESPESAS DE GESTÃO ESCOLAR, EM CONFORMIDADE COM A LEI Nº 1.256, DE 22 DE DEZEMBRO DE 2003, E SUAS ALTERAÇÕES PROMOVIDAS PELAS LEIS Nº 2.309, DE 09 DE MAIO DE 2017; Nº 3.067, DE 03 DE ABRIL DE 2024; E Nº 3.297, DE 13 DE NOVEMBRO DE 2025, BEM COMO PELA PORTARIA GAB/SEMED Nº 0340, DE 25 DE NOVEMBRO DE 2026. EMPENHO E LIQUIDAÇÃO REFERENTE AO MÊS DE MAIO/2026.";;;0;1545;0,00;0,00;Empenho;12.830,70;0,00;0,00;0,00
[21184-20260427];1;21184;20260427;2900;2900;2026;21184.1;06/07/2026;10406202000191;ACE - ESCOLA MUNICIPAL FRANCISCA BRANDÃO RAMALHO;5.498,87;5.498,87;"REPASSE DESTINADO AO CUSTEIO DAS DESPESAS DE GESTÃO ESCOLAR, EM CONFORMIDADE COM A LEI Nº 1.256, DE 22 DE DEZEMBRO DE 2003, E SUAS ALTERAÇÕES PROMOVIDAS PELAS LEIS Nº 2.309, DE 09 DE MAIO DE 2017; Nº 3.067, DE 03 DE ABRIL DE 2024; E Nº 3.297, DE 13 DE NOVEMBRO DE 2025, BEM COMO PELA PORTARIA GAB/SEMED Nº 0340, DE 25 DE NOVEMBRO DE 2026. EMPENHO E LIQUIDAÇÃO REFERENTE AO MÊS DE MAIO/2026.";;;0;1545;0,00;0,00;Liquidação;5.498,87;0,00;;5.498,87
[21184-20260427];0;21184;20260427;2900;2900;2026;21184;06/07/2026;10406202000191;ACE - ESCOLA MUNICIPAL FRANCISCA BRANDÃO RAMALHO;5.498,87;0,00;"REPASSE DESTINADO AO CUSTEIO DAS DESPESAS DE GESTÃO ESCOLAR, EM CONFORMIDADE COM A LEI Nº 1.256, DE 22 DE DEZEMBRO DE 2003, E SUAS ALTERAÇÕES PROMOVIDAS PELAS LEIS Nº 2.309, DE 09 DE MAIO DE 2017; Nº 3.067, DE 03 DE ABRIL DE 2024; E Nº 3.297, DE 13 DE NOVEMBRO DE 2025, BEM COMO PELA PORTARIA GAB/SEMED Nº 0340, DE 25 DE NOVEMBRO DE 2026. EMPENHO E LIQUIDAÇÃO REFERENTE AO MÊS DE MAIO/2026.";;;0;1545;0,00;0,00;Empenho;5.498,87;0,00;0,00;0,00
[21183-20260428];1;21183;20260428;2900;2900;2026;21183.1;06/07/2026;9620313000117;ESCOLA MUNICIPAL EURÍDICE FERREIRA DE MELO;35.845,44;35.845,44;"VALOR LIQUIDADO REFERENTE A: REPASSE DESTINADO AO CUSTEIO DAS DESPESAS DE GESTÃO ESCOLAR, EM CONFORMIDADE COM A LEI Nº 1.256, DE 22 DE DEZEMBRO DE 2003, E SUAS ALTERAÇÕES PROMOVIDAS PELAS LEIS Nº 2.309, DE 09 DE MAIO DE 2017; Nº 3.067, DE 03 DE ABRIL DE 2024; E Nº 3.297, DE 13 DE NOVEMBRO DE 2025, BEM COMO PELA PORTARIA GAB/SEMED Nº 0340, DE 25 DE NOVEMBRO DE 2026. EMPENHO E LIQUIDAÇÃO REFERENTE AO MÊS DE MAIO/2026.";;;0;1545;0,00;0,00;Liquidação;35.845,44;0,00;;35.845,44
[21183-20260428];0;21183;20260428;2900;2900;2026;21183;06/07/2026;9620313000117;ESCOLA MUNICIPAL EURÍDICE FERREIRA DE MELO;35.845,44;0,00;"VALOR EMPENHADO REFERENTE A: REPASSE DESTINADO AO CUSTEIO DAS DESPESAS DE GESTÃO ESCOLAR, EM CONFORMIDADE COM A LEI Nº 1.256, DE 22 DE DEZEMBRO DE 2003, E SUAS ALTERAÇÕES PROMOVIDAS PELAS LEIS Nº 2.309, DE 09 DE MAIO DE 2017; Nº 3.067, DE 03 DE ABRIL DE 2024; E Nº 3.297, DE 13 DE NOVEMBRO DE 2025, BEM COMO PELA PORTARIA GAB/SEMED Nº 0340, DE 25 DE NOVEMBRO DE 2026. EMPENHO E LIQUIDAÇÃO REFERENTE AO MÊS DE MAIO/2026.";;;0;1545;0,00;0,00;Empenho;35.845,44;0,00;0,00;0,00
[21182-20260427];1;21182;20260427;2900;2900;2026;21182.1;06/07/2026;9620313000117;ESCOLA MUNICIPAL EURÍDICE FERREIRA DE MELO;15.362,33;15.362,33;"REPASSE DESTINADO AO CUSTEIO DAS DESPESAS DE GESTÃO ESCOLAR, EM CONFORMIDADE COM A LEI Nº 1.256, DE 22 DE DEZEMBRO DE 2003, E SUAS ALTERAÇÕES PROMOVIDAS PELAS LEIS Nº 2.309, DE 09 DE MAIO DE 2017; Nº 3.067, DE 03 DE ABRIL DE 2024; E Nº 3.297, DE 13 DE NOVEMBRO DE 2025, BEM COMO PELA PORTARIA GAB/SEMED Nº 0340, DE 25 DE NOVEMBRO DE 2026. EMPENHO E LIQUIDAÇÃO REFERENTE AO MÊS DE MAIO/2026.";;;0;1545;0,00;0,00;Liquidação;15.362,33;0,00;;15.362,33
[21182-20260427];0;21182;20260427;2900;2900;2026;21182;06/07/2026;9620313000117;ESCOLA MUNICIPAL EURÍDICE FERREIRA DE MELO;15.362,33;0,00;"REPASSE DESTINADO AO CUSTEIO DAS DESPESAS DE GESTÃO ESCOLAR, EM CONFORMIDADE COM A LEI Nº 1.256, DE 22 DE DEZEMBRO DE 2003, E SUAS ALTERAÇÕES PROMOVIDAS PELAS LEIS Nº 2.309, DE 09 DE MAIO DE 2017; Nº 3.067, DE 03 DE ABRIL DE 2024; E Nº 3.297, DE 13 DE NOVEMBRO DE 2025, BEM COMO PELA PORTARIA GAB/SEMED Nº 0340, DE 25 DE NOVEMBRO DE 2026. EMPENHO E LIQUIDAÇÃO REFERENTE AO MÊS DE MAIO/2026.";;;0;1545;0,00;0,00;Empenho;15.362,33;0,00;0,00;0,00
[21181-20260428];1;21181;20260428;2900;2900;2026;21181.1;06/07/2026;3103178000156;ESCOLA MUNICIPAL DEGRAUS DO SABER;6.066,18;6.066,18;"VALOR LIQUIDADO REFERENTE A: REPASSE DESTINADO AO CUSTEIO DAS DESPESAS DE GESTÃO ESCOLAR, EM CONFORMIDADE COM A LEI Nº 1.256, DE 22 DE DEZEMBRO DE 2003, E SUAS ALTERAÇÕES PROMOVIDAS PELAS LEIS Nº 2.309, DE 09 DE MAIO DE 2017; Nº 3.067, DE 03 DE ABRIL DE 2024; E Nº 3.297, DE 13 DE NOVEMBRO DE 2025, BEM COMO PELA PORTARIA GAB/SEMED Nº 0340, DE 25 DE NOVEMBRO DE 2026. EMPENHO E LIQUIDAÇÃO REFERENTE AO MÊS DE MAIO/2026.";;;0;1545;0,00;0,00;Liquidação;6.066,18;0,00;;6.066,18
[21181-20260428];0;21181;20260428;2900;2900;2026;21181;06/07/2026;3103178000156;ESCOLA MUNICIPAL DEGRAUS DO SABER;6.066,18;0,00;"VALOR EMPENHADO REFERENTE A: REPASSE DESTINADO AO CUSTEIO DAS DESPESAS DE GESTÃO ESCOLAR, EM CONFORMIDADE COM A LEI Nº 1.256, DE 22 DE DEZEMBRO DE 2003, E SUAS ALTERAÇÕES PROMOVIDAS PELAS LEIS Nº 2.309, DE 09 DE MAIO DE 2017; Nº 3.067, DE 03 DE ABRIL DE 2024; E Nº 3.297, DE 13 DE NOVEMBRO DE 2025, BEM COMO PELA PORTARIA GAB/SEMED Nº 0340, DE 25 DE NOVEMBRO DE 2026. EMPENHO E LIQUIDAÇÃO REFERENTE AO MÊS DE MAIO/2026.";;;0;1545;0,00;0,00;Empenho;6.066,18;0,00;0,00;0,00
[21180-20260427];1;21180;20260427;2900;2900;2026;21180.1;06/07/2026;3103178000156;ESCOLA MUNICIPAL DEGRAUS DO SABER;2.599,79;2.599,79;"REPASSE DESTINADO AO CUSTEIO DAS DESPESAS DE GESTÃO ESCOLAR, EM CONFORMIDADE COM A LEI Nº 1.256, DE 22 DE DEZEMBRO DE 2003, E SUAS ALTERAÇÕES PROMOVIDAS PELAS LEIS Nº 2.309, DE 09 DE MAIO DE 2017; Nº 3.067, DE 03 DE ABRIL DE 2024; E Nº 3.297, DE 13 DE NOVEMBRO DE 2025, BEM COMO PELA PORTARIA GAB/SEMED Nº 0340, DE 25 DE NOVEMBRO DE 2026. EMPENHO E LIQUIDAÇÃO REFERENTE AO MÊS DE MAIO/2026.";;;0;1545;0,00;0,00;Liquidação;2.599,79;0,00;;2.599,79
[21180-20260427];0;21180;20260427;2900;2900;2026;21180;06/07/2026;3103178000156;ESCOLA MUNICIPAL DEGRAUS DO SABER;2.599,79;0,00;"REPASSE DESTINADO AO CUSTEIO DAS DESPESAS DE GESTÃO ESCOLAR, EM CONFORMIDADE COM A LEI Nº 1.256, DE 22 DE DEZEMBRO DE 2003, E SUAS ALTERAÇÕES PROMOVIDAS PELAS LEIS Nº 2.309, DE 09 DE MAIO DE 2017; Nº 3.067, DE 03 DE ABRIL DE 2024; E Nº 3.297, DE 13 DE NOVEMBRO DE 2025, BEM COMO PELA PORTARIA GAB/SEMED Nº 0340, DE 25 DE NOVEMBRO DE 2026. EMPENHO E LIQUIDAÇÃO REFERENTE AO MÊS DE MAIO/2026.";;;0;1545;0,00;0,00;Empenho;2.599,79;0,00;0,00;0,00
[21179-20260428];1;21179;20260428;2900;2900;2026;21179.1;06/07/2026;1894720000100;ACE - ESCOLA MUNICIPAL DARCY RIBEIRO;9.896,58;9.896,58;"VALOR LIQUIDADO REFERENTE A: REPASSE DESTINADO AO CUSTEIO DAS DESPESAS DE GESTÃO ESCOLAR, EM CONFORMIDADE COM A LEI Nº 1.256, DE 22 DE DEZEMBRO DE 2003, E SUAS ALTERAÇÕES PROMOVIDAS PELAS LEIS Nº 2.309, DE 09 DE MAIO DE 2017; Nº 3.067, DE 03 DE ABRIL DE 2024; E Nº 3.297, DE 13 DE NOVEMBRO DE 2025, BEM COMO PELA PORTARIA GAB/SEMED Nº 0340, DE 25 DE NOVEMBRO DE 2026. EMPENHO E LIQUIDAÇÃO REFERENTE AO MÊS DE MAIO/2026.";;;0;1545;0,00;0,00;Liquidação;9.896,58;0,00;;9.896,58
[21179-20260428];0;21179;20260428;2900;2900;2026;21179;06/07/2026;1894720000100;ACE - ESCOLA MUNICIPAL DARCY RIBEIRO;9.896,58;0,00;"VALOR EMPENHADO REFERENTE A: REPASSE DESTINADO AO CUSTEIO DAS DESPESAS DE GESTÃO ESCOLAR, EM CONFORMIDADE COM A LEI Nº 1.256, DE 22 DE DEZEMBRO DE 2003, E SUAS ALTERAÇÕES PROMOVIDAS PELAS LEIS Nº 2.309, DE 09 DE MAIO DE 2017; Nº 3.067, DE 03 DE ABRIL DE 2024; E Nº 3.297, DE 13 DE NOVEMBRO DE 2025, BEM COMO PELA PORTARIA GAB/SEMED Nº 0340, DE 25 DE NOVEMBRO DE 2026. EMPENHO E LIQUIDAÇÃO REFERENTE AO MÊS DE MAIO/2026.";;;0;1545;0,00;0,00;Empenho;9.896,58;0,00;0,00;0,00
[21178-20260427];1;21178;20260427;2900;2900;2026;21178.1;06/07/2026;1894720000100;ACE - ESCOLA MUNICIPAL DARCY RIBEIRO;4.241,39;4.241,39;"REPASSE DESTINADO AO CUSTEIO DAS DESPESAS DE GESTÃO ESCOLAR, EM CONFORMIDADE COM A LEI Nº 1.256, DE 22 DE DEZEMBRO DE 2003, E SUAS ALTERAÇÕES PROMOVIDAS PELAS LEIS Nº 2.309, DE 09 DE MAIO DE 2017; Nº 3.067, DE 03 DE ABRIL DE 2024; E Nº 3.297, DE 13 DE NOVEMBRO DE 2025, BEM COMO PELA PORTARIA GAB/SEMED Nº 0340, DE 25 DE NOVEMBRO DE 2026. EMPENHO E LIQUIDAÇÃO REFERENTE AO MÊS DE MAIO/2026.";;;0;1545;0,00;0,00;Liquidação;4.241,39;0,00;;4.241,39
[21178-20260427];0;21178;20260427;2900;2900;2026;21178;06/07/2026;1894720000100;ACE - ESCOLA MUNICIPAL DARCY RIBEIRO;4.241,39;0,00;"REPASSE DESTINADO AO CUSTEIO DAS DESPESAS DE GESTÃO ESCOLAR, EM CONFORMIDADE COM A LEI Nº 1.256, DE 22 DE DEZEMBRO DE 2003, E SUAS ALTERAÇÕES PROMOVIDAS PELAS LEIS Nº 2.309, DE 09 DE MAIO DE 2017; Nº 3.067, DE 03 DE ABRIL DE 2024; E Nº 3.297, DE 13 DE NOVEMBRO DE 2025, BEM COMO PELA PORTARIA GAB/SEMED Nº 0340, DE 25 DE NOVEMBRO DE 2026. EMPENHO E LIQUIDAÇÃO REFERENTE AO MÊS DE MAIO/2026.";;;0;1545;0,00;0,00;Empenho;4.241,39;0,00;0,00;0,00
[21177-20260428];1;21177;20260428;2900;2900;2026;21177.1;06/07/2026;1932285000161;ESCOLA MUNICIPAL DE TEMPO INTEGRAL DANIEL BATISTA;16.737,17;16.737,17;"VALOR LIQUIDADO REFERENTE A: REPASSE DESTINADO AO CUSTEIO DAS DESPESAS DE GESTÃO ESCOLAR, EM CONFORMIDADE COM A LEI Nº 1.256, DE 22 DE DEZEMBRO DE 2003, E SUAS ALTERAÇÕES PROMOVIDAS PELAS LEIS Nº 2.309, DE 09 DE MAIO DE 2017; Nº 3.067, DE 03 DE ABRIL DE 2024; E Nº 3.297, DE 13 DE NOVEMBRO DE 2025, BEM COMO PELA PORTARIA GAB/SEMED Nº 0340, DE 25 DE NOVEMBRO DE 2026. EMPENHO E LIQUIDAÇÃO REFERENTE AO MÊS DE MAIO/2026.";;;0;1545;0,00;0,00;Liquidação;16.737,17;0,00;;16.737,17
[21177-20260428];0;21177;20260428;2900;2900;2026;21177;06/07/2026;1932285000161;ESCOLA MUNICIPAL DE TEMPO INTEGRAL DANIEL BATISTA;16.737,17;0,00;"VALOR EMPENHADO REFERENTE A: REPASSE DESTINADO AO CUSTEIO DAS DESPESAS DE GESTÃO ESCOLAR, EM CONFORMIDADE COM A LEI Nº 1.256, DE 22 DE DEZEMBRO DE 2003, E SUAS ALTERAÇÕES PROMOVIDAS PELAS LEIS Nº 2.309, DE 09 DE MAIO DE 2017; Nº 3.067, DE 03 DE ABRIL DE 2024; E Nº 3.297, DE 13 DE NOVEMBRO DE 2025, BEM COMO PELA PORTARIA GAB/SEMED Nº 0340, DE 25 DE NOVEMBRO DE 2026. EMPENHO E LIQUIDAÇÃO REFERENTE AO MÊS DE MAIO/2026.";;;0;1545;0,00;0,00;Empenho;16.737,17;0,00;0,00;0,00
[21176-20260427];1;21176;20260427;2900;2900;2026;21176.1;06/07/2026;1932285000161;ESCOLA MUNICIPAL DE TEMPO INTEGRAL DANIEL BATISTA;7.173,07;7.173,07;"REPASSE DESTINADO AO CUSTEIO DAS DESPESAS DE GESTÃO ESCOLAR, EM CONFORMIDADE COM A LEI Nº 1.256, DE 22 DE DEZEMBRO DE 2003, E SUAS ALTERAÇÕES PROMOVIDAS PELAS LEIS Nº 2.309, DE 09 DE MAIO DE 2017; Nº 3.067, DE 03 DE ABRIL DE 2024; E Nº 3.297, DE 13 DE NOVEMBRO DE 2025, BEM COMO PELA PORTARIA GAB/SEMED Nº 0340, DE 25 DE NOVEMBRO DE 2026. EMPENHO E LIQUIDAÇÃO REFERENTE AO MÊS DE MAIO/2026.";;;0;1545;0,00;0,00;Liquidação;7.173,07;0,00;;7.173,07
[21176-20260427];0;21176;20260427;2900;2900;2026;21176;06/07/2026;1932285000161;ESCOLA MUNICIPAL DE TEMPO INTEGRAL DANIEL BATISTA;7.173,07;0,00;"REPASSE DESTINADO AO CUSTEIO DAS DESPESAS DE GESTÃO ESCOLAR, EM CONFORMIDADE COM A LEI Nº 1.256, DE 22 DE DEZEMBRO DE 2003, E SUAS ALTERAÇÕES PROMOVIDAS PELAS LEIS Nº 2.309, DE 09 DE MAIO DE 2017; Nº 3.067, DE 03 DE ABRIL DE 2024; E Nº 3.297, DE 13 DE NOVEMBRO DE 2025, BEM COMO PELA PORTARIA GAB/SEMED Nº 0340, DE 25 DE NOVEMBRO DE 2026. EMPENHO E LIQUIDAÇÃO REFERENTE AO MÊS DE MAIO/2026.";;;0;1545;0,00;0,00;Empenho;7.173,07;0,00;0,00;0,00
[21175-20260428];1;21175;20260428;2900;2900;2026;21175.1;06/07/2026;1926552000198;ACE - ESCOLA MUNICIPAL CRISPIM PEREIRA ALENCAR;9.562,08;9.562,08;"VALOR LIQUIDADO REFERENTE A: REPASSE DESTINADO AO CUSTEIO DAS DESPESAS DE GESTÃO ESCOLAR, EM CONFORMIDADE COM A LEI Nº 1.256, DE 22 DE DEZEMBRO DE 2003, E SUAS ALTERAÇÕES PROMOVIDAS PELAS LEIS Nº 2.309, DE 09 DE MAIO DE 2017; Nº 3.067, DE 03 DE ABRIL DE 2024; E Nº 3.297, DE 13 DE NOVEMBRO DE 2025, BEM COMO PELA PORTARIA GAB/SEMED Nº 0340, DE 25 DE NOVEMBRO DE 2026. EMPENHO E LIQUIDAÇÃO REFERENTE AO MÊS DE MAIO/2026.";;;0;1545;0,00;0,00;Liquidação;9.562,08;0,00;;9.562,08
[21175-20260428];0;21175;20260428;2900;2900;2026;21175;06/07/2026;1926552000198;ACE - ESCOLA MUNICIPAL CRISPIM PEREIRA ALENCAR;9.562,08;0,00;"VALOR EMPENHADO REFERENTE A: REPASSE DESTINADO AO CUSTEIO DAS DESPESAS DE GESTÃO ESCOLAR, EM CONFORMIDADE COM A LEI Nº 1.256, DE 22 DE DEZEMBRO DE 2003, E SUAS ALTERAÇÕES PROMOVIDAS PELAS LEIS Nº 2.309, DE 09 DE MAIO DE 2017; Nº 3.067, DE 03 DE ABRIL DE 2024; E Nº 3.297, DE 13 DE NOVEMBRO DE 2025, BEM COMO PELA PORTARIA GAB/SEMED Nº 0340, DE 25 DE NOVEMBRO DE 2026. EMPENHO E LIQUIDAÇÃO REFERENTE AO MÊS DE MAIO/2026.";;;0;1545;0,00;0,00;Empenho;9.562,08;0,00;0,00;0,00
[21174-20260427];1;21174;20260427;2900;2900;2026;21174.1;06/07/2026;1926552000198;ACE - ESCOLA MUNICIPAL CRISPIM PEREIRA ALENCAR;4.098,04;4.098,04;"REPASSE DESTINADO AO CUSTEIO DAS DESPESAS DE GESTÃO ESCOLAR, EM CONFORMIDADE COM A LEI Nº 1.256, DE 22 DE DEZEMBRO DE 2003, E SUAS ALTERAÇÕES PROMOVIDAS PELAS LEIS Nº 2.309, DE 09 DE MAIO DE 2017; Nº 3.067, DE 03 DE ABRIL DE 2024; E Nº 3.297, DE 13 DE NOVEMBRO DE 2025, BEM COMO PELA PORTARIA GAB/SEMED Nº 0340, DE 25 DE NOVEMBRO DE 2026. EMPENHO E LIQUIDAÇÃO REFERENTE AO MÊS DE MAIO/2026.";;;0;1545;0,00;0,00;Liquidação;4.098,04;0,00;;4.098,04
[21174-20260427];0;21174;20260427;2900;2900;2026;21174;06/07/2026;1926552000198;ACE - ESCOLA MUNICIPAL CRISPIM PEREIRA ALENCAR;4.098,04;0,00;"REPASSE DESTINADO AO CUSTEIO DAS DESPESAS DE GESTÃO ESCOLAR, EM CONFORMIDADE COM A LEI Nº 1.256, DE 22 DE DEZEMBRO DE 2003, E SUAS ALTERAÇÕES PROMOVIDAS PELAS LEIS Nº 2.309, DE 09 DE MAIO DE 2017; Nº 3.067, DE 03 DE ABRIL DE 2024; E Nº 3.297, DE 13 DE NOVEMBRO DE 2025, BEM COMO PELA PORTARIA GAB/SEMED Nº 0340, DE 25 DE NOVEMBRO DE 2026. EMPENHO E LIQUIDAÇÃO REFERENTE AO MÊS DE MAIO/2026.";;;0;1545;0,00;0,00;Empenho;4.098,04;0,00;0,00;0,00
[21173-20260428];1;21173;20260428;2900;2900;2026;21173.1;06/07/2026;1138351000126;ACE - ETI CORA CORALINA;22.002,40;22.002,40;"VALOR LIQUIDADO REFERENTE A: REPASSE DESTINADO AO CUSTEIO DAS DESPESAS DE GESTÃO ESCOLAR, EM CONFORMIDADE COM A LEI Nº 1.256, DE 22 DE DEZEMBRO DE 2003, E SUAS ALTERAÇÕES PROMOVIDAS PELAS LEIS Nº 2.309, DE 09 DE MAIO DE 2017; Nº 3.067, DE 03 DE ABRIL DE 2024; E Nº 3.297, DE 13 DE NOVEMBRO DE 2025, BEM COMO PELA PORTARIA GAB/SEMED Nº 0340, DE 25 DE NOVEMBRO DE 2026. EMPENHO E LIQUIDAÇÃO REFERENTE AO MÊS DE MAIO/2026.";;;0;1545;0,00;0,00;Liquidação;22.002,40;0,00;;22.002,40
[21173-20260428];0;21173;20260428;2900;2900;2026;21173;06/07/2026;1138351000126;ACE - ETI CORA CORALINA;22.002,40;0,00;"VALOR EMPENHADO REFERENTE A: REPASSE DESTINADO AO CUSTEIO DAS DESPESAS DE GESTÃO ESCOLAR, EM CONFORMIDADE COM A LEI Nº 1.256, DE 22 DE DEZEMBRO DE 2003, E SUAS ALTERAÇÕES PROMOVIDAS PELAS LEIS Nº 2.309, DE 09 DE MAIO DE 2017; Nº 3.067, DE 03 DE ABRIL DE 2024; E Nº 3.297, DE 13 DE NOVEMBRO DE 2025, BEM COMO PELA PORTARIA GAB/SEMED Nº 0340, DE 25 DE NOVEMBRO DE 2026. EMPENHO E LIQUIDAÇÃO REFERENTE AO MÊS DE MAIO/2026.";;;0;1545;0,00;0,00;Empenho;22.002,40;0,00;0,00;0,00
[21172-20260427];1;21172;20260427;2900;2900;2026;21172.1;06/07/2026;1138351000126;ACE - ETI CORA CORALINA;9.429,60;9.429,60;"REPASSE DESTINADO AO CUSTEIO DAS DESPESAS DE GESTÃO ESCOLAR, EM CONFORMIDADE COM A LEI Nº 1.256, DE 22 DE DEZEMBRO DE 2003, E SUAS ALTERAÇÕES PROMOVIDAS PELAS LEIS Nº 2.309, DE 09 DE MAIO DE 2017; Nº 3.067, DE 03 DE ABRIL DE 2024; E Nº 3.297, DE 13 DE NOVEMBRO DE 2025, BEM COMO PELA PORTARIA GAB/SEMED Nº 0340, DE 25 DE NOVEMBRO DE 2026. EMPENHO E LIQUIDAÇÃO REFERENTE AO MÊS DE MAIO/2026.";;;0;1545;0,00;0,00;Liquidação;9.429,60;0,00;;9.429,60
[21172-20260427];0;21172;20260427;2900;2900;2026;21172;06/07/2026;1138351000126;ACE - ETI CORA CORALINA;9.429,60;0,00;"REPASSE DESTINADO AO CUSTEIO DAS DESPESAS DE GESTÃO ESCOLAR, EM CONFORMIDADE COM A LEI Nº 1.256, DE 22 DE DEZEMBRO DE 2003, E SUAS ALTERAÇÕES PROMOVIDAS PELAS LEIS Nº 2.309, DE 09 DE MAIO DE 2017; Nº 3.067, DE 03 DE ABRIL DE 2024; E Nº 3.297, DE 13 DE NOVEMBRO DE 2025, BEM COMO PELA PORTARIA GAB/SEMED Nº 0340, DE 25 DE NOVEMBRO DE 2026. EMPENHO E LIQUIDAÇÃO REFERENTE AO MÊS DE MAIO/2026.";;;0;1545;0,00;0,00;Empenho;9.429,60;0,00;0,00;0,00
[21171-20260427];1;21171;20260427;2900;2900;2026;21171.1;06/07/2026;1916214000175;ESCOLA MUNICIPAL CARLOS DRUMOND;1.986,83;1.986,83;"VALOR LIQUIDADO REFERENTE A: REPASSE DESTINADO AO CUSTEIO DAS DESPESAS DE GESTÃO ESCOLAR, EM CONFORMIDADE COM A LEI Nº 1.256, DE 22 DE DEZEMBRO DE 2003, E SUAS ALTERAÇÕES PROMOVIDAS PELAS LEIS Nº 2.309, DE 09 DE MAIO DE 2017; Nº 3.067, DE 03 DE ABRIL DE 2024; E Nº 3.297, DE 13 DE NOVEMBRO DE 2025, BEM COMO PELA PORTARIA GAB/SEMED Nº 0340, DE 25 DE NOVEMBRO DE 2026. EMPENHO E LIQUIDAÇÃO REFERENTE AO MÊS DE MAIO/2026.";;;0;1545;0,00;0,00;Liquidação;1.986,83;0,00;;1.986,83
[21171-20260427];0;21171;20260427;2900;2900;2026;21171;06/07/2026;1916214000175;ESCOLA MUNICIPAL CARLOS DRUMOND;1.986,83;0,00;"VALOR EMPENHADO REFERENTE A: REPASSE DESTINADO AO CUSTEIO DAS DESPESAS DE GESTÃO ESCOLAR, EM CONFORMIDADE COM A LEI Nº 1.256, DE 22 DE DEZEMBRO DE 2003, E SUAS ALTERAÇÕES PROMOVIDAS PELAS LEIS Nº 2.309, DE 09 DE MAIO DE 2017; Nº 3.067, DE 03 DE ABRIL DE 2024; E Nº 3.297, DE 13 DE NOVEMBRO DE 2025, BEM COMO PELA PORTARIA GAB/SEMED Nº 0340, DE 25 DE NOVEMBRO DE 2026. EMPENHO E LIQUIDAÇÃO REFERENTE AO MÊS DE MAIO/2026.";;;0;1545;0,00;0,00;Empenho;1.986,83;0,00;0,00;0,00
[21170-20260428];1;21170;20260428;2900;2900;2026;21170.1;06/07/2026;1916214000175;ESCOLA MUNICIPAL CARLOS DRUMOND;4.635,94;4.635,94;"REPASSE DESTINADO AO CUSTEIO DAS DESPESAS DE GESTÃO ESCOLAR, EM CONFORMIDADE COM A LEI Nº 1.256, DE 22 DE DEZEMBRO DE 2003, E SUAS ALTERAÇÕES PROMOVIDAS PELAS LEIS Nº 2.309, DE 09 DE MAIO DE 2017; Nº 3.067, DE 03 DE ABRIL DE 2024; E Nº 3.297, DE 13 DE NOVEMBRO DE 2025, BEM COMO PELA PORTARIA GAB/SEMED Nº 0340, DE 25 DE NOVEMBRO DE 2026. EMPENHO E LIQUIDAÇÃO REFERENTE AO MÊS DE MAIO/2026.";;;0;1545;0,00;0,00;Liquidação;4.635,94;0,00;;4.635,94
[21170-20260428];0;21170;20260428;2900;2900;2026;21170;06/07/2026;1916214000175;ESCOLA MUNICIPAL CARLOS DRUMOND;4.635,94;0,00;"REPASSE DESTINADO AO CUSTEIO DAS DESPESAS DE GESTÃO ESCOLAR, EM CONFORMIDADE COM A LEI Nº 1.256, DE 22 DE DEZEMBRO DE 2003, E SUAS ALTERAÇÕES PROMOVIDAS PELAS LEIS Nº 2.309, DE 09 DE MAIO DE 2017; Nº 3.067, DE 03 DE ABRIL DE 2024; E Nº 3.297, DE 13 DE NOVEMBRO DE 2025, BEM COMO PELA PORTARIA GAB/SEMED Nº 0340, DE 25 DE NOVEMBRO DE 2026. EMPENHO E LIQUIDAÇÃO REFERENTE AO MÊS DE MAIO/2026.";;;0;1545;0,00;0,00;Empenho;4.635,94;0,00;0,00;0,00
[21169-20260427];1;21169;20260427;2900;2900;2026;21169.1;06/07/2026;1944113000108;ACE - ESCOLA MUNICIPAL BENEDITA GALVÃO;3.402,98;3.402,98;"VALOR LIQUIDADO REFERENTE A: REPASSE DESTINADO AO CUSTEIO DAS DESPESAS DE GESTÃO ESCOLAR, EM CONFORMIDADE COM A LEI Nº 1.256, DE 22 DE DEZEMBRO DE 2003, E SUAS ALTERAÇÕES PROMOVIDAS PELAS LEIS Nº 2.309, DE 09 DE MAIO DE 2017; Nº 3.067, DE 03 DE ABRIL DE 2024; E Nº 3.297, DE 13 DE NOVEMBRO DE 2025, BEM COMO PELA PORTARIA GAB/SEMED Nº 0340, DE 25 DE NOVEMBRO DE 2026. EMPENHO E LIQUIDAÇÃO REFERENTE AO MÊS DE MAIO/2026.";;;0;1545;0,00;0,00;Liquidação;3.402,98;0,00;;3.402,98
[21169-20260427];0;21169;20260427;2900;2900;2026;21169;06/07/2026;1944113000108;ACE - ESCOLA MUNICIPAL BENEDITA GALVÃO;3.402,98;0,00;"VALOR EMPENHADO REFERENTE A: REPASSE DESTINADO AO CUSTEIO DAS DESPESAS DE GESTÃO ESCOLAR, EM CONFORMIDADE COM A LEI Nº 1.256, DE 22 DE DEZEMBRO DE 2003, E SUAS ALTERAÇÕES PROMOVIDAS PELAS LEIS Nº 2.309, DE 09 DE MAIO DE 2017; Nº 3.067, DE 03 DE ABRIL DE 2024; E Nº 3.297, DE 13 DE NOVEMBRO DE 2025, BEM COMO PELA PORTARIA GAB/SEMED Nº 0340, DE 25 DE NOVEMBRO DE 2026. EMPENHO E LIQUIDAÇÃO REFERENTE AO MÊS DE MAIO/2026.";;;0;1545;0,00;0,00;Empenho;3.402,98;0,00;0,00;0,00
[21168-20260428];1;21168;20260428;2900;2900;2026;21168.1;06/07/2026;1944113000108;ACE - ESCOLA MUNICIPAL BENEDITA GALVÃO;7.940,28;7.940,28;"REPASSE DESTINADO AO CUSTEIO DAS DESPESAS DE GESTÃO ESCOLAR, EM CONFORMIDADE COM A LEI Nº 1.256, DE 22 DE DEZEMBRO DE 2003, E SUAS ALTERAÇÕES PROMOVIDAS PELAS LEIS Nº 2.309, DE 09 DE MAIO DE 2017; Nº 3.067, DE 03 DE ABRIL DE 2024; E Nº 3.297, DE 13 DE NOVEMBRO DE 2025, BEM COMO PELA PORTARIA GAB/SEMED Nº 0340, DE 25 DE NOVEMBRO DE 2026. EMPENHO E LIQUIDAÇÃO REFERENTE AO MÊS DE MAIO/2026.";;;0;1545;0,00;0,00;Liquidação;7.940,28;0,00;;7.940,28
[21168-20260428];0;21168;20260428;2900;2900;2026;21168;06/07/2026;1944113000108;ACE - ESCOLA MUNICIPAL BENEDITA GALVÃO;7.940,28;0,00;"REPASSE DESTINADO AO CUSTEIO DAS DESPESAS DE GESTÃO ESCOLAR, EM CONFORMIDADE COM A LEI Nº 1.256, DE 22 DE DEZEMBRO DE 2003, E SUAS ALTERAÇÕES PROMOVIDAS PELAS LEIS Nº 2.309, DE 09 DE MAIO DE 2017; Nº 3.067, DE 03 DE ABRIL DE 2024; E Nº 3.297, DE 13 DE NOVEMBRO DE 2025, BEM COMO PELA PORTARIA GAB/SEMED Nº 0340, DE 25 DE NOVEMBRO DE 2026. EMPENHO E LIQUIDAÇÃO REFERENTE AO MÊS DE MAIO/2026.";;;0;1545;0,00;0,00;Empenho;7.940,28;0,00;0,00;0,00
[21167-20260427];1;21167;20260427;2900;2900;2026;21167.1;06/07/2026;1936391000113;ESCOLA MUNICIPAL AURÉLIO BUARQUE DE HOLANDA;348,74;348,74;"VALOR LIQUIDADO REFERENTE A: VALOR EMPENHADO REFERENTE A: VALOR EMPENHADO REFERENTE A: VALOR EMPENHADO REFERENTE A: REPASSE DESTINADO AO CUSTEIO DAS DESPESAS DE GESTÃO ESCOLAR, EM CONFORMIDADE COM A LEI Nº 1.256, DE 22 DE DEZEMBRO DE 2003, E SUAS ALTERAÇÕES PROMOVIDAS PELAS LEIS Nº 2.309, DE 09 DE MAIO DE 2017; Nº 3.067, DE 03 DE ABRIL DE 2024; E Nº 3.297, DE 13 DE NOVEMBRO DE 2025, BEM COMO PELA PORTARIA GAB/SEMED Nº 0340, DE 25 DE NOVEMBRO DE 2026. EMPENHO E LIQUIDAÇÃO REFERENTE AO MÊS DE MAIO/2026.";;;0;1545;0,00;0,00;Liquidação;348,74;0,00;;348,74
[21167-20260427];0;21167;20260427;2900;2900;2026;21167;06/07/2026;1936391000113;ESCOLA MUNICIPAL AURÉLIO BUARQUE DE HOLANDA;348,74;0,00;"VALOR EMPENHADO REFERENTE A: VALOR EMPENHADO REFERENTE A: VALOR EMPENHADO REFERENTE A: VALOR EMPENHADO REFERENTE A: REPASSE DESTINADO AO CUSTEIO DAS DESPESAS DE GESTÃO ESCOLAR, EM CONFORMIDADE COM A LEI Nº 1.256, DE 22 DE DEZEMBRO DE 2003, E SUAS ALTERAÇÕES PROMOVIDAS PELAS LEIS Nº 2.309, DE 09 DE MAIO DE 2017; Nº 3.067, DE 03 DE ABRIL DE 2024; E Nº 3.297, DE 13 DE NOVEMBRO DE 2025, BEM COMO PELA PORTARIA GAB/SEMED Nº 0340, DE 25 DE NOVEMBRO DE 2026. EMPENHO E LIQUIDAÇÃO REFERENTE AO MÊS DE MAIO/2026.";;;0;1545;0,00;0,00;Empenho;348,74;0,00;0,00;0,00
[21166-20260427];1;21166;20260427;2900;2900;2026;21166.1;06/07/2026;1936391000113;ESCOLA MUNICIPAL AURÉLIO BUARQUE DE HOLANDA;348,74;348,74;"VALOR LIQUIDADO REFERENTE A: VALOR EMPENHADO REFERENTE A: VALOR EMPENHADO REFERENTE A: REPASSE DESTINADO AO CUSTEIO DAS DESPESAS DE GESTÃO ESCOLAR, EM CONFORMIDADE COM A LEI Nº 1.256, DE 22 DE DEZEMBRO DE 2003, E SUAS ALTERAÇÕES PROMOVIDAS PELAS LEIS Nº 2.309, DE 09 DE MAIO DE 2017; Nº 3.067, DE 03 DE ABRIL DE 2024; E Nº 3.297, DE 13 DE NOVEMBRO DE 2025, BEM COMO PELA PORTARIA GAB/SEMED Nº 0340, DE 25 DE NOVEMBRO DE 2026. EMPENHO E LIQUIDAÇÃO REFERENTE AO MÊS DE MAIO/2026.";;;0;1545;0,00;0,00;Liquidação;348,74;0,00;;348,74
[21166-20260427];0;21166;20260427;2900;2900;2026;21166;06/07/2026;1936391000113;ESCOLA MUNICIPAL AURÉLIO BUARQUE DE HOLANDA;348,74;0,00;"VALOR EMPENHADO REFERENTE A: VALOR EMPENHADO REFERENTE A: VALOR EMPENHADO REFERENTE A: REPASSE DESTINADO AO CUSTEIO DAS DESPESAS DE GESTÃO ESCOLAR, EM CONFORMIDADE COM A LEI Nº 1.256, DE 22 DE DEZEMBRO DE 2003, E SUAS ALTERAÇÕES PROMOVIDAS PELAS LEIS Nº 2.309, DE 09 DE MAIO DE 2017; Nº 3.067, DE 03 DE ABRIL DE 2024; E Nº 3.297, DE 13 DE NOVEMBRO DE 2025, BEM COMO PELA PORTARIA GAB/SEMED Nº 0340, DE 25 DE NOVEMBRO DE 2026. EMPENHO E LIQUIDAÇÃO REFERENTE AO MÊS DE MAIO/2026.";;;0;1545;0,00;0,00;Empenho;348,74;0,00;0,00;0,00
[21165-20260428];1;21165;20260428;2900;2900;2026;21165.1;06/07/2026;1936391000113;ESCOLA MUNICIPAL AURÉLIO BUARQUE DE HOLANDA;813,72;813,72;"VALOR LIQUIDADO REFERENTE A: VALOR EMPENHADO REFERENTE A: REPASSE DESTINADO AO CUSTEIO DAS DESPESAS DE GESTÃO ESCOLAR, EM CONFORMIDADE COM A LEI Nº 1.256, DE 22 DE DEZEMBRO DE 2003, E SUAS ALTERAÇÕES PROMOVIDAS PELAS LEIS Nº 2.309, DE 09 DE MAIO DE 2017; Nº 3.067, DE 03 DE ABRIL DE 2024; E Nº 3.297, DE 13 DE NOVEMBRO DE 2025, BEM COMO PELA PORTARIA GAB/SEMED Nº 0340, DE 25 DE NOVEMBRO DE 2026. EMPENHO E LIQUIDAÇÃO REFERENTE AO MÊS DE MAIO/2026.";;;0;1545;0,00;0,00;Liquidação;813,72;0,00;;813,72
[21165-20260428];0;21165;20260428;2900;2900;2026;21165;06/07/2026;1936391000113;ESCOLA MUNICIPAL AURÉLIO BUARQUE DE HOLANDA;813,72;0,00;"VALOR EMPENHADO REFERENTE A: VALOR EMPENHADO REFERENTE A: REPASSE DESTINADO AO CUSTEIO DAS DESPESAS DE GESTÃO ESCOLAR, EM CONFORMIDADE COM A LEI Nº 1.256, DE 22 DE DEZEMBRO DE 2003, E SUAS ALTERAÇÕES PROMOVIDAS PELAS LEIS Nº 2.309, DE 09 DE MAIO DE 2017; Nº 3.067, DE 03 DE ABRIL DE 2024; E Nº 3.297, DE 13 DE NOVEMBRO DE 2025, BEM COMO PELA PORTARIA GAB/SEMED Nº 0340, DE 25 DE NOVEMBRO DE 2026. EMPENHO E LIQUIDAÇÃO REFERENTE AO MÊS DE MAIO/2026.";;;0;1545;0,00;0,00;Empenho;813,72;0,00;0,00;0,00
[21164-20260427];1;21164;20260427;2900;2900;2026;21164.1;06/07/2026;1936391000113;ESCOLA MUNICIPAL AURÉLIO BUARQUE DE HOLANDA;6.242,31;6.242,31;"VALOR LIQUIDADO REFERENTE A: REPASSE DESTINADO AO CUSTEIO DAS DESPESAS DE GESTÃO ESCOLAR, EM CONFORMIDADE COM A LEI Nº 1.256, DE 22 DE DEZEMBRO DE 2003, E SUAS ALTERAÇÕES PROMOVIDAS PELAS LEIS Nº 2.309, DE 09 DE MAIO DE 2017; Nº 3.067, DE 03 DE ABRIL DE 2024; E Nº 3.297, DE 13 DE NOVEMBRO DE 2025, BEM COMO PELA PORTARIA GAB/SEMED Nº 0340, DE 25 DE NOVEMBRO DE 2026. EMPENHO E LIQUIDAÇÃO REFERENTE AO MÊS DE MAIO/2026.";;;0;1545;0,00;0,00;Liquidação;6.242,31;0,00;;6.242,31
[21164-20260427];0;21164;20260427;2900;2900;2026;21164;06/07/2026;1936391000113;ESCOLA MUNICIPAL AURÉLIO BUARQUE DE HOLANDA;6.242,31;0,00;"VALOR EMPENHADO REFERENTE A: REPASSE DESTINADO AO CUSTEIO DAS DESPESAS DE GESTÃO ESCOLAR, EM CONFORMIDADE COM A LEI Nº 1.256, DE 22 DE DEZEMBRO DE 2003, E SUAS ALTERAÇÕES PROMOVIDAS PELAS LEIS Nº 2.309, DE 09 DE MAIO DE 2017; Nº 3.067, DE 03 DE ABRIL DE 2024; E Nº 3.297, DE 13 DE NOVEMBRO DE 2025, BEM COMO PELA PORTARIA GAB/SEMED Nº 0340, DE 25 DE NOVEMBRO DE 2026. EMPENHO E LIQUIDAÇÃO REFERENTE AO MÊS DE MAIO/2026.";;;0;1545;0,00;0,00;Empenho;6.242,31;0,00;0,00;0,00
[21163-20260428];1;21163;20260428;2900;2900;2026;21163.1;06/07/2026;1936391000113;ESCOLA MUNICIPAL AURÉLIO BUARQUE DE HOLANDA;14.565,40;14.565,40;"REPASSE DESTINADO AO CUSTEIO DAS DESPESAS DE GESTÃO ESCOLAR, EM CONFORMIDADE COM A LEI Nº 1.256, DE 22 DE DEZEMBRO DE 2003, E SUAS ALTERAÇÕES PROMOVIDAS PELAS LEIS Nº 2.309, DE 09 DE MAIO DE 2017; Nº 3.067, DE 03 DE ABRIL DE 2024; E Nº 3.297, DE 13 DE NOVEMBRO DE 2025, BEM COMO PELA PORTARIA GAB/SEMED Nº 0340, DE 25 DE NOVEMBRO DE 2026. EMPENHO E LIQUIDAÇÃO REFERENTE AO MÊS DE MAIO/2026.";;;0;1545;0,00;0,00;Liquidação;14.565,40;0,00;;14.565,40
[21163-20260428];0;21163;20260428;2900;2900;2026;21163;06/07/2026;1936391000113;ESCOLA MUNICIPAL AURÉLIO BUARQUE DE HOLANDA;14.565,40;0,00;"REPASSE DESTINADO AO CUSTEIO DAS DESPESAS DE GESTÃO ESCOLAR, EM CONFORMIDADE COM A LEI Nº 1.256, DE 22 DE DEZEMBRO DE 2003, E SUAS ALTERAÇÕES PROMOVIDAS PELAS LEIS Nº 2.309, DE 09 DE MAIO DE 2017; Nº 3.067, DE 03 DE ABRIL DE 2024; E Nº 3.297, DE 13 DE NOVEMBRO DE 2025, BEM COMO PELA PORTARIA GAB/SEMED Nº 0340, DE 25 DE NOVEMBRO DE 2026. EMPENHO E LIQUIDAÇÃO REFERENTE AO MÊS DE MAIO/2026.";;;0;1545;0,00;0,00;Empenho;14.565,40;0,00;0,00;0,00
[21162-20260427];1;21162;20260427;2900;2900;2026;21162.1;06/07/2026;22131329000124;ACE ETI ARSE 132 (ALMIRANTE TAMANDARE);16.348,63;16.348,63;"VALOR LIQUIDADO REFERENTE A: REPASSE DESTINADO AO CUSTEIO DAS DESPESAS DE GESTÃO ESCOLAR, EM CONFORMIDADE COM A LEI Nº 1.256, DE 22 DE DEZEMBRO DE 2003, E SUAS ALTERAÇÕES PROMOVIDAS PELAS LEIS Nº 2.309, DE 09 DE MAIO DE 2017; Nº 3.067, DE 03 DE ABRIL DE 2024; E Nº 3.297, DE 13 DE NOVEMBRO DE 2025, BEM COMO PELA PORTARIA GAB/SEMED Nº 0340, DE 25 DE NOVEMBRO DE 2026. EMPENHO E LIQUIDAÇÃO REFERENTE AO MÊS DE MAIO/2026.";;;0;1545;0,00;0,00;Liquidação;16.348,63;0,00;;16.348,63
[21162-20260427];0;21162;20260427;2900;2900;2026;21162;06/07/2026;22131329000124;ACE ETI ARSE 132 (ALMIRANTE TAMANDARE);16.348,63;0,00;"VALOR EMPENHADO REFERENTE A: REPASSE DESTINADO AO CUSTEIO DAS DESPESAS DE GESTÃO ESCOLAR, EM CONFORMIDADE COM A LEI Nº 1.256, DE 22 DE DEZEMBRO DE 2003, E SUAS ALTERAÇÕES PROMOVIDAS PELAS LEIS Nº 2.309, DE 09 DE MAIO DE 2017; Nº 3.067, DE 03 DE ABRIL DE 2024; E Nº 3.297, DE 13 DE NOVEMBRO DE 2025, BEM COMO PELA PORTARIA GAB/SEMED Nº 0340, DE 25 DE NOVEMBRO DE 2026. EMPENHO E LIQUIDAÇÃO REFERENTE AO MÊS DE MAIO/2026.";;;0;1545;0,00;0,00;Empenho;16.348,63;0,00;0,00;0,00
[21161-20260428];1;21161;20260428;2900;2900;2026;21161.1;06/07/2026;22131329000124;ACE ETI ARSE 132 (ALMIRANTE TAMANDARE);38.146,80;38.146,80;"REPASSE DESTINADO AO CUSTEIO DAS DESPESAS DE GESTÃO ESCOLAR, EM CONFORMIDADE COM A LEI Nº 1.256, DE 22 DE DEZEMBRO DE 2003, E SUAS ALTERAÇÕES PROMOVIDAS PELAS LEIS Nº 2.309, DE 09 DE MAIO DE 2017; Nº 3.067, DE 03 DE ABRIL DE 2024; E Nº 3.297, DE 13 DE NOVEMBRO DE 2025, BEM COMO PELA PORTARIA GAB/SEMED Nº 0340, DE 25 DE NOVEMBRO DE 2026. EMPENHO E LIQUIDAÇÃO REFERENTE AO MÊS DE MAIO/2026.";;;0;1545;0,00;0,00;Liquidação;38.146,80;0,00;;38.146,80
[21161-20260428];0;21161;20260428;2900;2900;2026;21161;06/07/2026;22131329000124;ACE ETI ARSE 132 (ALMIRANTE TAMANDARE);38.146,80;0,00;"REPASSE DESTINADO AO CUSTEIO DAS DESPESAS DE GESTÃO ESCOLAR, EM CONFORMIDADE COM A LEI Nº 1.256, DE 22 DE DEZEMBRO DE 2003, E SUAS ALTERAÇÕES PROMOVIDAS PELAS LEIS Nº 2.309, DE 09 DE MAIO DE 2017; Nº 3.067, DE 03 DE ABRIL DE 2024; E Nº 3.297, DE 13 DE NOVEMBRO DE 2025, BEM COMO PELA PORTARIA GAB/SEMED Nº 0340, DE 25 DE NOVEMBRO DE 2026. EMPENHO E LIQUIDAÇÃO REFERENTE AO MÊS DE MAIO/2026.";;;0;1545;0,00;0,00;Empenho;38.146,80;0,00;0,00;0,00
[21160-20260427];1;21160;20260427;2900;2900;2026;21160.1;06/07/2026;8198113000155;ESCOLA MUNICIPAL ANTÔNIO GONÇALVES FILHO;3.882,07;3.882,07;"VALOR LIQUIDADO REFERENTE A: REPASSE DESTINADO AO CUSTEIO DAS DESPESAS DE GESTÃO ESCOLAR, EM CONFORMIDADE COM A LEI Nº 1.256, DE 22 DE DEZEMBRO DE 2003, E SUAS ALTERAÇÕES PROMOVIDAS PELAS LEIS Nº 2.309, DE 09 DE MAIO DE 2017; Nº 3.067, DE 03 DE ABRIL DE 2024; E Nº 3.297, DE 13 DE NOVEMBRO DE 2025, BEM COMO PELA PORTARIA GAB/SEMED Nº 0340, DE 25 DE NOVEMBRO DE 2026. EMPENHO E LIQUIDAÇÃO REFERENTE AO MÊS DE MAIO/2026.";;;0;1545;0,00;0,00;Liquidação;3.882,07;0,00;;3.882,07
[21160-20260427];0;21160;20260427;2900;2900;2026;21160;06/07/2026;8198113000155;ESCOLA MUNICIPAL ANTÔNIO GONÇALVES FILHO;3.882,07;0,00;"VALOR EMPENHADO REFERENTE A: REPASSE DESTINADO AO CUSTEIO DAS DESPESAS DE GESTÃO ESCOLAR, EM CONFORMIDADE COM A LEI Nº 1.256, DE 22 DE DEZEMBRO DE 2003, E SUAS ALTERAÇÕES PROMOVIDAS PELAS LEIS Nº 2.309, DE 09 DE MAIO DE 2017; Nº 3.067, DE 03 DE ABRIL DE 2024; E Nº 3.297, DE 13 DE NOVEMBRO DE 2025, BEM COMO PELA PORTARIA GAB/SEMED Nº 0340, DE 25 DE NOVEMBRO DE 2026. EMPENHO E LIQUIDAÇÃO REFERENTE AO MÊS DE MAIO/2026.";;;0;1545;0,00;0,00;Empenho;3.882,07;0,00;0,00;0,00
[21159-20260428];1;21159;20260428;2900;2900;2026;21159.1;06/07/2026;8198113000155;ESCOLA MUNICIPAL ANTÔNIO GONÇALVES FILHO;9.058,17;9.058,17;"REPASSE DESTINADO AO CUSTEIO DAS DESPESAS DE GESTÃO ESCOLAR, EM CONFORMIDADE COM A LEI Nº 1.256, DE 22 DE DEZEMBRO DE 2003, E SUAS ALTERAÇÕES PROMOVIDAS PELAS LEIS Nº 2.309, DE 09 DE MAIO DE 2017; Nº 3.067, DE 03 DE ABRIL DE 2024; E Nº 3.297, DE 13 DE NOVEMBRO DE 2025, BEM COMO PELA PORTARIA GAB/SEMED Nº 0340, DE 25 DE NOVEMBRO DE 2026. EMPENHO E LIQUIDAÇÃO REFERENTE AO MÊS DE MAIO/2026.";;;0;1545;0,00;0,00;Liquidação;9.058,17;0,00;;9.058,17
[21159-20260428];0;21159;20260428;2900;2900;2026;21159;06/07/2026;8198113000155;ESCOLA MUNICIPAL ANTÔNIO GONÇALVES FILHO;9.058,17;0,00;"REPASSE DESTINADO AO CUSTEIO DAS DESPESAS DE GESTÃO ESCOLAR, EM CONFORMIDADE COM A LEI Nº 1.256, DE 22 DE DEZEMBRO DE 2003, E SUAS ALTERAÇÕES PROMOVIDAS PELAS LEIS Nº 2.309, DE 09 DE MAIO DE 2017; Nº 3.067, DE 03 DE ABRIL DE 2024; E Nº 3.297, DE 13 DE NOVEMBRO DE 2025, BEM COMO PELA PORTARIA GAB/SEMED Nº 0340, DE 25 DE NOVEMBRO DE 2026. EMPENHO E LIQUIDAÇÃO REFERENTE AO MÊS DE MAIO/2026.";;;0;1545;0,00;0,00;Empenho;9.058,17;0,00;0,00;0,00
[21158-20260427];1;21158;20260427;2900;2900;2026;21158.1;06/07/2026;1438517000120;ACE - ESCOLA MUNICIPAL ANTÔNIO CARLOS JOBIM;443,85;443,85;"VALOR LIQUIDADO REFERENTE A: VALOR EMPENHADO REFERENTE A: VALOR EMPENHADO REFERENTE A: REPASSE DESTINADO AO CUSTEIO DAS DESPESAS DE GESTÃO ESCOLAR, EM CONFORMIDADE COM A LEI Nº 1.256, DE 22 DE DEZEMBRO DE 2003, E SUAS ALTERAÇÕES PROMOVIDAS PELAS LEIS Nº 2.309, DE 09 DE MAIO DE 2017; Nº 3.067, DE 03 DE ABRIL DE 2024; E Nº 3.297, DE 13 DE NOVEMBRO DE 2025, BEM COMO PELA PORTARIA GAB/SEMED Nº 0340, DE 25 DE NOVEMBRO DE 2026. EMPENHO E LIQUIDAÇÃO REFERENTE AO MÊS DE MAIO/2026.";;;0;1545;0,00;0,00;Liquidação;443,85;0,00;;443,85
[21158-20260427];0;21158;20260427;2900;2900;2026;21158;06/07/2026;1438517000120;ACE - ESCOLA MUNICIPAL ANTÔNIO CARLOS JOBIM;443,85;0,00;"VALOR EMPENHADO REFERENTE A: VALOR EMPENHADO REFERENTE A: VALOR EMPENHADO REFERENTE A: REPASSE DESTINADO AO CUSTEIO DAS DESPESAS DE GESTÃO ESCOLAR, EM CONFORMIDADE COM A LEI Nº 1.256, DE 22 DE DEZEMBRO DE 2003, E SUAS ALTERAÇÕES PROMOVIDAS PELAS LEIS Nº 2.309, DE 09 DE MAIO DE 2017; Nº 3.067, DE 03 DE ABRIL DE 2024; E Nº 3.297, DE 13 DE NOVEMBRO DE 2025, BEM COMO PELA PORTARIA GAB/SEMED Nº 0340, DE 25 DE NOVEMBRO DE 2026. EMPENHO E LIQUIDAÇÃO REFERENTE AO MÊS DE MAIO/2026.";;;0;1545;0,00;0,00;Empenho;443,85;0,00;0,00;0,00
[21157-20260428];1;21157;20260428;2900;2900;2026;21157.1;06/07/2026;1438517000120;ACE - ESCOLA MUNICIPAL ANTÔNIO CARLOS JOBIM;1.035,64;1.035,64;"VALOR LIQUIDADO REFERENTE A: VALOR EMPENHADO REFERENTE A: REPASSE DESTINADO AO CUSTEIO DAS DESPESAS DE GESTÃO ESCOLAR, EM CONFORMIDADE COM A LEI Nº 1.256, DE 22 DE DEZEMBRO DE 2003, E SUAS ALTERAÇÕES PROMOVIDAS PELAS LEIS Nº 2.309, DE 09 DE MAIO DE 2017; Nº 3.067, DE 03 DE ABRIL DE 2024; E Nº 3.297, DE 13 DE NOVEMBRO DE 2025, BEM COMO PELA PORTARIA GAB/SEMED Nº 0340, DE 25 DE NOVEMBRO DE 2026. EMPENHO E LIQUIDAÇÃO REFERENTE AO MÊS DE MAIO/2026.";;;0;1545;0,00;0,00;Liquidação;1.035,64;0,00;;1.035,64
[21157-20260428];0;21157;20260428;2900;2900;2026;21157;06/07/2026;1438517000120;ACE - ESCOLA MUNICIPAL ANTÔNIO CARLOS JOBIM;1.035,64;0,00;"VALOR EMPENHADO REFERENTE A: VALOR EMPENHADO REFERENTE A: REPASSE DESTINADO AO CUSTEIO DAS DESPESAS DE GESTÃO ESCOLAR, EM CONFORMIDADE COM A LEI Nº 1.256, DE 22 DE DEZEMBRO DE 2003, E SUAS ALTERAÇÕES PROMOVIDAS PELAS LEIS Nº 2.309, DE 09 DE MAIO DE 2017; Nº 3.067, DE 03 DE ABRIL DE 2024; E Nº 3.297, DE 13 DE NOVEMBRO DE 2025, BEM COMO PELA PORTARIA GAB/SEMED Nº 0340, DE 25 DE NOVEMBRO DE 2026. EMPENHO E LIQUIDAÇÃO REFERENTE AO MÊS DE MAIO/2026.";;;0;1545;0,00;0,00;Empenho;1.035,64;0,00;0,00;0,00
[21156-20260427];1;21156;20260427;2900;2900;2026;21156.1;06/07/2026;1438517000120;ACE - ESCOLA MUNICIPAL ANTÔNIO CARLOS JOBIM;4.001,84;4.001,84;"VALOR LIQUIDADO REFERENTE A: REPASSE DESTINADO AO CUSTEIO DAS DESPESAS DE GESTÃO ESCOLAR, EM CONFORMIDADE COM A LEI Nº 1.256, DE 22 DE DEZEMBRO DE 2003, E SUAS ALTERAÇÕES PROMOVIDAS PELAS LEIS Nº 2.309, DE 09 DE MAIO DE 2017; Nº 3.067, DE 03 DE ABRIL DE 2024; E Nº 3.297, DE 13 DE NOVEMBRO DE 2025, BEM COMO PELA PORTARIA GAB/SEMED Nº 0340, DE 25 DE NOVEMBRO DE 2026. EMPENHO E LIQUIDAÇÃO REFERENTE AO MÊS DE MAIO/2026.";;;0;1545;0,00;0,00;Liquidação;4.001,84;0,00;;4.001,84
[21156-20260427];0;21156;20260427;2900;2900;2026;21156;06/07/2026;1438517000120;ACE - ESCOLA MUNICIPAL ANTÔNIO CARLOS JOBIM;4.001,84;0,00;"VALOR EMPENHADO REFERENTE A: REPASSE DESTINADO AO CUSTEIO DAS DESPESAS DE GESTÃO ESCOLAR, EM CONFORMIDADE COM A LEI Nº 1.256, DE 22 DE DEZEMBRO DE 2003, E SUAS ALTERAÇÕES PROMOVIDAS PELAS LEIS Nº 2.309, DE 09 DE MAIO DE 2017; Nº 3.067, DE 03 DE ABRIL DE 2024; E Nº 3.297, DE 13 DE NOVEMBRO DE 2025, BEM COMO PELA PORTARIA GAB/SEMED Nº 0340, DE 25 DE NOVEMBRO DE 2026. EMPENHO E LIQUIDAÇÃO REFERENTE AO MÊS DE MAIO/2026.";;;0;1545;0,00;0,00;Empenho;4.001,84;0,00;0,00;0,00
[21155-20260428];1;21155;20260428;2900;2900;2026;21155.1;06/07/2026;1438517000120;ACE - ESCOLA MUNICIPAL ANTÔNIO CARLOS JOBIM;9.331,64;9.331,64;"REPASSE DESTINADO AO CUSTEIO DAS DESPESAS DE GESTÃO ESCOLAR, EM CONFORMIDADE COM A LEI Nº 1.256, DE 22 DE DEZEMBRO DE 2003, E SUAS ALTERAÇÕES PROMOVIDAS PELAS LEIS Nº 2.309, DE 09 DE MAIO DE 2017; Nº 3.067, DE 03 DE ABRIL DE 2024; E Nº 3.297, DE 13 DE NOVEMBRO DE 2025, BEM COMO PELA PORTARIA GAB/SEMED Nº 0340, DE 25 DE NOVEMBRO DE 2026. EMPENHO E LIQUIDAÇÃO REFERENTE AO MÊS DE MAIO/2026.";;;0;1545;0,00;0,00;Liquidação;9.331,64;0,00;;9.331,64
[21155-20260428];0;21155;20260428;2900;2900;2026;21155;06/07/2026;1438517000120;ACE - ESCOLA MUNICIPAL ANTÔNIO CARLOS JOBIM;9.331,64;0,00;"REPASSE DESTINADO AO CUSTEIO DAS DESPESAS DE GESTÃO ESCOLAR, EM CONFORMIDADE COM A LEI Nº 1.256, DE 22 DE DEZEMBRO DE 2003, E SUAS ALTERAÇÕES PROMOVIDAS PELAS LEIS Nº 2.309, DE 09 DE MAIO DE 2017; Nº 3.067, DE 03 DE ABRIL DE 2024; E Nº 3.297, DE 13 DE NOVEMBRO DE 2025, BEM COMO PELA PORTARIA GAB/SEMED Nº 0340, DE 25 DE NOVEMBRO DE 2026. EMPENHO E LIQUIDAÇÃO REFERENTE AO MÊS DE MAIO/2026.";;;0;1545;0,00;0,00;Empenho;9.331,64;0,00;0,00;0,00
[21154-20260427];1;21154;20260427;2900;2900;2026;21154.1;06/07/2026;1934605000112;ESCOLA MUNICIPAL ANNE FRANK;6.796,68;6.796,68;"VALOR LIQUIDADO REFERENTE A: REPASSE DESTINADO AO CUSTEIO DAS DESPESAS DE GESTÃO ESCOLAR, EM CONFORMIDADE COM A LEI Nº 1.256, DE 22 DE DEZEMBRO DE 2003, E SUAS ALTERAÇÕES PROMOVIDAS PELAS LEIS Nº 2.309, DE 09 DE MAIO DE 2017; Nº 3.067, DE 03 DE ABRIL DE 2024; E Nº 3.297, DE 13 DE NOVEMBRO DE 2025, BEM COMO PELA PORTARIA GAB/SEMED Nº 0340, DE 25 DE NOVEMBRO DE 2026. EMPENHO E LIQUIDAÇÃO REFERENTE AO MÊS DE MAIO/2026.";;;0;1545;0,00;0,00;Liquidação;6.796,68;0,00;;6.796,68
[21154-20260427];0;21154;20260427;2900;2900;2026;21154;06/07/2026;1934605000112;ESCOLA MUNICIPAL ANNE FRANK;6.796,68;0,00;"VALOR EMPENHADO REFERENTE A: REPASSE DESTINADO AO CUSTEIO DAS DESPESAS DE GESTÃO ESCOLAR, EM CONFORMIDADE COM A LEI Nº 1.256, DE 22 DE DEZEMBRO DE 2003, E SUAS ALTERAÇÕES PROMOVIDAS PELAS LEIS Nº 2.309, DE 09 DE MAIO DE 2017; Nº 3.067, DE 03 DE ABRIL DE 2024; E Nº 3.297, DE 13 DE NOVEMBRO DE 2025, BEM COMO PELA PORTARIA GAB/SEMED Nº 0340, DE 25 DE NOVEMBRO DE 2026. EMPENHO E LIQUIDAÇÃO REFERENTE AO MÊS DE MAIO/2026.";;;0;1545;0,00;0,00;Empenho;6.796,68;0,00;0,00;0,00
[21153-20260428];1;21153;20260428;2900;2900;2026;21153.1;06/07/2026;1934605000112;ESCOLA MUNICIPAL ANNE FRANK;15.858,93;15.858,93;"REPASSE DESTINADO AO CUSTEIO DAS DESPESAS DE GESTÃO ESCOLAR, EM CONFORMIDADE COM A LEI Nº 1.256, DE 22 DE DEZEMBRO DE 2003, E SUAS ALTERAÇÕES PROMOVIDAS PELAS LEIS Nº 2.309, DE 09 DE MAIO DE 2017; Nº 3.067, DE 03 DE ABRIL DE 2024; E Nº 3.297, DE 13 DE NOVEMBRO DE 2025, BEM COMO PELA PORTARIA GAB/SEMED Nº 0340, DE 25 DE NOVEMBRO DE 2026. EMPENHO E LIQUIDAÇÃO REFERENTE AO MÊS DE MAIO/2026.";;;0;1545;0,00;0,00;Liquidação;15.858,93;0,00;;15.858,93
[21153-20260428];0;21153;20260428;2900;2900;2026;21153;06/07/2026;1934605000112;ESCOLA MUNICIPAL ANNE FRANK;15.858,93;0,00;"REPASSE DESTINADO AO CUSTEIO DAS DESPESAS DE GESTÃO ESCOLAR, EM CONFORMIDADE COM A LEI Nº 1.256, DE 22 DE DEZEMBRO DE 2003, E SUAS ALTERAÇÕES PROMOVIDAS PELAS LEIS Nº 2.309, DE 09 DE MAIO DE 2017; Nº 3.067, DE 03 DE ABRIL DE 2024; E Nº 3.297, DE 13 DE NOVEMBRO DE 2025, BEM COMO PELA PORTARIA GAB/SEMED Nº 0340, DE 25 DE NOVEMBRO DE 2026. EMPENHO E LIQUIDAÇÃO REFERENTE AO MÊS DE MAIO/2026.";;;0;1545;0,00;0,00;Empenho;15.858,93;0,00;0,00;0,00
[21152-20260427];1;21152;20260427;2900;2900;2026;21152.1;06/07/2026;20223015000126;ASSOCIACAO COMUNIDADE ESCOLA DA ESCOLA MUNICIPAL DE TEMPO INTEGRAL ANISIO SPINOLA TEIXEIRA;16.079,64;16.079,64;"VALOR LIQUIDADO REFERENTE A: REPASSE DESTINADO AO CUSTEIO DAS DESPESAS DE GESTÃO ESCOLAR, EM CONFORMIDADE COM A LEI Nº 1.256, DE 22 DE DEZEMBRO DE 2003, E SUAS ALTERAÇÕES PROMOVIDAS PELAS LEIS Nº 2.309, DE 09 DE MAIO DE 2017; Nº 3.067, DE 03 DE ABRIL DE 2024; E Nº 3.297, DE 13 DE NOVEMBRO DE 2025, BEM COMO PELA PORTARIA GAB/SEMED Nº 0340, DE 25 DE NOVEMBRO DE 2026. EMPENHO E LIQUIDAÇÃO REFERENTE AO MÊS DE MAIO/2026.";;;0;1545;0,00;0,00;Liquidação;16.079,64;0,00;;16.079,64
[21152-20260427];0;21152;20260427;2900;2900;2026;21152;06/07/2026;20223015000126;ASSOCIACAO COMUNIDADE ESCOLA DA ESCOLA MUNICIPAL DE TEMPO INTEGRAL ANISIO SPINOLA TEIXEIRA;16.079,64;0,00;"VALOR EMPENHADO REFERENTE A: REPASSE DESTINADO AO CUSTEIO DAS DESPESAS DE GESTÃO ESCOLAR, EM CONFORMIDADE COM A LEI Nº 1.256, DE 22 DE DEZEMBRO DE 2003, E SUAS ALTERAÇÕES PROMOVIDAS PELAS LEIS Nº 2.309, DE 09 DE MAIO DE 2017; Nº 3.067, DE 03 DE ABRIL DE 2024; E Nº 3.297, DE 13 DE NOVEMBRO DE 2025, BEM COMO PELA PORTARIA GAB/SEMED Nº 0340, DE 25 DE NOVEMBRO DE 2026. EMPENHO E LIQUIDAÇÃO REFERENTE AO MÊS DE MAIO/2026.";;;0;1545;0,00;0,00;Empenho;16.079,64;0,00;0,00;0,00
[21151-20260428];1;21151;20260428;2900;2900;2026;21151.1;06/07/2026;20223015000126;ASSOCIACAO COMUNIDADE ESCOLA DA ESCOLA MUNICIPAL DE TEMPO INTEGRAL ANISIO SPINOLA TEIXEIRA;37.519,15;37.519,15;"REPASSE DESTINADO AO CUSTEIO DAS DESPESAS DE GESTÃO ESCOLAR, EM CONFORMIDADE COM A LEI Nº 1.256, DE 22 DE DEZEMBRO DE 2003, E SUAS ALTERAÇÕES PROMOVIDAS PELAS LEIS Nº 2.309, DE 09 DE MAIO DE 2017; Nº 3.067, DE 03 DE ABRIL DE 2024; E Nº 3.297, DE 13 DE NOVEMBRO DE 2025, BEM COMO PELA PORTARIA GAB/SEMED Nº 0340, DE 25 DE NOVEMBRO DE 2026. EMPENHO E LIQUIDAÇÃO REFERENTE AO MÊS DE MAIO/2026.";;;0;1545;0,00;0,00;Liquidação;37.519,15;0,00;;37.519,15
[21151-20260428];0;21151;20260428;2900;2900;2026;21151;06/07/2026;20223015000126;ASSOCIACAO COMUNIDADE ESCOLA DA ESCOLA MUNICIPAL DE TEMPO INTEGRAL ANISIO SPINOLA TEIXEIRA;37.519,15;0,00;"REPASSE DESTINADO AO CUSTEIO DAS DESPESAS DE GESTÃO ESCOLAR, EM CONFORMIDADE COM A LEI Nº 1.256, DE 22 DE DEZEMBRO DE 2003, E SUAS ALTERAÇÕES PROMOVIDAS PELAS LEIS Nº 2.309, DE 09 DE MAIO DE 2017; Nº 3.067, DE 03 DE ABRIL DE 2024; E Nº 3.297, DE 13 DE NOVEMBRO DE 2025, BEM COMO PELA PORTARIA GAB/SEMED Nº 0340, DE 25 DE NOVEMBRO DE 2026. EMPENHO E LIQUIDAÇÃO REFERENTE AO MÊS DE MAIO/2026.";;;0;1545;0,00;0,00;Empenho;37.519,15;0,00;0,00;0,00
[21150-20260427];1;21150;20260427;2900;2900;2026;21150.1;06/07/2026;28161204000123;ACE - ETI PROFESSOR FIDÊNCIO BOGO;10.322,50;10.322,50;"VALOR LIQUIDADO REFERENTE A: REPASSE DESTINADO AO CUSTEIO DAS DESPESAS DE GESTÃO ESCOLAR, EM CONFORMIDADE COM A LEI Nº 1.256, DE 22 DE DEZEMBRO DE 2003, E SUAS ALTERAÇÕES PROMOVIDAS PELAS LEIS Nº 2.309, DE 09 DE MAIO DE 2017; Nº 3.067, DE 03 DE ABRIL DE 2024; E Nº 3.297, DE 13 DE NOVEMBRO DE 2025, BEM COMO PELA PORTARIA GAB/SEMED Nº 0340, DE 25 DE NOVEMBRO DE 2026. EMPENHO E LIQUIDAÇÃO REFERENTE AO MÊS DE MAIO/2026.";;;0;1545;0,00;0,00;Liquidação;10.322,50;0,00;;10.322,50
[21150-20260427];0;21150;20260427;2900;2900;2026;21150;06/07/2026;28161204000123;ACE - ETI PROFESSOR FIDÊNCIO BOGO;10.322,50;0,00;"VALOR EMPENHADO REFERENTE A: REPASSE DESTINADO AO CUSTEIO DAS DESPESAS DE GESTÃO ESCOLAR, EM CONFORMIDADE COM A LEI Nº 1.256, DE 22 DE DEZEMBRO DE 2003, E SUAS ALTERAÇÕES PROMOVIDAS PELAS LEIS Nº 2.309, DE 09 DE MAIO DE 2017; Nº 3.067, DE 03 DE ABRIL DE 2024; E Nº 3.297, DE 13 DE NOVEMBRO DE 2025, BEM COMO PELA PORTARIA GAB/SEMED Nº 0340, DE 25 DE NOVEMBRO DE 2026. EMPENHO E LIQUIDAÇÃO REFERENTE AO MÊS DE MAIO/2026.";;;0;1545;0,00;0,00;Empenho;10.322,50;0,00;0,00;0,00
[21149-20260428];1;21149;20260428;2900;2900;2026;21149.1;06/07/2026;28161204000123;ACE - ETI PROFESSOR FIDÊNCIO BOGO;6.464,48;6.464,48;"REPASSE DESTINADO AO CUSTEIO DAS DESPESAS DE GESTÃO ESCOLAR, EM CONFORMIDADE COM A LEI Nº 1.256, DE 22 DE DEZEMBRO DE 2003, E SUAS ALTERAÇÕES PROMOVIDAS PELAS LEIS Nº 2.309, DE 09 DE MAIO DE 2017; Nº 3.067, DE 03 DE ABRIL DE 2024; E Nº 3.297, DE 13 DE NOVEMBRO DE 2025, BEM COMO PELA PORTARIA GAB/SEMED Nº 0340, DE 25 DE NOVEMBRO DE 2026. EMPENHO E LIQUIDAÇÃO REFERENTE AO MÊS DE MAIO/2026.";;;0;1545;0,00;0,00;Liquidação;6.464,48;0,00;;6.464,48
[21149-20260428];0;21149;20260428;2900;2900;2026;21149;06/07/2026;28161204000123;ACE - ETI PROFESSOR FIDÊNCIO BOGO;6.464,48;0,00;"REPASSE DESTINADO AO CUSTEIO DAS DESPESAS DE GESTÃO ESCOLAR, EM CONFORMIDADE COM A LEI Nº 1.256, DE 22 DE DEZEMBRO DE 2003, E SUAS ALTERAÇÕES PROMOVIDAS PELAS LEIS Nº 2.309, DE 09 DE MAIO DE 2017; Nº 3.067, DE 03 DE ABRIL DE 2024; E Nº 3.297, DE 13 DE NOVEMBRO DE 2025, BEM COMO PELA PORTARIA GAB/SEMED Nº 0340, DE 25 DE NOVEMBRO DE 2026. EMPENHO E LIQUIDAÇÃO REFERENTE AO MÊS DE MAIO/2026.";;;0;1545;0,00;0,00;Empenho;6.464,48;0,00;0,00;0,00
[21148-20260428];1;21148;20260428;2900;2900;2026;21148.1;06/07/2026;1912098000116;ESCOLA MUNICIPAL LUIZ GONZAGA;7.445,68;7.445,68;"VALOR LIQUIDADO REFERENTE A: REPASSE DESTINADO AO CUSTEIO DAS DESPESAS DE GESTÃO ESCOLAR, EM CONFORMIDADE COM A LEI Nº 1.256, DE 22 DE DEZEMBRO DE 2003, E SUAS ALTERAÇÕES PROMOVIDAS PELAS LEIS Nº 2.309, DE 09 DE MAIO DE 2017; Nº 3.067, DE 03 DE ABRIL DE 2024; E Nº 3.297, DE 13 DE NOVEMBRO DE 2025, BEM COMO PELA PORTARIA GAB/SEMED Nº 0340, DE 25 DE NOVEMBRO DE 2026. EMPENHO E LIQUIDAÇÃO REFERENTE AO MÊS DE MAIO/2026.";;;0;1545;0,00;0,00;Liquidação;7.445,68;0,00;;7.445,68
[21148-20260428];0;21148;20260428;2900;2900;2026;21148;06/07/2026;1912098000116;ESCOLA MUNICIPAL LUIZ GONZAGA;7.445,68;0,00;"VALOR EMPENHADO REFERENTE A: REPASSE DESTINADO AO CUSTEIO DAS DESPESAS DE GESTÃO ESCOLAR, EM CONFORMIDADE COM A LEI Nº 1.256, DE 22 DE DEZEMBRO DE 2003, E SUAS ALTERAÇÕES PROMOVIDAS PELAS LEIS Nº 2.309, DE 09 DE MAIO DE 2017; Nº 3.067, DE 03 DE ABRIL DE 2024; E Nº 3.297, DE 13 DE NOVEMBRO DE 2025, BEM COMO PELA PORTARIA GAB/SEMED Nº 0340, DE 25 DE NOVEMBRO DE 2026. EMPENHO E LIQUIDAÇÃO REFERENTE AO MÊS DE MAIO/2026.";;;0;1545;0,00;0,00;Empenho;7.445,68;0,00;0,00;0,00
[21147-20260427];1;21147;20260427;2900;2900;2026;21147.1;06/07/2026;1912098000116;ESCOLA MUNICIPAL LUIZ GONZAGA;8.131,69;8.131,69;"REPASSE DESTINADO AO CUSTEIO DAS DESPESAS DE GESTÃO ESCOLAR, EM CONFORMIDADE COM A LEI Nº 1.256, DE 22 DE DEZEMBRO DE 2003, E SUAS ALTERAÇÕES PROMOVIDAS PELAS LEIS Nº 2.309, DE 09 DE MAIO DE 2017; Nº 3.067, DE 03 DE ABRIL DE 2024; E Nº 3.297, DE 13 DE NOVEMBRO DE 2025, BEM COMO PELA PORTARIA GAB/SEMED Nº 0340, DE 25 DE NOVEMBRO DE 2026. EMPENHO E LIQUIDAÇÃO REFERENTE AO MÊS DE MAIO/2026.";;;0;1545;0,00;0,00;Liquidação;8.131,69;0,00;;8.131,69
[21147-20260427];0;21147;20260427;2900;2900;2026;21147;06/07/2026;1912098000116;ESCOLA MUNICIPAL LUIZ GONZAGA;8.131,69;0,00;"REPASSE DESTINADO AO CUSTEIO DAS DESPESAS DE GESTÃO ESCOLAR, EM CONFORMIDADE COM A LEI Nº 1.256, DE 22 DE DEZEMBRO DE 2003, E SUAS ALTERAÇÕES PROMOVIDAS PELAS LEIS Nº 2.309, DE 09 DE MAIO DE 2017; Nº 3.067, DE 03 DE ABRIL DE 2024; E Nº 3.297, DE 13 DE NOVEMBRO DE 2025, BEM COMO PELA PORTARIA GAB/SEMED Nº 0340, DE 25 DE NOVEMBRO DE 2026. EMPENHO E LIQUIDAÇÃO REFERENTE AO MÊS DE MAIO/2026.";;;0;1545;0,00;0,00;Empenho;8.131,69;0,00;0,00;0,00
[21146-20260427];1;21146;20260427;2900;2900;2026;21146.1;06/07/2026;1916211000131;ESCOLA MUNICIPAL ESTEVÃO DE CASTRO;6.743,44;6.743,44;"VALOR LIQUIDADO REFERENTE A: REPASSE DESTINADO AO CUSTEIO DAS DESPESAS DE GESTÃO ESCOLAR, EM CONFORMIDADE COM A LEI Nº 1.256, DE 22 DE DEZEMBRO DE 2003, E SUAS ALTERAÇÕES PROMOVIDAS PELAS LEIS Nº 2.309, DE 09 DE MAIO DE 2017; Nº 3.067, DE 03 DE ABRIL DE 2024; E Nº 3.297, DE 13 DE NOVEMBRO DE 2025, BEM COMO PELA PORTARIA GAB/SEMED Nº 0340, DE 25 DE NOVEMBRO DE 2026. EMPENHO E LIQUIDAÇÃO REFERENTE AO MÊS DE MAIO/2026.";;;0;1545;0,00;0,00;Liquidação;6.743,44;0,00;;6.743,44
[21146-20260427];0;21146;20260427;2900;2900;2026;21146;06/07/2026;1916211000131;ESCOLA MUNICIPAL ESTEVÃO DE CASTRO;6.743,44;0,00;"VALOR EMPENHADO REFERENTE A: REPASSE DESTINADO AO CUSTEIO DAS DESPESAS DE GESTÃO ESCOLAR, EM CONFORMIDADE COM A LEI Nº 1.256, DE 22 DE DEZEMBRO DE 2003, E SUAS ALTERAÇÕES PROMOVIDAS PELAS LEIS Nº 2.309, DE 09 DE MAIO DE 2017; Nº 3.067, DE 03 DE ABRIL DE 2024; E Nº 3.297, DE 13 DE NOVEMBRO DE 2025, BEM COMO PELA PORTARIA GAB/SEMED Nº 0340, DE 25 DE NOVEMBRO DE 2026. EMPENHO E LIQUIDAÇÃO REFERENTE AO MÊS DE MAIO/2026.";;;0;1545;0,00;0,00;Empenho;6.743,44;0,00;0,00;0,00
[21145-20260428];1;21145;20260428;2900;2900;2026;21145.1;06/07/2026;1916211000131;ESCOLA MUNICIPAL ESTEVÃO DE CASTRO;5.832,81;5.832,81;"REPASSE DESTINADO AO CUSTEIO DAS DESPESAS DE GESTÃO ESCOLAR, EM CONFORMIDADE COM A LEI Nº 1.256, DE 22 DE DEZEMBRO DE 2003, E SUAS ALTERAÇÕES PROMOVIDAS PELAS LEIS Nº 2.309, DE 09 DE MAIO DE 2017; Nº 3.067, DE 03 DE ABRIL DE 2024; E Nº 3.297, DE 13 DE NOVEMBRO DE 2025, BEM COMO PELA PORTARIA GAB/SEMED Nº 0340, DE 25 DE NOVEMBRO DE 2026. EMPENHO E LIQUIDAÇÃO REFERENTE AO MÊS DE MAIO/2026.";;;0;1545;0,00;0,00;Liquidação;5.832,81;0,00;;5.832,81
[21145-20260428];0;21145;20260428;2900;2900;2026;21145;06/07/2026;1916211000131;ESCOLA MUNICIPAL ESTEVÃO DE CASTRO;5.832,81;0,00;"REPASSE DESTINADO AO CUSTEIO DAS DESPESAS DE GESTÃO ESCOLAR, EM CONFORMIDADE COM A LEI Nº 1.256, DE 22 DE DEZEMBRO DE 2003, E SUAS ALTERAÇÕES PROMOVIDAS PELAS LEIS Nº 2.309, DE 09 DE MAIO DE 2017; Nº 3.067, DE 03 DE ABRIL DE 2024; E Nº 3.297, DE 13 DE NOVEMBRO DE 2025, BEM COMO PELA PORTARIA GAB/SEMED Nº 0340, DE 25 DE NOVEMBRO DE 2026. EMPENHO E LIQUIDAÇÃO REFERENTE AO MÊS DE MAIO/2026.";;;0;1545;0,00;0,00;Empenho;5.832,81;0,00;0,00;0,00
[21144-20260427];1;21144;20260427;2900;2900;2026;21144.1;06/07/2026;12397918000103;ACE - ETI CAROLINE CAMPELO CRUZ DA SILVA;28.918,94;28.918,94;"VALOR LIQUIDADO REFERENTE A: REPASSE DESTINADO AO CUSTEIO DAS DESPESAS DE GESTÃO ESCOLAR, EM CONFORMIDADE COM A LEI Nº 1.256, DE 22 DE DEZEMBRO DE 2003, E SUAS ALTERAÇÕES PROMOVIDAS PELAS LEIS Nº 2.309, DE 09 DE MAIO DE 2017; Nº 3.067, DE 03 DE ABRIL DE 2024; E Nº 3.297, DE 13 DE NOVEMBRO DE 2025, BEM COMO PELA PORTARIA GAB/SEMED Nº 0340, DE 25 DE NOVEMBRO DE 2026. EMPENHO E LIQUIDAÇÃO REFERENTE AO MÊS DE MAIO/2026.";;;0;1545;0,00;0,00;Liquidação;28.918,94;0,00;;28.918,94
[21144-20260427];0;21144;20260427;2900;2900;2026;21144;06/07/2026;12397918000103;ACE - ETI CAROLINE CAMPELO CRUZ DA SILVA;28.918,94;0,00;"VALOR EMPENHADO REFERENTE A: REPASSE DESTINADO AO CUSTEIO DAS DESPESAS DE GESTÃO ESCOLAR, EM CONFORMIDADE COM A LEI Nº 1.256, DE 22 DE DEZEMBRO DE 2003, E SUAS ALTERAÇÕES PROMOVIDAS PELAS LEIS Nº 2.309, DE 09 DE MAIO DE 2017; Nº 3.067, DE 03 DE ABRIL DE 2024; E Nº 3.297, DE 13 DE NOVEMBRO DE 2025, BEM COMO PELA PORTARIA GAB/SEMED Nº 0340, DE 25 DE NOVEMBRO DE 2026. EMPENHO E LIQUIDAÇÃO REFERENTE AO MÊS DE MAIO/2026.";;;0;1545;0,00;0,00;Empenho;28.918,94;0,00;0,00;0,00
[21143-20260428];1;21143;20260428;2900;2900;2026;21143.1;06/07/2026;12397918000103;ACE - ETI CAROLINE CAMPELO CRUZ DA SILVA;25.925,18;25.925,18;"REPASSE DESTINADO AO CUSTEIO DAS DESPESAS DE GESTÃO ESCOLAR, EM CONFORMIDADE COM A LEI Nº 1.256, DE 22 DE DEZEMBRO DE 2003, E SUAS ALTERAÇÕES PROMOVIDAS PELAS LEIS Nº 2.309, DE 09 DE MAIO DE 2017; Nº 3.067, DE 03 DE ABRIL DE 2024; E Nº 3.297, DE 13 DE NOVEMBRO DE 2025, BEM COMO PELA PORTARIA GAB/SEMED Nº 0340, DE 25 DE NOVEMBRO DE 2026. EMPENHO E LIQUIDAÇÃO REFERENTE AO MÊS DE MAIO/2026.";;;0;1545;0,00;0,00;Liquidação;25.925,18;0,00;;25.925,18
[21143-20260428];0;21143;20260428;2900;2900;2026;21143;06/07/2026;12397918000103;ACE - ETI CAROLINE CAMPELO CRUZ DA SILVA;25.925,18;0,00;"REPASSE DESTINADO AO CUSTEIO DAS DESPESAS DE GESTÃO ESCOLAR, EM CONFORMIDADE COM A LEI Nº 1.256, DE 22 DE DEZEMBRO DE 2003, E SUAS ALTERAÇÕES PROMOVIDAS PELAS LEIS Nº 2.309, DE 09 DE MAIO DE 2017; Nº 3.067, DE 03 DE ABRIL DE 2024; E Nº 3.297, DE 13 DE NOVEMBRO DE 2025, BEM COMO PELA PORTARIA GAB/SEMED Nº 0340, DE 25 DE NOVEMBRO DE 2026. EMPENHO E LIQUIDAÇÃO REFERENTE AO MÊS DE MAIO/2026.";;;0;1545;0,00;0,00;Empenho;25.925,18;0,00;0,00;0,00
[21142-20260427];1;21142;20260427;2900;2900;2026;21142.1;06/07/2026;8198325000132;ESCOLA MUNICIPAL BEATRIZ RODRIGUES;13.384,75;13.384,75;"VALOR LIQUIDADO REFERENTE A: VALOR EMPENHADO REFERENTE A: VALOR EMPENHADO REFERENTE A: REPASSE DESTINADO AO CUSTEIO DAS DESPESAS DE GESTÃO ESCOLAR, EM CONFORMIDADE COM A LEI Nº 1.256, DE 22 DE DEZEMBRO DE 2003, E SUAS ALTERAÇÕES PROMOVIDAS PELAS LEIS Nº 2.309, DE 09 DE MAIO DE 2017; Nº 3.067, DE 03 DE ABRIL DE 2024; E Nº 3.297, DE 13 DE NOVEMBRO DE 2025, BEM COMO PELA PORTARIA GAB/SEMED Nº 0340, DE 25 DE NOVEMBRO DE 2026. EMPENHO E LIQUIDAÇÃO REFERENTE AO MÊS DE MAIO/2026.";;;0;1545;0,00;0,00;Liquidação;13.384,75;0,00;;13.384,75
[21142-20260427];0;21142;20260427;2900;2900;2026;21142;06/07/2026;8198325000132;ESCOLA MUNICIPAL BEATRIZ RODRIGUES;13.384,75;0,00;"VALOR EMPENHADO REFERENTE A: VALOR EMPENHADO REFERENTE A: VALOR EMPENHADO REFERENTE A: REPASSE DESTINADO AO CUSTEIO DAS DESPESAS DE GESTÃO ESCOLAR, EM CONFORMIDADE COM A LEI Nº 1.256, DE 22 DE DEZEMBRO DE 2003, E SUAS ALTERAÇÕES PROMOVIDAS PELAS LEIS Nº 2.309, DE 09 DE MAIO DE 2017; Nº 3.067, DE 03 DE ABRIL DE 2024; E Nº 3.297, DE 13 DE NOVEMBRO DE 2025, BEM COMO PELA PORTARIA GAB/SEMED Nº 0340, DE 25 DE NOVEMBRO DE 2026. EMPENHO E LIQUIDAÇÃO REFERENTE AO MÊS DE MAIO/2026.";;;0;1545;0,00;0,00;Empenho;13.384,75;0,00;0,00;0,00
[21141-20260428];1;21141;20260428;2900;2900;2026;21141.1;06/07/2026;8198325000132;ESCOLA MUNICIPAL BEATRIZ RODRIGUES;10.045,26;10.045,26;"VALOR LIQUIDADO REFERENTE A: VALOR EMPENHADO REFERENTE A: REPASSE DESTINADO AO CUSTEIO DAS DESPESAS DE GESTÃO ESCOLAR, EM CONFORMIDADE COM A LEI Nº 1.256, DE 22 DE DEZEMBRO DE 2003, E SUAS ALTERAÇÕES PROMOVIDAS PELAS LEIS Nº 2.309, DE 09 DE MAIO DE 2017; Nº 3.067, DE 03 DE ABRIL DE 2024; E Nº 3.297, DE 13 DE NOVEMBRO DE 2025, BEM COMO PELA PORTARIA GAB/SEMED Nº 0340, DE 25 DE NOVEMBRO DE 2026. EMPENHO E LIQUIDAÇÃO REFERENTE AO MÊS DE MAIO/2026.";;;0;1545;0,00;0,00;Liquidação;10.045,26;0,00;;10.045,26
[21141-20260428];0;21141;20260428;2900;2900;2026;21141;06/07/2026;8198325000132;ESCOLA MUNICIPAL BEATRIZ RODRIGUES;10.045,26;0,00;"VALOR EMPENHADO REFERENTE A: VALOR EMPENHADO REFERENTE A: REPASSE DESTINADO AO CUSTEIO DAS DESPESAS DE GESTÃO ESCOLAR, EM CONFORMIDADE COM A LEI Nº 1.256, DE 22 DE DEZEMBRO DE 2003, E SUAS ALTERAÇÕES PROMOVIDAS PELAS LEIS Nº 2.309, DE 09 DE MAIO DE 2017; Nº 3.067, DE 03 DE ABRIL DE 2024; E Nº 3.297, DE 13 DE NOVEMBRO DE 2025, BEM COMO PELA PORTARIA GAB/SEMED Nº 0340, DE 25 DE NOVEMBRO DE 2026. EMPENHO E LIQUIDAÇÃO REFERENTE AO MÊS DE MAIO/2026.";;;0;1545;0,00;0,00;Empenho;10.045,26;0,00;0,00;0,00
[21140-20260427];1;21140;20260427;2900;2900;2026;21140.1;06/07/2026;8198325000132;ESCOLA MUNICIPAL BEATRIZ RODRIGUES;1.336,83;1.336,83;"VALOR LIQUIDADO REFERENTE A: REPASSE DESTINADO AO CUSTEIO DAS DESPESAS DE GESTÃO ESCOLAR, EM CONFORMIDADE COM A LEI Nº 1.256, DE 22 DE DEZEMBRO DE 2003, E SUAS ALTERAÇÕES PROMOVIDAS PELAS LEIS Nº 2.309, DE 09 DE MAIO DE 2017; Nº 3.067, DE 03 DE ABRIL DE 2024; E Nº 3.297, DE 13 DE NOVEMBRO DE 2025, BEM COMO PELA PORTARIA GAB/SEMED Nº 0340, DE 25 DE NOVEMBRO DE 2026. EMPENHO E LIQUIDAÇÃO REFERENTE AO MÊS DE MAIO/2026.";;;0;1545;0,00;0,00;Liquidação;1.336,83;0,00;;1.336,83
[21140-20260427];0;21140;20260427;2900;2900;2026;21140;06/07/2026;8198325000132;ESCOLA MUNICIPAL BEATRIZ RODRIGUES;1.336,83;0,00;"VALOR EMPENHADO REFERENTE A: REPASSE DESTINADO AO CUSTEIO DAS DESPESAS DE GESTÃO ESCOLAR, EM CONFORMIDADE COM A LEI Nº 1.256, DE 22 DE DEZEMBRO DE 2003, E SUAS ALTERAÇÕES PROMOVIDAS PELAS LEIS Nº 2.309, DE 09 DE MAIO DE 2017; Nº 3.067, DE 03 DE ABRIL DE 2024; E Nº 3.297, DE 13 DE NOVEMBRO DE 2025, BEM COMO PELA PORTARIA GAB/SEMED Nº 0340, DE 25 DE NOVEMBRO DE 2026. EMPENHO E LIQUIDAÇÃO REFERENTE AO MÊS DE MAIO/2026.";;;0;1545;0,00;0,00;Empenho;1.336,83;0,00;0,00;0,00
[21139-20260428];1;21139;20260428;2900;2900;2026;21139.1;06/07/2026;8198325000132;ESCOLA MUNICIPAL BEATRIZ RODRIGUES;1.093,77;1.093,77;"REPASSE DESTINADO AO CUSTEIO DAS DESPESAS DE GESTÃO ESCOLAR, EM CONFORMIDADE COM A LEI Nº 1.256, DE 22 DE DEZEMBRO DE 2003, E SUAS ALTERAÇÕES PROMOVIDAS PELAS LEIS Nº 2.309, DE 09 DE MAIO DE 2017; Nº 3.067, DE 03 DE ABRIL DE 2024; E Nº 3.297, DE 13 DE NOVEMBRO DE 2025, BEM COMO PELA PORTARIA GAB/SEMED Nº 0340, DE 25 DE NOVEMBRO DE 2026. EMPENHO E LIQUIDAÇÃO REFERENTE AO MÊS DE MAIO/2026.";;;0;1545;0,00;0,00;Liquidação;1.093,77;0,00;;1.093,77
[21139-20260428];0;21139;20260428;2900;2900;2026;21139;06/07/2026;8198325000132;ESCOLA MUNICIPAL BEATRIZ RODRIGUES;1.093,77;0,00;"REPASSE DESTINADO AO CUSTEIO DAS DESPESAS DE GESTÃO ESCOLAR, EM CONFORMIDADE COM A LEI Nº 1.256, DE 22 DE DEZEMBRO DE 2003, E SUAS ALTERAÇÕES PROMOVIDAS PELAS LEIS Nº 2.309, DE 09 DE MAIO DE 2017; Nº 3.067, DE 03 DE ABRIL DE 2024; E Nº 3.297, DE 13 DE NOVEMBRO DE 2025, BEM COMO PELA PORTARIA GAB/SEMED Nº 0340, DE 25 DE NOVEMBRO DE 2026. EMPENHO E LIQUIDAÇÃO REFERENTE AO MÊS DE MAIO/2026.";;;0;1545;0,00;0,00;Empenho;1.093,77;0,00;0,00;0,00
[21138-20260427];1;21138;20260427;2900;2900;2026;21138.1;06/07/2026;1506960000190;ACE -  ETI APRÍGIO THOMAZ DE MATOS;6.617,66;6.617,66;"VALOR LIQUIDADO REFERENTE A: VALOR EMPENHADO REFERENTE A: VALOR EMPENHADO REFERENTE A: REPASSE DESTINADO AO CUSTEIO DAS DESPESAS DE GESTÃO ESCOLAR, EM CONFORMIDADE COM A LEI Nº 1.256, DE 22 DE DEZEMBRO DE 2003, E SUAS ALTERAÇÕES PROMOVIDAS PELAS LEIS Nº 2.309, DE 09 DE MAIO DE 2017; Nº 3.067, DE 03 DE ABRIL DE 2024; E Nº 3.297, DE 13 DE NOVEMBRO DE 2025, BEM COMO PELA PORTARIA GAB/SEMED Nº 0340, DE 25 DE NOVEMBRO DE 2026. EMPENHO E LIQUIDAÇÃO REFERENTE AO MÊS DE MAIO/2026.";;;0;1545;0,00;0,00;Liquidação;6.617,66;0,00;;6.617,66
[21138-20260427];0;21138;20260427;2900;2900;2026;21138;06/07/2026;1506960000190;ACE -  ETI APRÍGIO THOMAZ DE MATOS;6.617,66;0,00;"VALOR EMPENHADO REFERENTE A: VALOR EMPENHADO REFERENTE A: VALOR EMPENHADO REFERENTE A: REPASSE DESTINADO AO CUSTEIO DAS DESPESAS DE GESTÃO ESCOLAR, EM CONFORMIDADE COM A LEI Nº 1.256, DE 22 DE DEZEMBRO DE 2003, E SUAS ALTERAÇÕES PROMOVIDAS PELAS LEIS Nº 2.309, DE 09 DE MAIO DE 2017; Nº 3.067, DE 03 DE ABRIL DE 2024; E Nº 3.297, DE 13 DE NOVEMBRO DE 2025, BEM COMO PELA PORTARIA GAB/SEMED Nº 0340, DE 25 DE NOVEMBRO DE 2026. EMPENHO E LIQUIDAÇÃO REFERENTE AO MÊS DE MAIO/2026.";;;0;1545;0,00;0,00;Empenho;6.617,66;0,00;0,00;0,00
[21137-20260428];1;21137;20260428;2900;2900;2026;21137.1;06/07/2026;1506960000190;ACE -  ETI APRÍGIO THOMAZ DE MATOS;5.188,02;5.188,02;"VALOR LIQUIDADO REFERENTE A: VALOR EMPENHADO REFERENTE A: REPASSE DESTINADO AO CUSTEIO DAS DESPESAS DE GESTÃO ESCOLAR, EM CONFORMIDADE COM A LEI Nº 1.256, DE 22 DE DEZEMBRO DE 2003, E SUAS ALTERAÇÕES PROMOVIDAS PELAS LEIS Nº 2.309, DE 09 DE MAIO DE 2017; Nº 3.067, DE 03 DE ABRIL DE 2024; E Nº 3.297, DE 13 DE NOVEMBRO DE 2025, BEM COMO PELA PORTARIA GAB/SEMED Nº 0340, DE 25 DE NOVEMBRO DE 2026. EMPENHO E LIQUIDAÇÃO REFERENTE AO MÊS DE MAIO/2026.";;;0;1545;0,00;0,00;Liquidação;5.188,02;0,00;;5.188,02
[21137-20260428];0;21137;20260428;2900;2900;2026;21137;06/07/2026;1506960000190;ACE -  ETI APRÍGIO THOMAZ DE MATOS;5.188,02;0,00;"VALOR EMPENHADO REFERENTE A: VALOR EMPENHADO REFERENTE A: REPASSE DESTINADO AO CUSTEIO DAS DESPESAS DE GESTÃO ESCOLAR, EM CONFORMIDADE COM A LEI Nº 1.256, DE 22 DE DEZEMBRO DE 2003, E SUAS ALTERAÇÕES PROMOVIDAS PELAS LEIS Nº 2.309, DE 09 DE MAIO DE 2017; Nº 3.067, DE 03 DE ABRIL DE 2024; E Nº 3.297, DE 13 DE NOVEMBRO DE 2025, BEM COMO PELA PORTARIA GAB/SEMED Nº 0340, DE 25 DE NOVEMBRO DE 2026. EMPENHO E LIQUIDAÇÃO REFERENTE AO MÊS DE MAIO/2026.";;;0;1545;0,00;0,00;Empenho;5.188,02;0,00;0,00;0,00
[21136-20260480];1;21136;20260480;2900;2900;2026;21136.1;06/07/2026;1506960000190;ACE -  ETI APRÍGIO THOMAZ DE MATOS;1.041,09;1.041,09;"VALOR LIQUIDADO REFERENTE A: REPASSE DESTINADO AO CUSTEIO DAS DESPESAS DE GESTÃO ESCOLAR, EM CONFORMIDADE COM A LEI Nº 1.256, DE 22 DE DEZEMBRO DE 2003, E SUAS ALTERAÇÕES PROMOVIDAS PELAS LEIS Nº 2.309, DE 09 DE MAIO DE 2017; Nº 3.067, DE 03 DE ABRIL DE 2024; E Nº 3.297, DE 13 DE NOVEMBRO DE 2025, BEM COMO PELA PORTARIA GAB/SEMED Nº 0340, DE 25 DE NOVEMBRO DE 2026. EMPENHO E LIQUIDAÇÃO REFERENTE AO MÊS DE MAIO/2026.";;;0;1545;0,00;0,00;Liquidação;1.041,09;0,00;;1.041,09
[21136-20260480];0;21136;20260480;2900;2900;2026;21136;06/07/2026;1506960000190;ACE -  ETI APRÍGIO THOMAZ DE MATOS;1.041,09;0,00;"VALOR EMPENHADO REFERENTE A: REPASSE DESTINADO AO CUSTEIO DAS DESPESAS DE GESTÃO ESCOLAR, EM CONFORMIDADE COM A LEI Nº 1.256, DE 22 DE DEZEMBRO DE 2003, E SUAS ALTERAÇÕES PROMOVIDAS PELAS LEIS Nº 2.309, DE 09 DE MAIO DE 2017; Nº 3.067, DE 03 DE ABRIL DE 2024; E Nº 3.297, DE 13 DE NOVEMBRO DE 2025, BEM COMO PELA PORTARIA GAB/SEMED Nº 0340, DE 25 DE NOVEMBRO DE 2026. EMPENHO E LIQUIDAÇÃO REFERENTE AO MÊS DE MAIO/2026.";;;0;1545;0,00;0,00;Empenho;1.041,09;0,00;0,00;0,00
[21135-20260481];1;21135;20260481;2900;2900;2026;21135.1;06/07/2026;1506960000190;ACE -  ETI APRÍGIO THOMAZ DE MATOS;851,80;851,80;"REPASSE DESTINADO AO CUSTEIO DAS DESPESAS DE GESTÃO ESCOLAR, EM CONFORMIDADE COM A LEI Nº 1.256, DE 22 DE DEZEMBRO DE 2003, E SUAS ALTERAÇÕES PROMOVIDAS PELAS LEIS Nº 2.309, DE 09 DE MAIO DE 2017; Nº 3.067, DE 03 DE ABRIL DE 2024; E Nº 3.297, DE 13 DE NOVEMBRO DE 2025, BEM COMO PELA PORTARIA GAB/SEMED Nº 0340, DE 25 DE NOVEMBRO DE 2026. EMPENHO E LIQUIDAÇÃO REFERENTE AO MÊS DE MAIO/2026.";;;0;1545;0,00;0,00;Liquidação;851,80;0,00;;851,80
[21135-20260481];0;21135;20260481;2900;2900;2026;21135;06/07/2026;1506960000190;ACE -  ETI APRÍGIO THOMAZ DE MATOS;851,80;0,00;"REPASSE DESTINADO AO CUSTEIO DAS DESPESAS DE GESTÃO ESCOLAR, EM CONFORMIDADE COM A LEI Nº 1.256, DE 22 DE DEZEMBRO DE 2003, E SUAS ALTERAÇÕES PROMOVIDAS PELAS LEIS Nº 2.309, DE 09 DE MAIO DE 2017; Nº 3.067, DE 03 DE ABRIL DE 2024; E Nº 3.297, DE 13 DE NOVEMBRO DE 2025, BEM COMO PELA PORTARIA GAB/SEMED Nº 0340, DE 25 DE NOVEMBRO DE 2026. EMPENHO E LIQUIDAÇÃO REFERENTE AO MÊS DE MAIO/2026.";;;0;1545;0,00;0,00;Empenho;851,80;0,00;0,00;0,00
[21134-20260481];1;21134;20260481;2900;2900;2026;21134.1;06/07/2026;44151469000105;ASSOCIACAO COMUNIDADE DO CENTRO MUNICIPAL DE EDUCACAO INFANTIL TEREZINHA ALVES EVANGELISTA;4.219,16;4.219,16;"VALOR LIQUIDADO REFERENTE A: VALOR EMPENHADO REFERENTE A: VALOR EMPENHADO REFERENTE A: REPASSE DESTINADO AO CUSTEIO DAS DESPESAS DE GESTÃO ESCOLAR, EM CONFORMIDADE COM A LEI Nº 1.256, DE 22 DE DEZEMBRO DE 2003, E SUAS ALTERAÇÕES PROMOVIDAS PELAS LEIS Nº 2.309, DE 09 DE MAIO DE 2017; Nº 3.067, DE 03 DE ABRIL DE 2024; E Nº 3.297, DE 13 DE NOVEMBRO DE 2025, BEM COMO PELA PORTARIA GAB/SEMED Nº 0340, DE 25 DE NOVEMBRO DE 2026. EMPENHO E LIQUIDAÇÃO REFERENTE AO MÊS DE MAIO/2026.";;;0;1545;0,00;0,00;Liquidação;4.219,16;0,00;;4.219,16
[21134-20260481];0;21134;20260481;2900;2900;2026;21134;06/07/2026;44151469000105;ASSOCIACAO COMUNIDADE DO CENTRO MUNICIPAL DE EDUCACAO INFANTIL TEREZINHA ALVES EVANGELISTA;4.219,16;0,00;"VALOR EMPENHADO REFERENTE A: VALOR EMPENHADO REFERENTE A: VALOR EMPENHADO REFERENTE A: REPASSE DESTINADO AO CUSTEIO DAS DESPESAS DE GESTÃO ESCOLAR, EM CONFORMIDADE COM A LEI Nº 1.256, DE 22 DE DEZEMBRO DE 2003, E SUAS ALTERAÇÕES PROMOVIDAS PELAS LEIS Nº 2.309, DE 09 DE MAIO DE 2017; Nº 3.067, DE 03 DE ABRIL DE 2024; E Nº 3.297, DE 13 DE NOVEMBRO DE 2025, BEM COMO PELA PORTARIA GAB/SEMED Nº 0340, DE 25 DE NOVEMBRO DE 2026. EMPENHO E LIQUIDAÇÃO REFERENTE AO MÊS DE MAIO/2026.";;;0;1545;0,00;0,00;Empenho;4.219,16;0,00;0,00;0,00
[21133-20260480];1;21133;20260480;2900;2900;2026;21133.1;06/07/2026;44151469000105;ASSOCIACAO COMUNIDADE DO CENTRO MUNICIPAL DE EDUCACAO INFANTIL TEREZINHA ALVES EVANGELISTA;1.808,21;1.808,21;"VALOR LIQUIDADO REFERENTE A: VALOR EMPENHADO REFERENTE A: REPASSE DESTINADO AO CUSTEIO DAS DESPESAS DE GESTÃO ESCOLAR, EM CONFORMIDADE COM A LEI Nº 1.256, DE 22 DE DEZEMBRO DE 2003, E SUAS ALTERAÇÕES PROMOVIDAS PELAS LEIS Nº 2.309, DE 09 DE MAIO DE 2017; Nº 3.067, DE 03 DE ABRIL DE 2024; E Nº 3.297, DE 13 DE NOVEMBRO DE 2025, BEM COMO PELA PORTARIA GAB/SEMED Nº 0340, DE 25 DE NOVEMBRO DE 2026. EMPENHO E LIQUIDAÇÃO REFERENTE AO MÊS DE MAIO/2026.";;;0;1545;0,00;0,00;Liquidação;1.808,21;0,00;;1.808,21
[21133-20260480];0;21133;20260480;2900;2900;2026;21133;06/07/2026;44151469000105;ASSOCIACAO COMUNIDADE DO CENTRO MUNICIPAL DE EDUCACAO INFANTIL TEREZINHA ALVES EVANGELISTA;1.808,21;0,00;"VALOR EMPENHADO REFERENTE A: VALOR EMPENHADO REFERENTE A: REPASSE DESTINADO AO CUSTEIO DAS DESPESAS DE GESTÃO ESCOLAR, EM CONFORMIDADE COM A LEI Nº 1.256, DE 22 DE DEZEMBRO DE 2003, E SUAS ALTERAÇÕES PROMOVIDAS PELAS LEIS Nº 2.309, DE 09 DE MAIO DE 2017; Nº 3.067, DE 03 DE ABRIL DE 2024; E Nº 3.297, DE 13 DE NOVEMBRO DE 2025, BEM COMO PELA PORTARIA GAB/SEMED Nº 0340, DE 25 DE NOVEMBRO DE 2026. EMPENHO E LIQUIDAÇÃO REFERENTE AO MÊS DE MAIO/2026.";;;0;1545;0,00;0,00;Empenho;1.808,21;0,00;0,00;0,00
[21132-20260481];1;21132;20260481;2900;2900;2026;21132.1;06/07/2026;44151469000105;ASSOCIACAO COMUNIDADE DO CENTRO MUNICIPAL DE EDUCACAO INFANTIL TEREZINHA ALVES EVANGELISTA;6.415,91;6.415,91;"VALOR LIQUIDADO REFERENTE A: REPASSE DESTINADO AO CUSTEIO DAS DESPESAS DE GESTÃO ESCOLAR, EM CONFORMIDADE COM A LEI Nº 1.256, DE 22 DE DEZEMBRO DE 2003, E SUAS ALTERAÇÕES PROMOVIDAS PELAS LEIS Nº 2.309, DE 09 DE MAIO DE 2017; Nº 3.067, DE 03 DE ABRIL DE 2024; E Nº 3.297, DE 13 DE NOVEMBRO DE 2025, BEM COMO PELA PORTARIA GAB/SEMED Nº 0340, DE 25 DE NOVEMBRO DE 2026. EMPENHO E LIQUIDAÇÃO REFERENTE AO MÊS DE MAIO/2026.";;;0;1545;0,00;0,00;Liquidação;6.415,91;0,00;;6.415,91
[21132-20260481];0;21132;20260481;2900;2900;2026;21132;06/07/2026;44151469000105;ASSOCIACAO COMUNIDADE DO CENTRO MUNICIPAL DE EDUCACAO INFANTIL TEREZINHA ALVES EVANGELISTA;6.415,91;0,00;"VALOR EMPENHADO REFERENTE A: REPASSE DESTINADO AO CUSTEIO DAS DESPESAS DE GESTÃO ESCOLAR, EM CONFORMIDADE COM A LEI Nº 1.256, DE 22 DE DEZEMBRO DE 2003, E SUAS ALTERAÇÕES PROMOVIDAS PELAS LEIS Nº 2.309, DE 09 DE MAIO DE 2017; Nº 3.067, DE 03 DE ABRIL DE 2024; E Nº 3.297, DE 13 DE NOVEMBRO DE 2025, BEM COMO PELA PORTARIA GAB/SEMED Nº 0340, DE 25 DE NOVEMBRO DE 2026. EMPENHO E LIQUIDAÇÃO REFERENTE AO MÊS DE MAIO/2026.";;;0;1545;0,00;0,00;Empenho;6.415,91;0,00;0,00;0,00
[21131-20260480];1;21131;20260480;2900;2900;2026;21131.1;06/07/2026;44151469000105;ASSOCIACAO COMUNIDADE DO CENTRO MUNICIPAL DE EDUCACAO INFANTIL TEREZINHA ALVES EVANGELISTA;2.749,68;2.749,68;"REPASSE DESTINADO AO CUSTEIO DAS DESPESAS DE GESTÃO ESCOLAR, EM CONFORMIDADE COM A LEI Nº 1.256, DE 22 DE DEZEMBRO DE 2003, E SUAS ALTERAÇÕES PROMOVIDAS PELAS LEIS Nº 2.309, DE 09 DE MAIO DE 2017; Nº 3.067, DE 03 DE ABRIL DE 2024; E Nº 3.297, DE 13 DE NOVEMBRO DE 2025, BEM COMO PELA PORTARIA GAB/SEMED Nº 0340, DE 25 DE NOVEMBRO DE 2026. EMPENHO E LIQUIDAÇÃO REFERENTE AO MÊS DE MAIO/2026.";;;0;1545;0,00;0,00;Liquidação;2.749,68;0,00;;2.749,68
[21131-20260480];0;21131;20260480;2900;2900;2026;21131;06/07/2026;44151469000105;ASSOCIACAO COMUNIDADE DO CENTRO MUNICIPAL DE EDUCACAO INFANTIL TEREZINHA ALVES EVANGELISTA;2.749,68;0,00;"REPASSE DESTINADO AO CUSTEIO DAS DESPESAS DE GESTÃO ESCOLAR, EM CONFORMIDADE COM A LEI Nº 1.256, DE 22 DE DEZEMBRO DE 2003, E SUAS ALTERAÇÕES PROMOVIDAS PELAS LEIS Nº 2.309, DE 09 DE MAIO DE 2017; Nº 3.067, DE 03 DE ABRIL DE 2024; E Nº 3.297, DE 13 DE NOVEMBRO DE 2025, BEM COMO PELA PORTARIA GAB/SEMED Nº 0340, DE 25 DE NOVEMBRO DE 2026. EMPENHO E LIQUIDAÇÃO REFERENTE AO MÊS DE MAIO/2026.";;;0;1545;0,00;0,00;Empenho;2.749,68;0,00;0,00;0,00
[21130-20260428];1;21130;20260428;2900;2900;2026;21130.1;06/07/2026;11686215000124;ACCEI - CMEI SONHO DE CRIANÇA;690,46;690,46;"VALOR LIQUIDADO REFERENTE A: VALOR EMPENHADO REFERENTE A: VALOR EMPENHADO REFERENTE A: VALOR EMPENHADO REFERENTE A: VALOR EMPENHADO REFERENTE A: REPASSE DESTINADO AO CUSTEIO DAS DESPESAS DE GESTÃO ESCOLAR, EM CONFORMIDADE COM A LEI Nº 1.256, DE 22 DE DEZEMBRO DE 2003, E SUAS ALTERAÇÕES PROMOVIDAS PELAS LEIS Nº 2.309, DE 09 DE MAIO DE 2017; Nº 3.067, DE 03 DE ABRIL DE 2024; E Nº 3.297, DE 13 DE NOVEMBRO DE 2025, BEM COMO PELA PORTARIA GAB/SEMED Nº 0340, DE 25 DE NOVEMBRO DE 2026. EMPENHO E LIQUIDAÇÃO REFERENTE AO MÊS DE MAIO/2026.";;;0;1545;0,00;0,00;Liquidação;690,46;0,00;;690,46
[21130-20260428];0;21130;20260428;2900;2900;2026;21130;06/07/2026;11686215000124;ACCEI - CMEI SONHO DE CRIANÇA;690,46;0,00;"VALOR EMPENHADO REFERENTE A: VALOR EMPENHADO REFERENTE A: VALOR EMPENHADO REFERENTE A: VALOR EMPENHADO REFERENTE A: VALOR EMPENHADO REFERENTE A: REPASSE DESTINADO AO CUSTEIO DAS DESPESAS DE GESTÃO ESCOLAR, EM CONFORMIDADE COM A LEI Nº 1.256, DE 22 DE DEZEMBRO DE 2003, E SUAS ALTERAÇÕES PROMOVIDAS PELAS LEIS Nº 2.309, DE 09 DE MAIO DE 2017; Nº 3.067, DE 03 DE ABRIL DE 2024; E Nº 3.297, DE 13 DE NOVEMBRO DE 2025, BEM COMO PELA PORTARIA GAB/SEMED Nº 0340, DE 25 DE NOVEMBRO DE 2026. EMPENHO E LIQUIDAÇÃO REFERENTE AO MÊS DE MAIO/2026.";;;0;1545;0,00;0,00;Empenho;690,46;0,00;0,00;0,00
[21129-20260427];1;21129;20260427;2900;2900;2026;21129.1;06/07/2026;11686215000124;ACCEI - CMEI SONHO DE CRIANÇA;295,91;295,91;"VALOR LIQUIDADO REFERENTE A: VALOR EMPENHADO REFERENTE A: VALOR EMPENHADO REFERENTE A: VALOR EMPENHADO REFERENTE A: REPASSE DESTINADO AO CUSTEIO DAS DESPESAS DE GESTÃO ESCOLAR, EM CONFORMIDADE COM A LEI Nº 1.256, DE 22 DE DEZEMBRO DE 2003, E SUAS ALTERAÇÕES PROMOVIDAS PELAS LEIS Nº 2.309, DE 09 DE MAIO DE 2017; Nº 3.067, DE 03 DE ABRIL DE 2024; E Nº 3.297, DE 13 DE NOVEMBRO DE 2025, BEM COMO PELA PORTARIA GAB/SEMED Nº 0340, DE 25 DE NOVEMBRO DE 2026. EMPENHO E LIQUIDAÇÃO REFERENTE AO MÊS DE MAIO/2026.";;;0;1545;0,00;0,00;Liquidação;295,91;0,00;;295,91
[21129-20260427];0;21129;20260427;2900;2900;2026;21129;06/07/2026;11686215000124;ACCEI - CMEI SONHO DE CRIANÇA;295,91;0,00;"VALOR EMPENHADO REFERENTE A: VALOR EMPENHADO REFERENTE A: VALOR EMPENHADO REFERENTE A: VALOR EMPENHADO REFERENTE A: REPASSE DESTINADO AO CUSTEIO DAS DESPESAS DE GESTÃO ESCOLAR, EM CONFORMIDADE COM A LEI Nº 1.256, DE 22 DE DEZEMBRO DE 2003, E SUAS ALTERAÇÕES PROMOVIDAS PELAS LEIS Nº 2.309, DE 09 DE MAIO DE 2017; Nº 3.067, DE 03 DE ABRIL DE 2024; E Nº 3.297, DE 13 DE NOVEMBRO DE 2025, BEM COMO PELA PORTARIA GAB/SEMED Nº 0340, DE 25 DE NOVEMBRO DE 2026. EMPENHO E LIQUIDAÇÃO REFERENTE AO MÊS DE MAIO/2026.";;;0;1545;0,00;0,00;Empenho;295,91;0,00;0,00;0,00
[21128-20260481];1;21128;20260481;2900;2900;2026;21128.1;06/07/2026;11686215000124;ACCEI - CMEI SONHO DE CRIANÇA;4.109,88;4.109,88;"VALOR LIQUIDADO REFERENTE A: VALOR EMPENHADO REFERENTE A: VALOR EMPENHADO REFERENTE A: REPASSE DESTINADO AO CUSTEIO DAS DESPESAS DE GESTÃO ESCOLAR, EM CONFORMIDADE COM A LEI Nº 1.256, DE 22 DE DEZEMBRO DE 2003, E SUAS ALTERAÇÕES PROMOVIDAS PELAS LEIS Nº 2.309, DE 09 DE MAIO DE 2017; Nº 3.067, DE 03 DE ABRIL DE 2024; E Nº 3.297, DE 13 DE NOVEMBRO DE 2025, BEM COMO PELA PORTARIA GAB/SEMED Nº 0340, DE 25 DE NOVEMBRO DE 2026. EMPENHO E LIQUIDAÇÃO REFERENTE AO MÊS DE MAIO/2026.";;;0;1545;0,00;0,00;Liquidação;4.109,88;0,00;;4.109,88
[21128-20260481];0;21128;20260481;2900;2900;2026;21128;06/07/2026;11686215000124;ACCEI - CMEI SONHO DE CRIANÇA;4.109,88;0,00;"VALOR EMPENHADO REFERENTE A: VALOR EMPENHADO REFERENTE A: VALOR EMPENHADO REFERENTE A: REPASSE DESTINADO AO CUSTEIO DAS DESPESAS DE GESTÃO ESCOLAR, EM CONFORMIDADE COM A LEI Nº 1.256, DE 22 DE DEZEMBRO DE 2003, E SUAS ALTERAÇÕES PROMOVIDAS PELAS LEIS Nº 2.309, DE 09 DE MAIO DE 2017; Nº 3.067, DE 03 DE ABRIL DE 2024; E Nº 3.297, DE 13 DE NOVEMBRO DE 2025, BEM COMO PELA PORTARIA GAB/SEMED Nº 0340, DE 25 DE NOVEMBRO DE 2026. EMPENHO E LIQUIDAÇÃO REFERENTE AO MÊS DE MAIO/2026.";;;0;1545;0,00;0,00;Empenho;4.109,88;0,00;0,00;0,00
[21127-20260480];1;21127;20260480;2900;2900;2026;21127.1;06/07/2026;11686215000124;ACCEI - CMEI SONHO DE CRIANÇA;1.761,38;1.761,38;"VALOR LIQUIDADO REFERENTE A: VALOR EMPENHADO REFERENTE A: REPASSE DESTINADO AO CUSTEIO DAS DESPESAS DE GESTÃO ESCOLAR, EM CONFORMIDADE COM A LEI Nº 1.256, DE 22 DE DEZEMBRO DE 2003, E SUAS ALTERAÇÕES PROMOVIDAS PELAS LEIS Nº 2.309, DE 09 DE MAIO DE 2017; Nº 3.067, DE 03 DE ABRIL DE 2024; E Nº 3.297, DE 13 DE NOVEMBRO DE 2025, BEM COMO PELA PORTARIA GAB/SEMED Nº 0340, DE 25 DE NOVEMBRO DE 2026. EMPENHO E LIQUIDAÇÃO REFERENTE AO MÊS DE MAIO/2026.";;;0;1545;0,00;0,00;Liquidação;1.761,38;0,00;;1.761,38
[21127-20260480];0;21127;20260480;2900;2900;2026;21127;06/07/2026;11686215000124;ACCEI - CMEI SONHO DE CRIANÇA;1.761,38;0,00;"VALOR EMPENHADO REFERENTE A: VALOR EMPENHADO REFERENTE A: REPASSE DESTINADO AO CUSTEIO DAS DESPESAS DE GESTÃO ESCOLAR, EM CONFORMIDADE COM A LEI Nº 1.256, DE 22 DE DEZEMBRO DE 2003, E SUAS ALTERAÇÕES PROMOVIDAS PELAS LEIS Nº 2.309, DE 09 DE MAIO DE 2017; Nº 3.067, DE 03 DE ABRIL DE 2024; E Nº 3.297, DE 13 DE NOVEMBRO DE 2025, BEM COMO PELA PORTARIA GAB/SEMED Nº 0340, DE 25 DE NOVEMBRO DE 2026. EMPENHO E LIQUIDAÇÃO REFERENTE AO MÊS DE MAIO/2026.";;;0;1545;0,00;0,00;Empenho;1.761,38;0,00;0,00;0,00
[21126-20260481];1;21126;20260481;2900;2900;2026;21126.1;06/07/2026;11686215000124;ACCEI - CMEI SONHO DE CRIANÇA;7.663,41;7.663,41;"VALOR LIQUIDADO REFERENTE A: REPASSE DESTINADO AO CUSTEIO DAS DESPESAS DE GESTÃO ESCOLAR, EM CONFORMIDADE COM A LEI Nº 1.256, DE 22 DE DEZEMBRO DE 2003, E SUAS ALTERAÇÕES PROMOVIDAS PELAS LEIS Nº 2.309, DE 09 DE MAIO DE 2017; Nº 3.067, DE 03 DE ABRIL DE 2024; E Nº 3.297, DE 13 DE NOVEMBRO DE 2025, BEM COMO PELA PORTARIA GAB/SEMED Nº 0340, DE 25 DE NOVEMBRO DE 2026. EMPENHO E LIQUIDAÇÃO REFERENTE AO MÊS DE MAIO/2026.";;;0;1545;0,00;0,00;Liquidação;7.663,41;0,00;;7.663,41
[21126-20260481];0;21126;20260481;2900;2900;2026;21126;06/07/2026;11686215000124;ACCEI - CMEI SONHO DE CRIANÇA;7.663,41;0,00;"VALOR EMPENHADO REFERENTE A: REPASSE DESTINADO AO CUSTEIO DAS DESPESAS DE GESTÃO ESCOLAR, EM CONFORMIDADE COM A LEI Nº 1.256, DE 22 DE DEZEMBRO DE 2003, E SUAS ALTERAÇÕES PROMOVIDAS PELAS LEIS Nº 2.309, DE 09 DE MAIO DE 2017; Nº 3.067, DE 03 DE ABRIL DE 2024; E Nº 3.297, DE 13 DE NOVEMBRO DE 2025, BEM COMO PELA PORTARIA GAB/SEMED Nº 0340, DE 25 DE NOVEMBRO DE 2026. EMPENHO E LIQUIDAÇÃO REFERENTE AO MÊS DE MAIO/2026.";;;0;1545;0,00;0,00;Empenho;7.663,41;0,00;0,00;0,00
[21125-20260480];1;21125;20260480;2900;2900;2026;21125.1;06/07/2026;11686215000124;ACCEI - CMEI SONHO DE CRIANÇA;3.284,32;3.284,32;"REPASSE DESTINADO AO CUSTEIO DAS DESPESAS DE GESTÃO ESCOLAR, EM CONFORMIDADE COM A LEI Nº 1.256, DE 22 DE DEZEMBRO DE 2003, E SUAS ALTERAÇÕES PROMOVIDAS PELAS LEIS Nº 2.309, DE 09 DE MAIO DE 2017; Nº 3.067, DE 03 DE ABRIL DE 2024; E Nº 3.297, DE 13 DE NOVEMBRO DE 2025, BEM COMO PELA PORTARIA GAB/SEMED Nº 0340, DE 25 DE NOVEMBRO DE 2026. EMPENHO E LIQUIDAÇÃO REFERENTE AO MÊS DE MAIO/2026.";;;0;1545;0,00;0,00;Liquidação;3.284,32;0,00;;3.284,32
[21125-20260480];0;21125;20260480;2900;2900;2026;21125;06/07/2026;11686215000124;ACCEI - CMEI SONHO DE CRIANÇA;3.284,32;0,00;"REPASSE DESTINADO AO CUSTEIO DAS DESPESAS DE GESTÃO ESCOLAR, EM CONFORMIDADE COM A LEI Nº 1.256, DE 22 DE DEZEMBRO DE 2003, E SUAS ALTERAÇÕES PROMOVIDAS PELAS LEIS Nº 2.309, DE 09 DE MAIO DE 2017; Nº 3.067, DE 03 DE ABRIL DE 2024; E Nº 3.297, DE 13 DE NOVEMBRO DE 2025, BEM COMO PELA PORTARIA GAB/SEMED Nº 0340, DE 25 DE NOVEMBRO DE 2026. EMPENHO E LIQUIDAÇÃO REFERENTE AO MÊS DE MAIO/2026.";;;0;1545;0,00;0,00;Empenho;3.284,32;0,00;0,00;0,00
[21124-20260481];1;21124;20260481;2900;2900;2026;21124.1;06/07/2026;11588633000189;ACCEI - CMEI  SITIO DO PICA PAU AMARELO;2.959,11;2.959,11;"VALOR LIQUIDADO REFERENTE A: VALOR EMPENHADO REFERENTE A: VALOR EMPENHADO REFERENTE A: REPASSE DESTINADO AO CUSTEIO DAS DESPESAS DE GESTÃO ESCOLAR, EM CONFORMIDADE COM A LEI Nº 1.256, DE 22 DE DEZEMBRO DE 2003, E SUAS ALTERAÇÕES PROMOVIDAS PELAS LEIS Nº 2.309, DE 09 DE MAIO DE 2017; Nº 3.067, DE 03 DE ABRIL DE 2024; E Nº 3.297, DE 13 DE NOVEMBRO DE 2025, BEM COMO PELA PORTARIA GAB/SEMED Nº 0340, DE 25 DE NOVEMBRO DE 2026. EMPENHO E LIQUIDAÇÃO REFERENTE AO MÊS DE MAIO/2026.";;;0;1545;0,00;0,00;Liquidação;2.959,11;0,00;;2.959,11
[21124-20260481];0;21124;20260481;2900;2900;2026;21124;06/07/2026;11588633000189;ACCEI - CMEI  SITIO DO PICA PAU AMARELO;2.959,11;0,00;"VALOR EMPENHADO REFERENTE A: VALOR EMPENHADO REFERENTE A: VALOR EMPENHADO REFERENTE A: REPASSE DESTINADO AO CUSTEIO DAS DESPESAS DE GESTÃO ESCOLAR, EM CONFORMIDADE COM A LEI Nº 1.256, DE 22 DE DEZEMBRO DE 2003, E SUAS ALTERAÇÕES PROMOVIDAS PELAS LEIS Nº 2.309, DE 09 DE MAIO DE 2017; Nº 3.067, DE 03 DE ABRIL DE 2024; E Nº 3.297, DE 13 DE NOVEMBRO DE 2025, BEM COMO PELA PORTARIA GAB/SEMED Nº 0340, DE 25 DE NOVEMBRO DE 2026. EMPENHO E LIQUIDAÇÃO REFERENTE AO MÊS DE MAIO/2026.";;;0;1545;0,00;0,00;Empenho;2.959,11;0,00;0,00;0,00
[21123-20260480];1;21123;20260480;2900;2900;2026;21123.1;06/07/2026;11588633000189;ACCEI - CMEI  SITIO DO PICA PAU AMARELO;1.268,19;1.268,19;"VALOR LIQUIDADO REFERENTE A: VALOR EMPENHADO REFERENTE A: REPASSE DESTINADO AO CUSTEIO DAS DESPESAS DE GESTÃO ESCOLAR, EM CONFORMIDADE COM A LEI Nº 1.256, DE 22 DE DEZEMBRO DE 2003, E SUAS ALTERAÇÕES PROMOVIDAS PELAS LEIS Nº 2.309, DE 09 DE MAIO DE 2017; Nº 3.067, DE 03 DE ABRIL DE 2024; E Nº 3.297, DE 13 DE NOVEMBRO DE 2025, BEM COMO PELA PORTARIA GAB/SEMED Nº 0340, DE 25 DE NOVEMBRO DE 2026. EMPENHO E LIQUIDAÇÃO REFERENTE AO MÊS DE MAIO/2026.";;;0;1545;0,00;0,00;Liquidação;1.268,19;0,00;;1.268,19
[21123-20260480];0;21123;20260480;2900;2900;2026;21123;06/07/2026;11588633000189;ACCEI - CMEI  SITIO DO PICA PAU AMARELO;1.268,19;0,00;"VALOR EMPENHADO REFERENTE A: VALOR EMPENHADO REFERENTE A: REPASSE DESTINADO AO CUSTEIO DAS DESPESAS DE GESTÃO ESCOLAR, EM CONFORMIDADE COM A LEI Nº 1.256, DE 22 DE DEZEMBRO DE 2003, E SUAS ALTERAÇÕES PROMOVIDAS PELAS LEIS Nº 2.309, DE 09 DE MAIO DE 2017; Nº 3.067, DE 03 DE ABRIL DE 2024; E Nº 3.297, DE 13 DE NOVEMBRO DE 2025, BEM COMO PELA PORTARIA GAB/SEMED Nº 0340, DE 25 DE NOVEMBRO DE 2026. EMPENHO E LIQUIDAÇÃO REFERENTE AO MÊS DE MAIO/2026.";;;0;1545;0,00;0,00;Empenho;1.268,19;0,00;0,00;0,00
[21122-20260481];1;21122;20260481;2900;2900;2026;21122.1;06/07/2026;11588633000189;ACCEI - CMEI  SITIO DO PICA PAU AMARELO;3.521,78;3.521,78;"VALOR LIQUIDADO REFERENTE A: REPASSE DESTINADO AO CUSTEIO DAS DESPESAS DE GESTÃO ESCOLAR, EM CONFORMIDADE COM A LEI Nº 1.256, DE 22 DE DEZEMBRO DE 2003, E SUAS ALTERAÇÕES PROMOVIDAS PELAS LEIS Nº 2.309, DE 09 DE MAIO DE 2017; Nº 3.067, DE 03 DE ABRIL DE 2024; E Nº 3.297, DE 13 DE NOVEMBRO DE 2025, BEM COMO PELA PORTARIA GAB/SEMED Nº 0340, DE 25 DE NOVEMBRO DE 2026. EMPENHO E LIQUIDAÇÃO REFERENTE AO MÊS DE MAIO/2026.";;;0;1545;0,00;0,00;Liquidação;3.521,78;0,00;;3.521,78
[21122-20260481];0;21122;20260481;2900;2900;2026;21122;06/07/2026;11588633000189;ACCEI - CMEI  SITIO DO PICA PAU AMARELO;3.521,78;0,00;"VALOR EMPENHADO REFERENTE A: REPASSE DESTINADO AO CUSTEIO DAS DESPESAS DE GESTÃO ESCOLAR, EM CONFORMIDADE COM A LEI Nº 1.256, DE 22 DE DEZEMBRO DE 2003, E SUAS ALTERAÇÕES PROMOVIDAS PELAS LEIS Nº 2.309, DE 09 DE MAIO DE 2017; Nº 3.067, DE 03 DE ABRIL DE 2024; E Nº 3.297, DE 13 DE NOVEMBRO DE 2025, BEM COMO PELA PORTARIA GAB/SEMED Nº 0340, DE 25 DE NOVEMBRO DE 2026. EMPENHO E LIQUIDAÇÃO REFERENTE AO MÊS DE MAIO/2026.";;;0;1545;0,00;0,00;Empenho;3.521,78;0,00;0,00;0,00
[21121-20260480];1;21121;20260480;2900;2900;2026;21121.1;06/07/2026;11588633000189;ACCEI - CMEI  SITIO DO PICA PAU AMARELO;1.509,33;1.509,33;"REPASSE DESTINADO AO CUSTEIO DAS DESPESAS DE GESTÃO ESCOLAR, EM CONFORMIDADE COM A LEI Nº 1.256, DE 22 DE DEZEMBRO DE 2003, E SUAS ALTERAÇÕES PROMOVIDAS PELAS LEIS Nº 2.309, DE 09 DE MAIO DE 2017; Nº 3.067, DE 03 DE ABRIL DE 2024; E Nº 3.297, DE 13 DE NOVEMBRO DE 2025, BEM COMO PELA PORTARIA GAB/SEMED Nº 0340, DE 25 DE NOVEMBRO DE 2026. EMPENHO E LIQUIDAÇÃO REFERENTE AO MÊS DE MAIO/2026.";;;0;1545;0,00;0,00;Liquidação;1.509,33;0,00;;1.509,33
[21121-20260480];0;21121;20260480;2900;2900;2026;21121;06/07/2026;11588633000189;ACCEI - CMEI  SITIO DO PICA PAU AMARELO;1.509,33;0,00;"REPASSE DESTINADO AO CUSTEIO DAS DESPESAS DE GESTÃO ESCOLAR, EM CONFORMIDADE COM A LEI Nº 1.256, DE 22 DE DEZEMBRO DE 2003, E SUAS ALTERAÇÕES PROMOVIDAS PELAS LEIS Nº 2.309, DE 09 DE MAIO DE 2017; Nº 3.067, DE 03 DE ABRIL DE 2024; E Nº 3.297, DE 13 DE NOVEMBRO DE 2025, BEM COMO PELA PORTARIA GAB/SEMED Nº 0340, DE 25 DE NOVEMBRO DE 2026. EMPENHO E LIQUIDAÇÃO REFERENTE AO MÊS DE MAIO/2026.";;;0;1545;0,00;0,00;Empenho;1.509,33;0,00;0,00;0,00
[21120-20260481];1;21120;20260481;2900;2900;2026;21120.1;06/07/2026;10297427000157;ACCEI - CMEI SEMENTES DO  AMANHÃ;4.290,71;4.290,71;"VALOR LIQUIDADO REFERENTE A: VALOR EMPENHADO REFERENTE A: VALOR EMPENHADO REFERENTE A: REPASSE DESTINADO AO CUSTEIO DAS DESPESAS DE GESTÃO ESCOLAR, EM CONFORMIDADE COM A LEI Nº 1.256, DE 22 DE DEZEMBRO DE 2003, E SUAS ALTERAÇÕES PROMOVIDAS PELAS LEIS Nº 2.309, DE 09 DE MAIO DE 2017; Nº 3.067, DE 03 DE ABRIL DE 2024; E Nº 3.297, DE 13 DE NOVEMBRO DE 2025, BEM COMO PELA PORTARIA GAB/SEMED Nº 0340, DE 25 DE NOVEMBRO DE 2026. EMPENHO E LIQUIDAÇÃO REFERENTE AO MÊS DE MAIO/2026.";;;0;1545;0,00;0,00;Liquidação;4.290,71;0,00;;4.290,71
[21120-20260481];0;21120;20260481;2900;2900;2026;21120;06/07/2026;10297427000157;ACCEI - CMEI SEMENTES DO  AMANHÃ;4.290,71;0,00;"VALOR EMPENHADO REFERENTE A: VALOR EMPENHADO REFERENTE A: VALOR EMPENHADO REFERENTE A: REPASSE DESTINADO AO CUSTEIO DAS DESPESAS DE GESTÃO ESCOLAR, EM CONFORMIDADE COM A LEI Nº 1.256, DE 22 DE DEZEMBRO DE 2003, E SUAS ALTERAÇÕES PROMOVIDAS PELAS LEIS Nº 2.309, DE 09 DE MAIO DE 2017; Nº 3.067, DE 03 DE ABRIL DE 2024; E Nº 3.297, DE 13 DE NOVEMBRO DE 2025, BEM COMO PELA PORTARIA GAB/SEMED Nº 0340, DE 25 DE NOVEMBRO DE 2026. EMPENHO E LIQUIDAÇÃO REFERENTE AO MÊS DE MAIO/2026.";;;0;1545;0,00;0,00;Empenho;4.290,71;0,00;0,00;0,00
[21119-20260480];1;21119;20260480;2900;2900;2026;21119.1;06/07/2026;10297427000157;ACCEI - CMEI SEMENTES DO  AMANHÃ;1.838,88;1.838,88;"VALOR LIQUIDADO REFERENTE A: VALOR EMPENHADO REFERENTE A: REPASSE DESTINADO AO CUSTEIO DAS DESPESAS DE GESTÃO ESCOLAR, EM CONFORMIDADE COM A LEI Nº 1.256, DE 22 DE DEZEMBRO DE 2003, E SUAS ALTERAÇÕES PROMOVIDAS PELAS LEIS Nº 2.309, DE 09 DE MAIO DE 2017; Nº 3.067, DE 03 DE ABRIL DE 2024; E Nº 3.297, DE 13 DE NOVEMBRO DE 2025, BEM COMO PELA PORTARIA GAB/SEMED Nº 0340, DE 25 DE NOVEMBRO DE 2026. EMPENHO E LIQUIDAÇÃO REFERENTE AO MÊS DE MAIO/2026.";;;0;1545;0,00;0,00;Liquidação;1.838,88;0,00;;1.838,88
[21119-20260480];0;21119;20260480;2900;2900;2026;21119;06/07/2026;10297427000157;ACCEI - CMEI SEMENTES DO  AMANHÃ;1.838,88;0,00;"VALOR EMPENHADO REFERENTE A: VALOR EMPENHADO REFERENTE A: REPASSE DESTINADO AO CUSTEIO DAS DESPESAS DE GESTÃO ESCOLAR, EM CONFORMIDADE COM A LEI Nº 1.256, DE 22 DE DEZEMBRO DE 2003, E SUAS ALTERAÇÕES PROMOVIDAS PELAS LEIS Nº 2.309, DE 09 DE MAIO DE 2017; Nº 3.067, DE 03 DE ABRIL DE 2024; E Nº 3.297, DE 13 DE NOVEMBRO DE 2025, BEM COMO PELA PORTARIA GAB/SEMED Nº 0340, DE 25 DE NOVEMBRO DE 2026. EMPENHO E LIQUIDAÇÃO REFERENTE AO MÊS DE MAIO/2026.";;;0;1545;0,00;0,00;Empenho;1.838,88;0,00;0,00;0,00
[21074-20260481];1;21074;20260481;2900;2900;2026;21074.1;06/07/2026;10297427000157;ACCEI - CMEI SEMENTES DO  AMANHÃ;3.008,43;3.008,43;"VALOR LIQUIDADO REFERENTE A: REPASSE DESTINADO AO CUSTEIO DAS DESPESAS DE GESTÃO ESCOLAR, EM CONFORMIDADE COM A LEI Nº 1.256, DE 22 DE DEZEMBRO DE 2003, E SUAS ALTERAÇÕES PROMOVIDAS PELAS LEIS Nº 2.309, DE 09 DE MAIO DE 2017; Nº 3.067, DE 03 DE ABRIL DE 2024; E Nº 3.297, DE 13 DE NOVEMBRO DE 2025, BEM COMO PELA PORTARIA GAB/SEMED Nº 0340, DE 25 DE NOVEMBRO DE 2026. EMPENHO E LIQUIDAÇÃO REFERENTE AO MÊS DE MAIO/2026.";;;0;1545;0,00;0,00;Liquidação;3.008,43;0,00;;3.008,43
[20904-20261912];2;20904;20261912;3200;3200;2026;20904.4.1;06/07/2026;9384382000179;GLOBAL PRODUÇÕES E EMPREENDIMENTOS LTDA-ME;74.208,78;40.706,18;"VALOR PAGO REFERENTE A: PRESTAÇÃO DE SERVIÇOS CONTINUADOS COM DEDICAÇÃO EXCLUSIVA DE MÃO DE OBRA DE SERVIÇOS DE LIMPEZA, COPEIRAGEM E RECEPÇÃO. REFERENTE AO MÊS DE ABRIL DE 2026. - VISA 
PROCESSO NUP: 021155/2024.";;;0;1545;0,00;0,00;Pagamento;40.706,18;40.706,18;108.669,63;149.375,81
[20904-20261912];1;20904;20261912;3200;3200;2026;20904.4;06/07/2026;9384382000179;GLOBAL PRODUÇÕES E EMPREENDIMENTOS LTDA-ME;74.208,78;40.706,18;"VALOR LIQUIDADO REFERENTE A: PRESTAÇÃO DE SERVIÇOS CONTINUADOS COM DEDICAÇÃO EXCLUSIVA DE MÃO DE OBRA DE SERVIÇOS DE LIMPEZA, COPEIRAGEM E RECEPÇÃO. REFERENTE AO MÊS DE ABRIL DE 2026. - VISA 
PROCESSO NUP: 021155/2024.";;;0;1545;0,00;0,00;Liquidação;40.706,18;67.963,45;;40.706,18
[20897-20260193];1;20897;20260193;2100;9909;2026;20897.3;06/07/2026;4819323000162;KAELE LTDA;365.213,33;163.800,00;"LIQUIDAÇÃO REFERENTE A PRESTAÇÃO DE SERVIÇOS DE LOCAÇÃO DE VEÍCULOS ADMINISTRATIVOS E OPERACIONAIS (ADAPTADOS) SEM USO (ZERO QUILOMETRO), SEM MOTORISTA, COM QUILOMETRAGEM LIVRE, SEGURO TOTAL E SISTEMA DE RASTREAMENTO E MONITORAMENTO INCLUSO, REF: ABRILDE 2026.PROPORCIONAL CONFORME ATESTO DO FISCAL.
12 PICK-UP VIATURA CARACTERIZADA (ATA 007/2025 - KAELE LTDA).
VALOR UNITÁRIO R$ 18.200,00.";;;0;1545;0,00;0,00;Liquidação;163.800,00;0,00;;163.800,00
[20897-20260193];1;20897;20260193;2100;9909;2026;20897.4;06/07/2026;4819323000162;KAELE LTDA;365.213,33;120.120,03;"EMPENHO REFERENTE A PRESTAÇÃO DE SERVIÇOS DE LOCAÇÃO DE VEÍCULOS ADMINISTRATIVOS E OPERACIONAIS (ADAPTADOS) SEM USO (ZERO QUILOMETRO), SEM MOTORISTA, COM QUILOMETRAGEM LIVRE, SEGURO TOTAL E SISTEMA DE RASTREAMENTO E MONITORAMENTO INCLUSO, REF: MAIO DE 2026, CONFORME ATESTO DO FISCAL.
12 PICK-UP VIATURA CARACTERIZADA (ATA 007/2025 - KAELE LTDA).
VALOR UNITÁRIO R$ 18.200,00.";;;0;1545;0,00;0,00;Liquidação;120.120,03;0,00;;120.120,03
[20874-20260806];1;20874;20260806;3500;3500;2026;20874.1;06/07/2026;8336895000141;CUSTOMIZACAO EM ASFALTOS E PAVIMENTOS LTDA.;215.580,40;215.580,40;FUTURA CONTRATAÇÃO DE EMPRESA ESPECIALIZADA PARA FORNECIMENTO DE MATERIAL BETUMINOSO RL-1C, RR-2C E CM-30. (SALDO RESTANTE);40266;;0;1545;0,00;0,00;Liquidação;215.580,40;0,00;;215.580,40
[20827-20260386];1;20827;20260386;2700;2700;2026;20827.1;06/07/2026;3663406113;ANDRESSA MARTA GOMES FERREIRA;714,29;714,29;VALOR LIQUIDADO REFERENTE A: NOTA PREMIADA SORTEIO DE JUNHO 2026.;;;0;1545;0,00;0,00;Liquidação;714,29;0,00;;714,29
[20806-20260631];2;20806;20260631;3200;3200;2026;20806.1.1;06/07/2026;10587568000104;MERIC AR CONDICIONADO EIRELI;444,00;444,00;"EMPENHO PARA PAGAMENTO REF. PRESTAÇÃO DE SERVIÇOS MANUT. PREVENTIVA E CORRETIVA GERADORES DE ENERGIA DO PRERIODO DE MARÇO DE 2026.
MAC.
NUP: 21891/2024.
NF 2663";;;0;1545;0,00;0,00;Pagamento;444,00;444,00;444,00;444,00
[20795-20261068];1;20795;20261068;7100;7100;2026;20795.1;06/07/2026;34161074000121;FERRONATO SERVIÇOS LTDA;50.402,23;4.675,00;LIQUIDAÇÃO PARA ATENDER AS DESPESAS DE MANUTENÇÃO PREVENTIVA DE ARES CONDICIONADOS, COMPETÊNCIA ABRIL DE 2026.;;;0;1545;0,00;0,00;Liquidação;4.675,00;0,00;;4.675,00
[20795-20261068];1;20795;20261068;7100;7100;2026;20795.2;06/07/2026;34161074000121;FERRONATO SERVIÇOS LTDA;50.402,23;4.675,00;LIQUIDAÇÃO PARA ATENDER AS DESPESAS DE MANUTENÇÃO PREVENTIVA DE ARES CONDICIONADOS, COMPETÊNCIA MAIO DE 2026.;;;0;1545;0,00;0,00;Liquidação;4.675,00;0,00;;4.675,00
[20795-20261068];1;20795;20261068;7100;7100;2026;20795.3;06/07/2026;34161074000121;FERRONATO SERVIÇOS LTDA;50.402,23;4.675,00;LIQUIDAÇÃO PARA ATENDER AS DESPESAS DE MANUTENÇÃO PREVENTIVA DE ARES CONDICIONADOS, COMPETÊNCIA JUNHO DE 2026.;;;0;1545;0,00;0,00;Liquidação;4.675,00;0,00;;4.675,00
[20795-20261068];1;20795;20261068;7100;7100;2026;20795.4;06/07/2026;34161074000121;FERRONATO SERVIÇOS LTDA;50.402,23;13.725,00;LIQUIDAÇÃO PARA ATENDER AS DESPESAS DE MANUTENÇÃO CORRETIVA EVENTUAIS DE ARES CONDICIONADOS.;;;0;1545;0,00;0,00;Liquidação;13.725,00;0,00;;13.725,00
[20729-20262592];1;20729;20262592;5600;5600;2026;20729.54;06/07/2026;9597053000106;V3BR LOCAÇÕES E EVENTOS LTDA;600.000,00;3.151,08;VALOR LIQUIDADO REFERENTE A: PROCESSO DE DESPESAS DE EXERCICIOS ANTERIORES - DEA - LOCAÇÃO DE ESTRUTURA TEMPORARIA NUP 017304.2024 / 2023037766: EVENTO: EVENTO RELIGIOSO;;;0;1545;0,00;0,00;Liquidação;3.151,08;0,00;;3.151,08
[20198-20261203];1;20198;20261203;9300;9300;2026;20198.1;06/07/2026;34161074000121;FERRONATO SERVIÇOS LTDA;41.402,23;3.175,00;LIQUIDAÇÃO PARA ATENDER AS DESPESAS DE MANUTENÇÃO PREVENTIVA DE ARES CONDICIONADOS, COMPETÊNCIA ABRIL DE 2026.;;;0;1545;0,00;0,00;Liquidação;3.175,00;0,00;;3.175,00
[20198-20261203];1;20198;20261203;9300;9300;2026;20198.2;06/07/2026;34161074000121;FERRONATO SERVIÇOS LTDA;41.402,23;3.175,00;LIQUIDAÇÃO PARA ATENDER AS DESPESAS DE MANUTENÇÃO PREVENTIVA DE ARES CONDICIONADOS, COMPETÊNCIA MAIO DE 2026.;;;0;1545;0,00;0,00;Liquidação;3.175,00;0,00;;3.175,00
[20198-20261203];1;20198;20261203;9300;9300;2026;20198.3;06/07/2026;34161074000121;FERRONATO SERVIÇOS LTDA;41.402,23;2.600,00;LIQUIDAÇÃO PARA ATENDER AS DESPESAS DE MANUTENÇÃO PREVENTIVA DE ARES CONDICIONADOS, COMPETÊNCIA JUNHO DE 2026.;;;0;1545;0,00;0,00;Liquidação;2.600,00;0,00;;2.600,00
[20197-20261180];1;20197;20261180;9100;9100;2026;20197.1;06/07/2026;34161074000121;FERRONATO SERVIÇOS LTDA;33.542,23;1.865,00;LIQUIDAÇÃO PARA ATENDER AS DESPESAS DE MANUTENÇÃO PREVENTIVA DE ARES CONDICIONADOS, COMPETÊNCIA ABRIL DE 2026.;;;0;1545;0,00;0,00;Liquidação;1.865,00;0,00;;1.865,00
[20197-20261180];1;20197;20261180;9100;9100;2026;20197.2;06/07/2026;34161074000121;FERRONATO SERVIÇOS LTDA;33.542,23;1.865,00;LIQUIDAÇÃO PARA ATENDER AS DESPESAS DE MANUTENÇÃO PREVENTIVA DE ARES CONDICIONADOS, COMPETÊNCIA MAIO DE 2026.;;;0;1545;0,00;0,00;Liquidação;1.865,00;0,00;;1.865,00
[20197-20261180];1;20197;20261180;9100;9100;2026;20197.3;06/07/2026;34161074000121;FERRONATO SERVIÇOS LTDA;33.542,23;1.865,00;LIQUIDAÇÃO PARA ATENDER AS DESPESAS DE MANUTENÇÃO PREVENTIVA DE ARES CONDICIONADOS, COMPETÊNCIA JUNHO DE 2026.;;;0;1545;0,00;0,00;Liquidação;1.865,00;0,00;;1.865,00
[20195-20261132];1;20195;20261132;7800;7800;2026;20195.1;06/07/2026;34161074000121;FERRONATO SERVIÇOS LTDA;33.632,23;1.880,00;LIQUIDAÇÃO PARA ATENDER AS DESPESAS DE MANUTENÇÃO PREVENTIVA DE ARES CONDICIONADOS, COMPETÊNCIA ABRIL DE 2026.;;;0;1545;0,00;0,00;Liquidação;1.880,00;0,00;;1.880,00
[20195-20261132];1;20195;20261132;7800;7800;2026;20195.2;06/07/2026;34161074000121;FERRONATO SERVIÇOS LTDA;33.632,23;1.880,00;LIQUIDAÇÃO PARA ATENDER AS DESPESAS DE MANUTENÇÃO PREVENTIVA DE ARES CONDICIONADOS, COMPETÊNCIA MAIO DE 2026.;;;0;1545;0,00;0,00;Liquidação;1.880,00;0,00;;1.880,00
[20195-20261132];1;20195;20261132;7800;7800;2026;20195.3;06/07/2026;34161074000121;FERRONATO SERVIÇOS LTDA;33.632,23;1.880,00;LIQUIDAÇÃO PARA ATENDER AS DESPESAS DE MANUTENÇÃO PREVENTIVA DE ARES CONDICIONADOS, COMPETÊNCIA JUNHO DE 2026.;;;0;1545;0,00;0,00;Liquidação;1.880,00;0,00;;1.880,00
[20195-20261132];1;20195;20261132;7800;7800;2026;20195.4;06/07/2026;34161074000121;FERRONATO SERVIÇOS LTDA;33.632,23;1.233,00;LIQUIDAÇÃO PARA ATENDER AS DESPESAS DE MANUTENÇÃO CORRETIVA EVENTUAIS DE ARES CONDICIONADOS.;;;0;1545;0,00;0,00;Liquidação;1.233,00;0,00;;1.233,00
[20189-20260876];1;20189;20260876;3700;3700;2026;20189.1;06/07/2026;34161074000121;FERRONATO SERVIÇOS LTDA;27.932,22;1.930,00;LIQUIDAÇÃO PARA ATENDER AS DESPESAS DE MANUTENÇÃO PREVENTIVA DE ARES CONDICIONADOS, COMPETÊNCIA ABRIL DE 2026.;;;0;1545;0,00;0,00;Liquidação;1.930,00;0,00;;1.930,00
[20189-20260876];1;20189;20260876;3700;3700;2026;20189.2;06/07/2026;34161074000121;FERRONATO SERVIÇOS LTDA;27.932,22;1.930,00;LIQUIDAÇÃO PARA ATENDER AS DESPESAS DE MANUTENÇÃO PREVENTIVA DE ARES CONDICIONADOS, COMPETÊNCIA MAIO DE 2026.;;;0;1545;0,00;0,00;Liquidação;1.930,00;0,00;;1.930,00
[20189-20260876];1;20189;20260876;3700;3700;2026;20189.3;06/07/2026;34161074000121;FERRONATO SERVIÇOS LTDA;27.932,22;1.930,00;LIQUIDAÇÃO PARA ATENDER AS DESPESAS DE MANUTENÇÃO PREVENTIVA DE ARES CONDICIONADOS, COMPETÊNCIA JUNHO DE 2026.;;;0;1545;0,00;0,00;Liquidação;1.930,00;0,00;;1.930,00
[20188-20261917];1;20188;20261917;3700;3700;2026;20188.1;06/07/2026;34161074000121;FERRONATO SERVIÇOS LTDA;35.222,22;2.145,00;LIQUIDAÇÃO PARA ATENDER AS DESPESAS DE MANUTENÇÃO PREVENTIVA DE ARES CONDICIONADOS, COMPETÊNCIA ABRIL DE 2026.;;;0;1545;0,00;0,00;Liquidação;2.145,00;0,00;;2.145,00
[20188-20261917];1;20188;20261917;3700;3700;2026;20188.2;06/07/2026;34161074000121;FERRONATO SERVIÇOS LTDA;35.222,22;2.145,00;LIQUIDAÇÃO PARA ATENDER AS DESPESAS DE MANUTENÇÃO PREVENTIVA DE ARES CONDICIONADOS, COMPETÊNCIA MAIO DE 2026.;;;0;1545;0,00;0,00;Liquidação;2.145,00;0,00;;2.145,00
[20188-20261917];1;20188;20261917;3700;3700;2026;20188.3;06/07/2026;34161074000121;FERRONATO SERVIÇOS LTDA;35.222,22;2.145,00;LIQUIDAÇÃO PARA ATENDER AS DESPESAS DE MANUTENÇÃO PREVENTIVA DE ARES CONDICIONADOS, COMPETÊNCIA JUNHO DE 2026.;;;0;1545;0,00;0,00;Liquidação;2.145,00;0,00;;2.145,00
[20185-20260852];1;20185;20260852;3700;3700;2026;20185.1;06/07/2026;34161074000121;FERRONATO SERVIÇOS LTDA;66.332,22;2.581,00;LIQUIDAÇÃO PARA ATENDER AS DESPESAS DE MANUTENÇÃO CORRETIVA EVENTUAIS DE ARES CONDICIONADOS.;;;0;1545;0,00;0,00;Liquidação;2.581,00;0,00;;2.581,00
[20185-20260852];1;20185;20260852;3700;3700;2026;20185.2;06/07/2026;34161074000121;FERRONATO SERVIÇOS LTDA;66.332,22;8.330,00;LIQUIDAÇÃO PARA ATENDER AS DESPESAS DE MANUTENÇÃO PREVENTIVA DE ARES CONDICIONADOS, COMPETÊNCIA ABRIL DE 2026.;;;0;1545;0,00;0,00;Liquidação;8.330,00;0,00;;8.330,00
[20185-20260852];1;20185;20260852;3700;3700;2026;20185.3;06/07/2026;34161074000121;FERRONATO SERVIÇOS LTDA;66.332,22;8.330,00;LIQUIDAÇÃO PARA ATENDER AS DESPESAS DE MANUTENÇÃO PREVENTIVA DE ARES CONDICIONADOS, COMPETÊNCIA MAIO DE 2026.;;;0;1545;0,00;0,00;Liquidação;8.330,00;0,00;;8.330,00
[20185-20260852];1;20185;20260852;3700;3700;2026;20185.4;06/07/2026;34161074000121;FERRONATO SERVIÇOS LTDA;66.332,22;8.330,00;LIQUIDAÇÃO PARA ATENDER AS DESPESAS DE MANUTENÇÃO PREVENTIVA DE ARES CONDICIONADOS, COMPETÊNCIA JUNHO DE 2026.;;;0;1545;0,00;0,00;Liquidação;8.330,00;0,00;;8.330,00
[20181-20260368];1;20181;20260368;2700;2700;2026;20181.1;06/07/2026;34161074000121;FERRONATO SERVIÇOS LTDA;28.052,22;10.351,00;LIQUIDAÇÃO PARA ATENDER AS DESPESAS DE MANUTENÇÃO CORRETIVA EVENTUAIS DE ARES CONDICIONADOS.;;;0;1545;0,00;0,00;Liquidação;10.351,00;0,00;;10.351,00
[20181-20260368];1;20181;20260368;2700;2700;2026;20181.2;06/07/2026;34161074000121;FERRONATO SERVIÇOS LTDA;28.052,22;10.351,00;LIQUIDAÇÃO PARA ATENDER AS DESPESAS DE MANUTENÇÃO CORRETIVA EVENTUAIS DE ARES CONDICIONADOS.;;;0;1545;0,00;0,00;Liquidação;10.351,00;0,00;;10.351,00
[20181-20260368];1;20181;20260368;2700;2700;2026;20181.3;06/07/2026;34161074000121;FERRONATO SERVIÇOS LTDA;28.052,22;950,00;LIQUIDAÇÃO PARA ATENDER AS DESPESAS DE MANUTENÇÃO PREVENTIVA DE ARES CONDICIONADOS, COMPETÊNCIA ABRIL DE 2026.;;;0;1545;0,00;0,00;Liquidação;950,00;0,00;;950,00
[20181-20260368];1;20181;20260368;2700;2700;2026;20181.4;06/07/2026;34161074000121;FERRONATO SERVIÇOS LTDA;28.052,22;950,00;LIQUIDAÇÃO PARA ATENDER AS DESPESAS DE MANUTENÇÃO PREVENTIVA DE ARES CONDICIONADOS, COMPETÊNCIA MAIO DE 2026.;;;0;1545;0,00;0,00;Liquidação;950,00;0,00;;950,00
[20181-20260368];1;20181;20260368;2700;2700;2026;20181.5;06/07/2026;34161074000121;FERRONATO SERVIÇOS LTDA;28.052,22;950,00;LIQUIDAÇÃO PARA ATENDER AS DESPESAS DE MANUTENÇÃO PREVENTIVA DE ARES CONDICIONADOS, COMPETÊNCIA JUNHO DE 2026.;;;0;1545;0,00;0,00;Liquidação;950,00;0,00;;950,00
[20180-20260319];1;20180;20260319;2600;2600;2026;20180.1;06/07/2026;34161074000121;FERRONATO SERVIÇOS LTDA;43.322,22;14.262,50;LIQUIDAÇÃO PARA ATENDER AS DESPESAS DE MANUTENÇÃO CORRETIVA EVENTUAIS DE ARES CONDICIONADOS.;;;0;1545;0,00;0,00;Liquidação;14.262,50;0,00;;14.262,50
[20180-20260319];1;20180;20260319;2600;2600;2026;20180.2;06/07/2026;34161074000121;FERRONATO SERVIÇOS LTDA;43.322,22;14.262,50;LIQUIDAÇÃO PARA ATENDER AS DESPESAS DE MANUTENÇÃO CORRETIVA EVENTUAIS DE ARES CONDICIONADOS.;;;0;1545;0,00;0,00;Liquidação;14.262,50;0,00;;14.262,50
[20180-20260319];1;20180;20260319;2600;2600;2026;20180.3;06/07/2026;34161074000121;FERRONATO SERVIÇOS LTDA;43.322,22;3.495,00;LIQUIDAÇÃO PARA ATENDER AS DESPESAS DE MANUTENÇÃO PREVENTIVA DE ARES CONDICIONADOS, COMPETÊNCIA ABRIL DE 2026.;;;0;1545;0,00;0,00;Liquidação;3.495,00;0,00;;3.495,00
[20180-20260319];1;20180;20260319;2600;2600;2026;20180.4;06/07/2026;34161074000121;FERRONATO SERVIÇOS LTDA;43.322,22;3.495,00;LIQUIDAÇÃO PARA ATENDER AS DESPESAS DE MANUTENÇÃO PREVENTIVA DE ARES CONDICIONADOS, COMPETÊNCIA MAIO DE 2026.;;;0;1545;0,00;0,00;Liquidação;3.495,00;0,00;;3.495,00
[20180-20260319];1;20180;20260319;2600;2600;2026;20180.5;06/07/2026;34161074000121;FERRONATO SERVIÇOS LTDA;43.322,22;3.495,00;LIQUIDAÇÃO PARA ATENDER AS DESPESAS DE MANUTENÇÃO PREVENTIVA DE ARES CONDICIONADOS, COMPETÊNCIA JUNHO DE 2026.;;;0;1545;0,00;0,00;Liquidação;3.495,00;0,00;;3.495,00
[20179-20260248];1;20179;20260248;2300;2300;2026;20179.1;06/07/2026;34161074000121;FERRONATO SERVIÇOS LTDA;38.912,22;815,00;LIQUIDAÇÃO PARA ATENDER AS DESPESAS DE MANUTENÇÃO CORRETIVA EVENTUAIS DE ARES CONDICIONADOS.;;;0;1545;0,00;0,00;Liquidação;815,00;0,00;;815,00
[20179-20260248];1;20179;20260248;2300;2300;2026;20179.2;06/07/2026;34161074000121;FERRONATO SERVIÇOS LTDA;38.912,22;2.760,00;LIQUIDAÇÃO PARA ATENDER AS DESPESAS DE MANUTENÇÃO PREVENTIVA DE ARES CONDICIONADOS, COMPETÊNCIA ABRIL DE 2026.;;;0;1545;0,00;0,00;Liquidação;2.760,00;0,00;;2.760,00
[20179-20260248];1;20179;20260248;2300;2300;2026;20179.3;06/07/2026;34161074000121;FERRONATO SERVIÇOS LTDA;38.912,22;2.760,00;LIQUIDAÇÃO PARA ATENDER AS DESPESAS DE MANUTENÇÃO PREVENTIVA DE ARES CONDICIONADOS, COMPETÊNCIA MAIO DE 2026.;;;0;1545;0,00;0,00;Liquidação;2.760,00;0,00;;2.760,00
[20179-20260248];1;20179;20260248;2300;2300;2026;20179.4;06/07/2026;34161074000121;FERRONATO SERVIÇOS LTDA;38.912,22;2.760,00;LIQUIDAÇÃO PARA ATENDER AS DESPESAS DE MANUTENÇÃO PREVENTIVA DE ARES CONDICIONADOS, COMPETÊNCIA JUNHO DE 2026.;;;0;1545;0,00;0,00;Liquidação;2.760,00;0,00;;2.760,00
[20179-20260248];1;20179;20260248;2300;2300;2026;20179.5;06/07/2026;34161074000121;FERRONATO SERVIÇOS LTDA;38.912,22;815,00;LIQUIDAÇÃO PARA ATENDER AS DESPESAS DE MANUTENÇÃO CORRETIVA EVENTUAIS DE ARES CONDICIONADOS.;;;0;1545;0,00;0,00;Liquidação;815,00;0,00;;815,00
[20174-20260193];1;20174;20260193;2100;9909;2026;20174.1;06/07/2026;34161074000121;FERRONATO SERVIÇOS LTDA;22.352,22;4.815,00;LIQUIDAÇÃO PARA ATENDER AS DESPESAS DE MANUTENÇÃO CORRETIVA EVENTUAIS DE ARES CONDICIONADOS.;;;0;1545;0,00;0,00;Liquidação;4.815,00;0,00;;4.815,00
[20174-20260193];1;20174;20260193;2100;9909;2026;20174.2;06/07/2026;34161074000121;FERRONATO SERVIÇOS LTDA;22.352,22;4.815,00;LIQUIDAÇÃO PARA ATENDER AS DESPESAS DE MANUTENÇÃO CORRETIVA EVENTUAIS DE ARES CONDICIONADOS.;;;0;1545;0,00;0,00;Liquidação;4.815,00;0,00;;4.815,00
[20172-20260172];1;20172;20260172;2100;9909;2026;20172.1;06/07/2026;34161074000121;FERRONATO SERVIÇOS LTDA;49.922,22;6.790,50;LIQUIDAÇÃO PARA ATENDER AS DESPESAS DE MANUTENÇÃO CORRETIVA EVENTUAIS DE ARES CONDICIONADOS.;;;0;1545;0,00;0,00;Liquidação;6.790,50;0,00;;6.790,50
[20172-20260172];1;20172;20260172;2100;9909;2026;20172.2;06/07/2026;34161074000121;FERRONATO SERVIÇOS LTDA;49.922,22;6.595,00;LIQUIDAÇÃO PARA ATENDER AS DESPESAS DE MANUTENÇÃO PREVENTIVA DE ARES CONDICIONADOS, COMPETÊNCIA ABRIL DE 2026.;;;0;1545;0,00;0,00;Liquidação;6.595,00;0,00;;6.595,00
[20172-20260172];1;20172;20260172;2100;9909;2026;20172.3;06/07/2026;34161074000121;FERRONATO SERVIÇOS LTDA;49.922,22;6.595,00;LIQUIDAÇÃO PARA ATENDER AS DESPESAS DE MANUTENÇÃO PREVENTIVA DE ARES CONDICIONADOS, COMPETÊNCIA MAIO DE 2026.;;;0;1545;0,00;0,00;Liquidação;6.595,00;0,00;;6.595,00
[20172-20260172];1;20172;20260172;2100;9909;2026;20172.4;06/07/2026;34161074000121;FERRONATO SERVIÇOS LTDA;49.922,22;6.595,00;LIQUIDAÇÃO PARA ATENDER AS DESPESAS DE MANUTENÇÃO PREVENTIVA DE ARES CONDICIONADOS, COMPETÊNCIA JUNHO DE 2026.;;;0;1545;0,00;0,00;Liquidação;6.595,00;0,00;;6.595,00
[20172-20260172];1;20172;20260172;2100;9909;2026;20172.5;06/07/2026;34161074000121;FERRONATO SERVIÇOS LTDA;49.922,22;6.790,50;LIQUIDAÇÃO PARA ATENDER AS DESPESAS DE MANUTENÇÃO CORRETIVA EVENTUAIS DE ARES CONDICIONADOS.;;;0;1545;0,00;0,00;Liquidação;6.790,50;0,00;;6.790,50
[20160-20260362];2;20160;20260362;2700;2700;2026;20160.1.1;06/07/2026;7083374147;RAFAEL FRANCO DE CARVALHO DOS SANTOS;3.178,14;3.178,14;VALOR PAGO REFERENTE A:  PARTICIPAÇÃO EM VISITA TÉCNICA EM GOIANIA  NOS DIAS 28/06 A 01/07/2026;;;0;1545;0,00;0,00;Pagamento;3.178,14;3.178,14;3.178,14;3.178,14
[20153-20260062];1;20153;20260062;1401;9910;2026;20153.1;06/07/2026;34161074000121;FERRONATO SERVIÇOS LTDA;42.692,22;8.295,00;LIQUIDAÇÃO PARA ATENDER AS DESPESAS DE MANUTENÇÃO CORRETIVA EVENTUAIS DE ARES CONDICIONADOS.;;;0;1545;0,00;0,00;Liquidação;8.295,00;0,00;;8.295,00
[20153-20260062];1;20153;20260062;1401;9910;2026;20153.2;06/07/2026;34161074000121;FERRONATO SERVIÇOS LTDA;42.692,22;3.390,00;LIQUIDAÇÃO PARA ATENDER AS DESPESAS DE MANUTENÇÃO PREVENTIVA DE ARES CONDICIONADOS, COMPETÊNCIA ABRIL DE 2026.;;;0;1545;0,00;0,00;Liquidação;3.390,00;0,00;;3.390,00
[20153-20260062];1;20153;20260062;1401;9910;2026;20153.3;06/07/2026;34161074000121;FERRONATO SERVIÇOS LTDA;42.692,22;3.390,00;LIQUIDAÇÃO PARA ATENDER AS DESPESAS DE MANUTENÇÃO PREVENTIVA DE ARES CONDICIONADOS, COMPETÊNCIA MAIO DE 2026.;;;0;1545;0,00;0,00;Liquidação;3.390,00;0,00;;3.390,00
[20153-20260062];1;20153;20260062;1401;9910;2026;20153.4;06/07/2026;34161074000121;FERRONATO SERVIÇOS LTDA;42.692,22;3.390,00;LIQUIDAÇÃO PARA ATENDER AS DESPESAS DE MANUTENÇÃO PREVENTIVA DE ARES CONDICIONADOS, COMPETÊNCIA JUNHO DE 2026.;;;0;1545;0,00;0,00;Liquidação;3.390,00;0,00;;3.390,00
[20153-20260062];1;20153;20260062;1401;9910;2026;20153.5;06/07/2026;34161074000121;FERRONATO SERVIÇOS LTDA;42.692,22;8.295,00;LIQUIDAÇÃO PARA ATENDER AS DESPESAS DE MANUTENÇÃO CORRETIVA EVENTUAIS DE ARES CONDICIONADOS.;;;0;1545;0,00;0,00;Liquidação;8.295,00;0,00;;8.295,00
[20134-20261245];1;20134;20261245;9400;9400;2026;20134.1;06/07/2026;34161074000121;FERRONATO SERVIÇOS LTDA;30.962,23;1.435,00;LIQUIDAÇÃO PARA ATENDER AS DESPESAS DE MANUTENÇÃO PREVENTIVA DE ARES CONDICIONADOS, COMPETÊNCIA ABRIL DE 2026.;;;0;1545;0,00;0,00;Liquidação;1.435,00;0,00;;1.435,00
[20134-20261245];1;20134;20261245;9400;9400;2026;20134.2;06/07/2026;34161074000121;FERRONATO SERVIÇOS LTDA;30.962,23;1.435,00;LIQUIDAÇÃO PARA ATENDER AS DESPESAS DE MANUTENÇÃO PREVENTIVA DE ARES CONDICIONADOS, COMPETÊNCIA MAIO DE 2026.;;;0;1545;0,00;0,00;Liquidação;1.435,00;0,00;;1.435,00
[20134-20261245];1;20134;20261245;9400;9400;2026;20134.3;06/07/2026;34161074000121;FERRONATO SERVIÇOS LTDA;30.962,23;1.435,00;LIQUIDAÇÃO PARA ATENDER AS DESPESAS DE MANUTENÇÃO PREVENTIVA DE ARES CONDICIONADOS, COMPETÊNCIA JUNHO DE 2026.;;;0;1545;0,00;0,00;Liquidação;1.435,00;0,00;;1.435,00
[20126-20260717];1;20126;20260717;3300;3300;2026;20126.1;06/07/2026;34161074000121;FERRONATO SERVIÇOS LTDA;32.522,22;2.007,00;LIQUIDAÇÃO PARA ATENDER AS DESPESAS DE MANUTENÇÃO CORRETIVA EVENTUAIS DE ARES CONDICIONADOS.;;;0;1545;0,00;0,00;Liquidação;2.007,00;0,00;;2.007,00
[20126-20260717];1;20126;20260717;3300;3300;2026;20126.2;06/07/2026;34161074000121;FERRONATO SERVIÇOS LTDA;32.522,22;1.695,00;LIQUIDAÇÃO PARA ATENDER AS DESPESAS DE MANUTENÇÃO PREVENTIVA DE ARES CONDICIONADOS, COMPETÊNCIA ABRIL DE 2026.;;;0;1545;0,00;0,00;Liquidação;1.695,00;0,00;;1.695,00
[20126-20260717];1;20126;20260717;3300;3300;2026;20126.3;06/07/2026;34161074000121;FERRONATO SERVIÇOS LTDA;32.522,22;1.695,00;LIQUIDAÇÃO PARA ATENDER AS DESPESAS DE MANUTENÇÃO PREVENTIVA DE ARES CONDICIONADOS, COMPETÊNCIA MAIO DE 2026.;;;0;1545;0,00;0,00;Liquidação;1.695,00;0,00;;1.695,00
[20126-20260717];1;20126;20260717;3300;3300;2026;20126.4;06/07/2026;34161074000121;FERRONATO SERVIÇOS LTDA;32.522,22;1.695,00;LIQUIDAÇÃO PARA ATENDER AS DESPESAS DE MANUTENÇÃO PREVENTIVA DE ARES CONDICIONADOS, COMPETÊNCIA JUNHO DE 2026.;;;0;1545;0,00;0,00;Liquidação;1.695,00;0,00;;1.695,00
[20122-20260290];1;20122;20260290;2500;2500;2026;20122.1;06/07/2026;34161074000121;FERRONATO SERVIÇOS LTDA;86.342,22;18.104,50;LIQUIDAÇÃO PARA ATENDER AS DESPESAS DE MANUTENÇÃO CORRETIVA EVENTUAIS DE ARES CONDICIONADOS.;;;0;1545;0,00;0,00;Liquidação;18.104,50;0,00;;18.104,50
[20122-20260290];1;20122;20260290;2500;2500;2026;20122.2;06/07/2026;34161074000121;FERRONATO SERVIÇOS LTDA;86.342,22;7.035,00;LIQUIDAÇÃO PARA ATENDER AS DESPESAS DE MANUTENÇÃO PREVENTIVA DE ARES CONDICIONADOS, COMPETÊNCIA ABRIL DE 2026.;;;0;1545;0,00;0,00;Liquidação;7.035,00;0,00;;7.035,00
[20122-20260290];1;20122;20260290;2500;2500;2026;20122.3;06/07/2026;34161074000121;FERRONATO SERVIÇOS LTDA;86.342,22;3.630,00;LIQUIDAÇÃO PARA ATENDER AS DESPESAS DE MANUTENÇÃO PREVENTIVA DE ARES CONDICIONADOS, COMPETÊNCIA ABRIL DE 2026.;;;0;1545;0,00;0,00;Liquidação;3.630,00;0,00;;3.630,00
[20122-20260290];1;20122;20260290;2500;2500;2026;20122.4;06/07/2026;34161074000121;FERRONATO SERVIÇOS LTDA;86.342,22;18.104,50;LIQUIDAÇÃO PARA ATENDER AS DESPESAS DE MANUTENÇÃO CORRETIVA EVENTUAIS DE ARES CONDICIONADOS.;;;0;1545;0,00;0,00;Liquidação;18.104,50;0,00;;18.104,50
[20122-20260290];1;20122;20260290;2500;2500;2026;20122.5;06/07/2026;34161074000121;FERRONATO SERVIÇOS LTDA;86.342,22;7.035,00;LIQUIDAÇÃO PARA ATENDER AS DESPESAS DE MANUTENÇÃO PREVENTIVA DE ARES CONDICIONADOS, COMPETÊNCIA MAIO DE 2026.;;;0;1545;0,00;0,00;Liquidação;7.035,00;0,00;;7.035,00
[20122-20260290];1;20122;20260290;2500;2500;2026;20122.6;06/07/2026;34161074000121;FERRONATO SERVIÇOS LTDA;86.342,22;3.630,00;LIQUIDAÇÃO PARA ATENDER AS DESPESAS DE MANUTENÇÃO PREVENTIVA DE ARES CONDICIONADOS, COMPETÊNCIA MAIO DE 2026.;;;0;1545;0,00;0,00;Liquidação;3.630,00;0,00;;3.630,00
[20122-20260290];1;20122;20260290;2500;2500;2026;20122.7;06/07/2026;34161074000121;FERRONATO SERVIÇOS LTDA;86.342,22;7.035,00;LIQUIDAÇÃO PARA ATENDER AS DESPESAS DE MANUTENÇÃO PREVENTIVA DE ARES CONDICIONADOS, COMPETÊNCIA JUNHO DE 2026.;;;0;1545;0,00;0,00;Liquidação;7.035,00;0,00;;7.035,00
[20122-20260290];1;20122;20260290;2500;2500;2026;20122.8;06/07/2026;34161074000121;FERRONATO SERVIÇOS LTDA;86.342,22;3.630,00;LIQUIDAÇÃO PARA ATENDER AS DESPESAS DE MANUTENÇÃO PREVENTIVA DE ARES CONDICIONADOS, COMPETÊNCIA JUNHO DE 2026.;;;0;1545;0,00;0,00;Liquidação;3.630,00;0,00;;3.630,00
[20114-20260039];1;20114;20260039;1300;9908;2026;20114.1;06/07/2026;34161074000121;FERRONATO SERVIÇOS LTDA;25.022,22;1.445,00;LIQUIDAÇÃO PARA ATENDER AS DESPESAS DE MANUTENÇÃO PREVENTIVA DE ARES CONDICIONADOS, COMPETÊNCIA ABRIL DE 2026.;;;0;1545;0,00;0,00;Liquidação;1.445,00;0,00;;1.445,00
[20114-20260039];1;20114;20260039;1300;9908;2026;20114.2;06/07/2026;34161074000121;FERRONATO SERVIÇOS LTDA;25.022,22;1.445,00;LIQUIDAÇÃO PARA ATENDER AS DESPESAS DE MANUTENÇÃO PREVENTIVA DE ARES CONDICIONADOS, COMPETÊNCIA MAIO DE 2026.;;;0;1545;0,00;0,00;Liquidação;1.445,00;0,00;;1.445,00
[20114-20260039];1;20114;20260039;1300;9908;2026;20114.3;06/07/2026;34161074000121;FERRONATO SERVIÇOS LTDA;25.022,22;3.482,50;LIQUIDAÇÃO PARA ATENDER AS DESPESAS DE MANUTENÇÃO CORRETIVA EVENTUAIS DE ARES CONDICIONADOS.;;;0;1545;0,00;0,00;Liquidação;3.482,50;0,00;;3.482,50
[20114-20260039];1;20114;20260039;1300;9908;2026;20114.4;06/07/2026;34161074000121;FERRONATO SERVIÇOS LTDA;25.022,22;1.445,00;LIQUIDAÇÃO PARA ATENDER AS DESPESAS DE MANUTENÇÃO PREVENTIVA DE ARES CONDICIONADOS, COMPETÊNCIA JUNHO DE 2026.;;;0;1545;0,00;0,00;Liquidação;1.445,00;0,00;;1.445,00
[20113-20261929];1;20113;20261929;1202;9912;2026;20113.1;06/07/2026;34161074000121;FERRONATO SERVIÇOS LTDA;44.852,22;3.750,00;LIQUIDAÇÃO PARA ATENDER AS DESPESAS DE MANUTENÇÃO PREVENTIVA DE ARES CONDICIONADOS, COMPETÊNCIA ABRIL DE 2026.;;;0;1545;0,00;0,00;Liquidação;3.750,00;0,00;;3.750,00
[20113-20261929];1;20113;20261929;1202;9912;2026;20113.2;06/07/2026;34161074000121;FERRONATO SERVIÇOS LTDA;44.852,22;3.750,00;LIQUIDAÇÃO PARA ATENDER AS DESPESAS DE MANUTENÇÃO PREVENTIVA DE ARES CONDICIONADOS, COMPETÊNCIA MAIO DE 2026.;;;0;1545;0,00;0,00;Liquidação;3.750,00;0,00;;3.750,00
[20113-20261929];1;20113;20261929;1202;9912;2026;20113.3;06/07/2026;34161074000121;FERRONATO SERVIÇOS LTDA;44.852,22;3.750,00;LIQUIDAÇÃO PARA ATENDER AS DESPESAS DE MANUTENÇÃO PREVENTIVA DE ARES CONDICIONADOS, COMPETÊNCIA JUNHO DE 2026.;;;0;1545;0,00;0,00;Liquidação;3.750,00;0,00;;3.750,00
[20113-20261929];1;20113;20261929;1202;9912;2026;20113.4;06/07/2026;34161074000121;FERRONATO SERVIÇOS LTDA;44.852,22;11.505,00;LIQUIDAÇÃO PARA ATENDER AS DESPESAS DE MANUTENÇÃO CORRETIVA EVENTUAIS DE ARES CONDICIONADOS.;;;0;1545;0,00;0,00;Liquidação;11.505,00;0,00;;11.505,00
[20082-20260711];2;20082;20260711;3300;3300;2026;20082.1.3;06/07/2026;23584874149;CARLOS ALBERTO DIAS DE MORAES;3.178,14;3.178,14;"REPRESENTAR A SEARME EM CUMPRIMENTO DE AGENDAS INSTITUCIONAIS ESTRATÉGICAS JUNTO A ÓRGÃOS FEDERAIS E INSTITUIÇÕES
PARCEIRAS, VISANDO À CAPTAÇÃO DE RECURSOS, FORTALECIMENTO DE PROGRAMAS PÚBLICOS E AMPLIAÇÃO DE AÇÕES VOLTADAS AO
DESENVOLVIMENTO AGROPECUÁRIO E DA AGRICULTURA FAMILIAR DO MUNICÍPIO DE PALMAS, REFERENTES AO PERÍODO DE 15 A 18 DE
JUNHO DE 2026, EM RAZÃO DO DESLOCAMENTO INSTITUCIONAL DE PALMAS/TO À BRASÍLIA/DF, TOTALIZANDO 3,5  DIÁRIAS";;;0;1545;0,00;0,00;Pagamento;3.178,14;3.178,14;9.534,42;3.178,14
[1982-20260290];2;1982;20260290;2500;2500;2026;1982.36.1;06/07/2026;4196645000100;IMPRENSA NACIONAL;35.000,00;314,16;CONTRATAÇÃO DE EMPRESA ESPECIALIZADA PARA REALIZAR PUBLICAÇÃO DE ATOS ADMINISTRATIVOS NO DIÁRIO OFICIAL DA UNIÃO - DOU, PARA ATENDIMENTO DA PREFEITURA MUNICIPAL DE PALMAS.;;;0;1545;0,00;0,00;Pagamento;314,16;314,16;13.806,04;14.692,59
[1982-20260290];2;1982;20260290;2500;2500;2026;1982.37.1;06/07/2026;4196645000100;IMPRENSA NACIONAL;35.000,00;224,40;CONTRATAÇÃO DE EMPRESA ESPECIALIZADA PARA REALIZAR PUBLICAÇÃO DE ATOS ADMINISTRATIVOS NO DIÁRIO OFICIAL DA UNIÃO - DOU, PARA ATENDIMENTO DA PREFEITURA MUNICIPAL DE PALMAS.;;;0;1545;0,00;0,00;Pagamento;224,40;224,40;13.806,04;14.692,59
[1982-20260290];2;1982;20260290;2500;2500;2026;1982.38.1;06/07/2026;4196645000100;IMPRENSA NACIONAL;35.000,00;269,28;CONTRATAÇÃO DE EMPRESA ESPECIALIZADA PARA REALIZAR PUBLICAÇÃO DE ATOS ADMINISTRATIVOS NO DIÁRIO OFICIAL DA UNIÃO - DOU, PARA ATENDIMENTO DA PREFEITURA MUNICIPAL DE PALMAS.;;;0;1545;0,00;0,00;Pagamento;269,28;269,28;13.806,04;14.692,59
[1982-20260290];2;1982;20260290;2500;2500;2026;1982.39.1;06/07/2026;4196645000100;IMPRENSA NACIONAL;35.000,00;403,92;CONTRATAÇÃO DE EMPRESA ESPECIALIZADA PARA REALIZAR PUBLICAÇÃO DE ATOS ADMINISTRATIVOS NO DIÁRIO OFICIAL DA UNIÃO - DOU, PARA ATENDIMENTO DA PREFEITURA MUNICIPAL DE PALMAS.;;;0;1545;0,00;0,00;Pagamento;403,92;403,92;13.806,04;14.692,59
[1982-20260290];2;1982;20260290;2500;2500;2026;1982.40.1;06/07/2026;4196645000100;IMPRENSA NACIONAL;35.000,00;403,92;CONTRATAÇÃO DE EMPRESA ESPECIALIZADA PARA REALIZAR PUBLICAÇÃO DE ATOS ADMINISTRATIVOS NO DIÁRIO OFICIAL DA UNIÃO - DOU, PARA ATENDIMENTO DA PREFEITURA MUNICIPAL DE PALMAS.;;;0;1545;0,00;0,00;Pagamento;403,92;403,92;13.806,04;14.692,59
[1982-20260290];2;1982;20260290;2500;2500;2026;1982.41.1;06/07/2026;4196645000100;IMPRENSA NACIONAL;35.000,00;403,92;CONTRATAÇÃO DE EMPRESA ESPECIALIZADA PARA REALIZAR PUBLICAÇÃO DE ATOS ADMINISTRATIVOS NO DIÁRIO OFICIAL DA UNIÃO - DOU, PARA ATENDIMENTO DA PREFEITURA MUNICIPAL DE PALMAS.;;;0;1545;0,00;0,00;Pagamento;403,92;403,92;13.806,04;14.692,59
[1982-20260290];2;1982;20260290;2500;2500;2026;1982.42.1;06/07/2026;4196645000100;IMPRENSA NACIONAL;35.000,00;403,92;CONTRATAÇÃO DE EMPRESA ESPECIALIZADA PARA REALIZAR PUBLICAÇÃO DE ATOS ADMINISTRATIVOS NO DIÁRIO OFICIAL DA UNIÃO - DOU, PARA ATENDIMENTO DA PREFEITURA MUNICIPAL DE PALMAS.;;;0;1545;0,00;0,00;Pagamento;403,92;403,92;13.806,04;14.692,59
[1982-20260290];2;1982;20260290;2500;2500;2026;1982.43.1;06/07/2026;4196645000100;IMPRENSA NACIONAL;35.000,00;314,16;CONTRATAÇÃO DE EMPRESA ESPECIALIZADA PARA REALIZAR PUBLICAÇÃO DE ATOS ADMINISTRATIVOS NO DIÁRIO OFICIAL DA UNIÃO - DOU, PARA ATENDIMENTO DA PREFEITURA MUNICIPAL DE PALMAS.;;;0;1545;0,00;0,00;Pagamento;314,16;314,16;13.806,04;14.692,59
[1982-20260290];2;1982;20260290;2500;2500;2026;1982.44.1;06/07/2026;4196645000100;IMPRENSA NACIONAL;35.000,00;314,16;CONTRATAÇÃO DE EMPRESA ESPECIALIZADA PARA REALIZAR PUBLICAÇÃO DE ATOS ADMINISTRATIVOS NO DIÁRIO OFICIAL DA UNIÃO - DOU, PARA ATENDIMENTO DA PREFEITURA MUNICIPAL DE PALMAS.;;;0;1545;0,00;0,00;Pagamento;314,16;314,16;13.806,04;14.692,59
[1982-20260290];1;1982;20260290;2500;2500;2026;1982.45;06/07/2026;4196645000100;IMPRENSA NACIONAL;35.000,00;314,16;CONTRATAÇÃO DE EMPRESA ESPECIALIZADA PARA REALIZAR PUBLICAÇÃO DE ATOS ADMINISTRATIVOS NO DIÁRIO OFICIAL DA UNIÃO - DOU, PARA ATENDIMENTO DA PREFEITURA MUNICIPAL DE PALMAS.;;;0;1545;0,00;0,00;Liquidação;314,16;10.754,20;;314,16
[18362-20261669];1;18362;20261669;3200;3200;2026;18362.1;06/07/2026;34583777000148;VIVA PRODUTOS HOSPITALARES E SIMILARES LTDA;19.044,00;19.044,00;"O OBJETO DA PRESENTE LICITAÇÃO PARA REGISTRO DE PREÇO PARA AQUISIÇÃO DE INSUMOS/MATERIAL DE ENFERMAGEM (LISTA IV CÂNULA) PARA
ATENDER DEMANDA DA SECRETARIA MUNICIPAL DE SAÚDE DE PALMAS-TO.";41441;;0;1545;0,00;0,00;Liquidação;19.044,00;0,00;;19.044,00
[18357-20261779];1;18357;20261779;3200;3200;2026;18357.1;06/07/2026;34583777000148;VIVA PRODUTOS HOSPITALARES E SIMILARES LTDA;19.044,00;19.044,00;"O OBJETO DA PRESENTE LICITAÇÃO PARA REGISTRO DE PREÇO PARA AQUISIÇÃO DE INSUMOS/MATERIAL DE ENFERMAGEM (LISTA IV CÂNULA) PARA
ATENDER DEMANDA DA SECRETARIA MUNICIPAL DE SAÚDE DE PALMAS-TO.";41440;;0;1545;0,00;0,00;Liquidação;19.044,00;0,00;;19.044,00
[18076-20260148];1;18076;20260148;1900;1900;2026;18076.1;06/07/2026;58138221000100;CONECTA  COMERCIO  E  SERVIÇOS  LTDA;31.240,00;31.240,00;"OBJETO: O PRESENTE TERMO DE REFERÊNCIA TEM POR OBJETO O REGISTRO DE PREÇOS PARA FUTURA E EVENTUAL AQUISIÇÃO DE BLOCOS DE CONCRETO, BLOCOS CERÂMICOS E BLOCOS INTERTRAVADOS 
DE CONCRETO, DESTINADOS AO ATENDIMENTO DAS DEMANDAS DA SECRETARIA MUNICIPAL DE 

ZELADORIA URBANA ? SEMZU";40602;;0;1545;0,00;0,00;Liquidação;31.240,00;0,00;;31.240,00
[17453-20260639];2;17453;20260639;3200;3200;2026;17453.1.1;06/07/2026;10587568000104;MERIC AR CONDICIONADO EIRELI;18.362,94;918,92;"LIQUIDAÇÃO PARA PAGAMENTO REF. PRESTAÇÃO DE SERVIÇOS MANUT.  PREVENTIVA E CORRETIVA GERADORES DE ENERGIA DO PERÍODO DE JANEIRO DE 2026.MAC.
NF: 20";;;0;1545;0,00;0,00;Pagamento;918,92;918,92;17.918,94;21.119,70
[17453-20260639];2;17453;20260639;3200;3200;2026;17453.12.1;06/07/2026;10587568000104;MERIC AR CONDICIONADO EIRELI;18.362,94;918,92;"LIQUIDAÇÃO PARA PAGAMENTO REF. PRESTAÇÃO DE SERVIÇOS MANUT.  PREVENTIVA E CORRETIVA GERADORES DE ENERGIA DO PERÍODO DE FEVEREIRO DE 2026.MAC.
NF: 39";;;0;1545;0,00;0,00;Pagamento;918,92;918,92;17.918,94;21.119,70
[17453-20260639];2;17453;20260639;3200;3200;2026;17453.13.1;06/07/2026;10587568000104;MERIC AR CONDICIONADO EIRELI;18.362,94;918,92;"LIQUIDAÇÃO PARA PAGAMENTO REF. PRESTAÇÃO DE SERVIÇOS MANUT.  PREVENTIVA E CORRETIVA GERADORES DE ENERGIA DO PERÍODO DE FEVEREIRO DE 2026.MAC.
NF: 40";;;0;1545;0,00;0,00;Pagamento;918,92;918,92;17.918,94;21.119,70
[17453-20260639];2;17453;20260639;3200;3200;2026;17453.14.1;06/07/2026;10587568000104;MERIC AR CONDICIONADO EIRELI;18.362,94;918,92;"LIQUIDAÇÃO PARA PAGAMENTO REF. PRESTAÇÃO DE SERVIÇOS MANUT.  PREVENTIVA E CORRETIVA GERADORES DE ENERGIA DO PERÍODO DE MARÇO DE 2026.MAC.
NF: 52";;;0;1545;0,00;0,00;Pagamento;918,92;918,92;17.918,94;21.119,70
[17453-20260639];2;17453;20260639;3200;3200;2026;17453.15.1;06/07/2026;10587568000104;MERIC AR CONDICIONADO EIRELI;18.362,94;918,92;"LIQUIDAÇÃO PARA PAGAMENTO REF. PRESTAÇÃO DE SERVIÇOS MANUT.  PREVENTIVA E CORRETIVA GERADORES DE ENERGIA DO PERÍODO DE MARÇO DE 2026.MAC.
NF: 53";;;0;1545;0,00;0,00;Pagamento;918,92;918,92;17.918,94;21.119,70
[17453-20260639];2;17453;20260639;3200;3200;2026;17453.16.1;06/07/2026;10587568000104;MERIC AR CONDICIONADO EIRELI;18.362,94;918,92;"LIQUIDAÇÃO PARA PAGAMENTO REF. PRESTAÇÃO DE SERVIÇOS MANUT.  PREVENTIVA E CORRETIVA GERADORES DE ENERGIA DO PERÍODO DE MARÇO DE 2026.MAC.
NF: 54";;;0;1545;0,00;0,00;Pagamento;918,92;918,92;17.918,94;21.119,70
[17453-20260639];2;17453;20260639;3200;3200;2026;17453.17.1;06/07/2026;10587568000104;MERIC AR CONDICIONADO EIRELI;18.362,94;918,92;"LIQUIDAÇÃO PARA PAGAMENTO REF. PRESTAÇÃO DE SERVIÇOS MANUT.  PREVENTIVA E CORRETIVA GERADORES DE ENERGIA DO PERÍODO DE MARÇO DE 2026.MAC.
NF: 55";;;0;1545;0,00;0,00;Pagamento;918,92;918,92;17.918,94;21.119,70
[17453-20260639];2;17453;20260639;3200;3200;2026;17453.18.1;06/07/2026;10587568000104;MERIC AR CONDICIONADO EIRELI;18.362,94;918,92;"LIQUIDAÇÃO PARA PAGAMENTO REF. PRESTAÇÃO DE SERVIÇOS MANUT.  PREVENTIVA E CORRETIVA GERADORES DE ENERGIA DO PERÍODO DE MARÇO DE 2026.MAC.
NF: 56";;;0;1545;0,00;0,00;Pagamento;918,92;918,92;17.918,94;21.119,70
[17453-20260639];2;17453;20260639;3200;3200;2026;17453.19.1;06/07/2026;10587568000104;MERIC AR CONDICIONADO EIRELI;18.362,94;918,92;"LIQUIDAÇÃO PARA PAGAMENTO REF. PRESTAÇÃO DE SERVIÇOS MANUT.  PREVENTIVA E CORRETIVA GERADORES DE ENERGIA DO PERÍODO DE ABRIL DE 2026.MAC.
NF: 66";;;0;1545;0,00;0,00;Pagamento;918,92;918,92;17.918,94;21.119,70
[17453-20260639];2;17453;20260639;3200;3200;2026;17453.2.1;06/07/2026;10587568000104;MERIC AR CONDICIONADO EIRELI;18.362,94;918,92;"LIQUIDAÇÃO PARA PAGAMENTO REF. PRESTAÇÃO DE SERVIÇOS MANUT.  PREVENTIVA E CORRETIVA GERADORES DE ENERGIA DO PERÍODO DE JANEIRO DE 2026.MAC.
NF: 21";;;0;1545;0,00;0,00;Pagamento;918,92;918,92;17.918,94;21.119,70
[17453-20260639];2;17453;20260639;3200;3200;2026;17453.20.1;06/07/2026;10587568000104;MERIC AR CONDICIONADO EIRELI;18.362,94;918,92;"LIQUIDAÇÃO PARA PAGAMENTO REF. PRESTAÇÃO DE SERVIÇOS MANUT.  PREVENTIVA E CORRETIVA GERADORES DE ENERGIA DO PERÍODO DE ABRIL DE 2026.MAC.
NF: 67";;;0;1545;0,00;0,00;Pagamento;918,92;918,92;17.918,94;21.119,70
[17453-20260639];2;17453;20260639;3200;3200;2026;17453.21.1;06/07/2026;10587568000104;MERIC AR CONDICIONADO EIRELI;18.362,94;918,92;"LIQUIDAÇÃO PARA PAGAMENTO REF. PRESTAÇÃO DE SERVIÇOS MANUT.  PREVENTIVA E CORRETIVA GERADORES DE ENERGIA DO PERÍODO DE ABRIL DE 2026.MAC.
NF: 68";;;0;1545;0,00;0,00;Pagamento;918,92;918,92;17.918,94;21.119,70
[17453-20260639];2;17453;20260639;3200;3200;2026;17453.22.1;06/07/2026;10587568000104;MERIC AR CONDICIONADO EIRELI;18.362,94;918,92;"LIQUIDAÇÃO PARA PAGAMENTO REF. PRESTAÇÃO DE SERVIÇOS MANUT.  PREVENTIVA E CORRETIVA GERADORES DE ENERGIA DO PERÍODO DE ABRIL DE 2026.MAC.
NF: 69";;;0;1545;0,00;0,00;Pagamento;918,92;918,92;17.918,94;21.119,70
[17453-20260639];2;17453;20260639;3200;3200;2026;17453.23.1;06/07/2026;10587568000104;MERIC AR CONDICIONADO EIRELI;18.362,94;459,46;"LIQUIDAÇÃO PARA PAGAMENTO REF. PRESTAÇÃO DE SERVIÇOS MANUT.  PREVENTIVA E CORRETIVA GERADORES DE ENERGIA DO PERÍODO DE ABRIL DE 2026.MAC.
NF: 70";;;0;1545;0,00;0,00;Pagamento;459,46;459,46;17.918,94;21.119,70
[17453-20260639];2;17453;20260639;3200;3200;2026;17453.4.1;06/07/2026;10587568000104;MERIC AR CONDICIONADO EIRELI;18.362,94;918,92;"LIQUIDAÇÃO PARA PAGAMENTO REF. PRESTAÇÃO DE SERVIÇOS MANUT.  PREVENTIVA E CORRETIVA GERADORES DE ENERGIA DO PERÍODO DE JANEIRO DE 2026.MAC.
NF: 22";;;0;1545;0,00;0,00;Pagamento;918,92;918,92;17.918,94;21.119,70
[17453-20260639];2;17453;20260639;3200;3200;2026;17453.5.1;06/07/2026;10587568000104;MERIC AR CONDICIONADO EIRELI;18.362,94;918,92;"LIQUIDAÇÃO PARA PAGAMENTO REF. PRESTAÇÃO DE SERVIÇOS MANUT.  PREVENTIVA E CORRETIVA GERADORES DE ENERGIA DO PERÍODO DE JANEIRO DE 2026.MAC.
NF: 23";;;0;1545;0,00;0,00;Pagamento;918,92;918,92;17.918,94;21.119,70
[17453-20260639];2;17453;20260639;3200;3200;2026;17453.6.1;06/07/2026;10587568000104;MERIC AR CONDICIONADO EIRELI;18.362,94;918,92;"LIQUIDAÇÃO PARA PAGAMENTO REF. PRESTAÇÃO DE SERVIÇOS MANUT.  PREVENTIVA E CORRETIVA GERADORES DE ENERGIA DO PERÍODO DE JANEIRO DE 2026.MAC.
NF: 24";;;0;1545;0,00;0,00;Pagamento;918,92;918,92;17.918,94;21.119,70
[17453-20260639];2;17453;20260639;3200;3200;2026;17453.7.1;06/07/2026;10587568000104;MERIC AR CONDICIONADO EIRELI;18.362,94;918,92;"LIQUIDAÇÃO PARA PAGAMENTO REF. PRESTAÇÃO DE SERVIÇOS MANUT.  PREVENTIVA E CORRETIVA GERADORES DE ENERGIA DO PERÍODO DE FEVEREIRO DE 2026.MAC.
NF: 36";;;0;1545;0,00;0,00;Pagamento;918,92;918,92;17.918,94;21.119,70
[17453-20260639];2;17453;20260639;3200;3200;2026;17453.8.1;06/07/2026;10587568000104;MERIC AR CONDICIONADO EIRELI;18.362,94;918,92;"LIQUIDAÇÃO PARA PAGAMENTO REF. PRESTAÇÃO DE SERVIÇOS MANUT.  PREVENTIVA E CORRETIVA GERADORES DE ENERGIA DO PERÍODO DE FEVEREIRO DE 2026.MAC.
NF: 37";;;0;1545;0,00;0,00;Pagamento;918,92;918,92;17.918,94;21.119,70
[17453-20260639];2;17453;20260639;3200;3200;2026;17453.9.1;06/07/2026;10587568000104;MERIC AR CONDICIONADO EIRELI;18.362,94;918,92;"LIQUIDAÇÃO PARA PAGAMENTO REF. PRESTAÇÃO DE SERVIÇOS MANUT.  PREVENTIVA E CORRETIVA GERADORES DE ENERGIA DO PERÍODO DE FEVEREIRO DE 2026.MAC.
NF: 38";;;0;1545;0,00;0,00;Pagamento;918,92;918,92;17.918,94;21.119,70
[17310-20260289];1;17310;20260289;2500;2500;2026;17310.6;06/07/2026;19200109000109;MONTANA SEGURANÇA LTDA EPP;112.708,72;2.858,45;PAGAMENTO REFERENTE AO MÊS DE MARÇO/2026.;;;0;1545;0,00;0,00;Liquidação;2.858,45;2.858,45;;2.858,45
[17309-20262472];1;17309;20262472;2500;2500;2026;17309.3;06/07/2026;19200109000109;MONTANA SEGURANÇA LTDA EPP;5.380,32;5.380,32;PAGAMENTO REFERENTE AO MÊS DE MARÇO/2026.;;;0;1545;0,00;0,00;Liquidação;5.380,32;0,00;;5.380,32
[17309-20262472];1;17309;20262472;2500;2500;2026;17309.4;06/07/2026;19200109000109;MONTANA SEGURANÇA LTDA EPP;5.380,32;5.380,32;PAGAMENTO REFERENTE AO MÊS DE MARÇO/2026.;;;0;1545;0,00;0,00;Liquidação;5.380,32;0,00;;5.380,32
[16332-20262273];1;16332;20262273;5800;5800;2026;16332.1;06/07/2026;34161074000121;FERRONATO SERVIÇOS LTDA;43.020,00;4.780,00;"LIQUIDAÇÃO PARA ATENDER AS DESPESAS DE MANUTENÇÃO PREVENTIVA DE ARES CONDICIONADOS, COMPETÊNCIA ABRIL DE 2026.
CONTA 5861-0 BASICA.";;;0;1545;0,00;0,00;Liquidação;4.780,00;0,00;;4.780,00
[16332-20262273];1;16332;20262273;5800;5800;2026;16332.2;06/07/2026;34161074000121;FERRONATO SERVIÇOS LTDA;43.020,00;4.780,00;"LIQUIDAÇÃO PARA ATENDER AS DESPESAS DE MANUTENÇÃO PREVENTIVA DE ARES CONDICIONADOS, COMPETÊNCIA MAIO DE 2026.
CONTA 5861-0 BASICA.";;;0;1545;0,00;0,00;Liquidação;4.780,00;0,00;;4.780,00
[16332-20262273];1;16332;20262273;5800;5800;2026;16332.3;06/07/2026;34161074000121;FERRONATO SERVIÇOS LTDA;43.020,00;4.780,00;"LIQUIDAÇÃO PARA ATENDER AS DESPESAS DE MANUTENÇÃO PREVENTIVA DE ARES CONDICIONADOS, COMPETÊNCIA JUNHO DE 2026.
CONTA 5861-0 BASICA.";;;0;1545;0,00;0,00;Liquidação;4.780,00;0,00;;4.780,00
[16330-20262270];1;16330;20262270;5800;5800;2026;16330.1;06/07/2026;34161074000121;FERRONATO SERVIÇOS LTDA;23.535,00;2.615,00;"LIQUIDAÇÃO PARA ATENDER AS DESPESAS DE MANUTENÇÃO PREVENTIVA DE ARES CONDICIONADOS, COMPETÊNCIA JUNHO DE 2026.
CONTA 5995-1 ESPECIAL";;;0;1545;0,00;0,00;Liquidação;2.615,00;0,00;;2.615,00
[16330-20262270];1;16330;20262270;5800;5800;2026;16330.2;06/07/2026;34161074000121;FERRONATO SERVIÇOS LTDA;23.535,00;2.615,00;"LIQUIDAÇÃO PARA ATENDER AS DESPESAS DE MANUTENÇÃO PREVENTIVA DE ARES CONDICIONADOS, COMPETÊNCIA MAIO DE 2026.
CONTA 5995-1 ESPECIAL";;;0;1545;0,00;0,00;Liquidação;2.615,00;0,00;;2.615,00
[16330-20262270];1;16330;20262270;5800;5800;2026;16330.3;06/07/2026;34161074000121;FERRONATO SERVIÇOS LTDA;23.535,00;2.615,00;"LIQUIDAÇÃO PARA ATENDER AS DESPESAS DE MANUTENÇÃO PREVENTIVA DE ARES CONDICIONADOS, COMPETÊNCIA ABRIL DE 2026.
CONTA 5995-1 ESPECIAL";;;0;1545;0,00;0,00;Liquidação;2.615,00;0,00;;2.615,00
[14915-20262405];1;14915;20262405;5800;5800;2026;14915.2;06/07/2026;44408138000108;CREATIVE SOLUCOES ATACADISTA LTDA;165.942,34;33.640,75;REGISTRO DE PREÇOS PARA FUTURA AQUISIÇÃO DE MOBILIÁRIO PARA EQUIPAR E ESTRUTURAR OS EQUIPAMENTOS DE RESPONSABILIDADE DOS SERVIÇOS DE PROTEÇÃO SOCIAL BÁSICA E ESPECIAL;40312;;0;1545;0,00;0,00;Liquidação;33.640,75;0,00;;33.640,75
[14911-20262284];1;14911;20262284;5800;5800;2026;14911.1;06/07/2026;44408138000108;CREATIVE SOLUCOES ATACADISTA LTDA;126.907,61;29.603,86;REGISTRO DE PREÇOS PARA FUTURA AQUISIÇÃO DE MOBILIÁRIO PARA EQUIPAR E ESTRUTURAR OS EQUIPAMENTOS DE RESPONSABILIDADE DOS SERVIÇOS DE PROTEÇÃO SOCIAL BÁSICA E ESPECIAL;40312;;0;1545;0,00;0,00;Liquidação;29.603,86;0,00;;29.603,86
[14909-20262094];1;14909;20262094;5800;5800;2026;14909.1;06/07/2026;44408138000108;CREATIVE SOLUCOES ATACADISTA LTDA;27.691,03;26.912,60;REGISTRO DE PREÇOS PARA FUTURA AQUISIÇÃO DE MOBILIÁRIO PARA EQUIPAR E ESTRUTURAR OS EQUIPAMENTOS DE RESPONSABILIDADE DOS SERVIÇOS DE PROTEÇÃO SOCIAL BÁSICA E ESPECIAL;40312;;0;1545;0,00;0,00;Liquidação;26.912,60;0,00;;26.912,60
[14895-20262285];1;14895;20262285;5800;5800;2026;14895.1;06/07/2026;44408138000108;CREATIVE SOLUCOES ATACADISTA LTDA;184.208,22;101.562,69;REGISTRO DE PREÇOS PARA FUTURA AQUISIÇÃO DE MOBILIÁRIO PARA EQUIPAR E ESTRUTURAR OS EQUIPAMENTOS DE RESPONSABILIDADE DOS SERVIÇOS DE PROTEÇÃO SOCIAL BÁSICA E ESPECIAL;40312;;0;1545;0,00;0,00;Liquidação;101.562,69;0,00;;101.562,69
[14727-20262273];1;14727;20262273;5800;5800;2026;14727.1;06/07/2026;34161074000121;FERRONATO SERVIÇOS LTDA;32.840,00;8.320,00;"LIQUIDAÇÃO PARA ATENDER AS DESPESAS DE MANUTENÇÃO CORRETIVA EVENTUAIS DE ARES CONDICIONADOS.
CONTA 5861-0-BASICA.";;;0;1545;0,00;0,00;Liquidação;8.320,00;0,00;;8.320,00
[14672-20260809];1;14672;20260809;3500;3500;2026;14672.1;06/07/2026;3014011000119;ELETRO HIDRO LTDA.;2.293.562,11;74.303,39;VALOR LIQUIDADO REFERENTE A NF Nº2026000114 - 1ª MEDIÇÃO DOS SERVIÇOS DE EXECUÇÃO DAS OBRAS DE DRENAGEM PLUVIAL DA AVENIDA LO-14 (ENTRE AV. NS-02 E AV. NS-06) E ABERTURAS DAS CAIXAS COLETORAS (BL) E REJUVENESCIMENTO COM MICROREVESTIMENTO DA QUADRA ARNE 61, PALMAS/TO. PACTUADO COM SECRETARIA MUNICIPAL DE INFRAESTRUTURA E HABITAÇÃO CONFORME CONTRATO Nº: 053/2026, ORIUNDOS DA TOMADA DE PREÇO Nº 014/2023, PROCESSO ADMINISTRATIVO Nº 2023049505, CONFORME PREVISTO NA RELAÇÃO DE DESPESAS DE INVESTIMENTO DO CONTRATO DE FINANCIAMENTO NÚMERO 40/00090-7 - PERIODO: 22/05/2026 A 30/06/2026.;;;0;1545;0,00;0,00;Liquidação;74.303,39;0,00;;74.303,39
[14509-20261025];1;14509;20261025;6100;6100;2026;14509.3;06/07/2026;8778322000178;NOVA TELECOM LTDA;72.668,75;6.055,72;SERVIÇO DE INTERNET, REF. JUNHO DE 2026;41208;;0;1545;0,00;0,00;Liquidação;6.055,72;11.875,72;;6.055,72
[14492-20260148];1;14492;20260148;1900;1900;2026;14492.2;06/07/2026;58138221000100;CONECTA  COMERCIO  E  SERVIÇOS  LTDA;56.250,00;11.250,00;REGISTRO DE PREÇOS PARA A AQUISIÇÃO DE CIMENTO TIPO PORTLAND CP TIPO II - 32 (COMPOSTO COM FILER, CONFORME NORMAS ABNT NBR 11.758), SACO COM 50KG, PARA ATENDER DEMANDAS DA SECRETARIA MUNICIPAL DE ZELADORIA PÚBLICA E SERVIÇOS PÚBLICOS, CONFORME CONDIÇÕES, QUANTIDADES E EXIGÊNCIAS ESTABELECIDAS NESTE EDITAL E SEUS ANEXOS.;40303;;0;1545;0,00;0,00;Liquidação;11.250,00;37.500,00;;11.250,00
[14440-20260149];1;14440;20260149;1900;1900;2026;14440.2;06/07/2026;3749325000160;R CARDOSO ALVES DA CRUZ & CIA LTDA -ME;900.000,00;190.125,43;LIQUIDAÇÃO DA 25ª MEDIÇÃO, CORRESPONDENTE AO PERIODO DE 01/05/2026 A 31/05/2026, RELATIVA A CONTRATAÇÃO DE EMPRESA ESPECIALIZADA NA PRESTAÇÃO DE SERVIÇOS DE MICRO TRATORES DE AUTOPROPELIDO GIRO ZERO, QUE ATENDERÃO A SECRETARIA MUNICIPAL DE INFRAESTRUTURA E SERVIÇOS PÚBLICOS.;41203;;0;1545;0,00;0,00;Liquidação;190.125,43;0,00;;190.125,43
[14433-20260148];1;14433;20260148;1900;1900;2026;14433.1;06/07/2026;58138221000100;CONECTA  COMERCIO  E  SERVIÇOS  LTDA;18.750,00;18.750,00;REGISTRO DE PREÇOS PARA A AQUISIÇÃO DE CIMENTO TIPO PORTLAND CP TIPO II - 32 (COMPOSTO COM FILER, CONFORME NORMAS ABNT NBR 11.758), SACO COM 50KG, PARA ATENDER DEMANDAS DA SECRETARIA MUNICIPAL DE ZELADORIA PÚBLICA E SERVIÇOS PÚBLICOS, CONFORME CONDIÇÕES, QUANTIDADES E EXIGÊNCIAS ESTABELECIDAS NESTE EDITAL E SEUS ANEXOS.;40303;;0;1545;0,00;0,00;Liquidação;18.750,00;0,00;;18.750,00
[14195-20260213];1;14195;20260213;2100;9909;2026;14195.2;06/07/2026;20043500000118;CLIP CONSTRUÇAO E LOCAÇAO DE IMOVEIS PROPRIOS LTDA;73.234,00;20.924,00;VALOR LIQUIDADO REFERENTE A: LOCAÇÃO DE IMÓVEL DESTINADO À SUPERINTENDÊNCIA DA DEFESA CIVIL MUNICIPAL REFERENTE AOS MESES DE MAIO E JUNHO/2026;;;0;1545;0,00;0,00;Liquidação;20.924,00;40.000,00;;20.924,00
[11540-20260364];1;11540;20260364;2700;2700;2026;11540.1;06/07/2026;59745964000101;BKS DISTRIBUIDORA E SERVICOS - LTDA;25.989,40;7.961,48;AQUISIÇÃO DE MATERIAIS DE HIGIENE E LIMPEZA, DESTINADOS À MANUTENÇÃO DAS CONDIÇÕES ADEQUADAS DE ASSEIO, SALUBRIDADE E CONSERVAÇÃO DAS INSTALAÇÕES DA SECRETARIA MUNICIPAL DA FAZENDA. NUP: 000994/2026;40912;;0;1545;0,00;0,00;Liquidação;7.961,48;0,00;;7.961,48
[11536-20260364];1;11536;20260364;2700;2700;2026;11536.1;06/07/2026;28294453000197;META COM. DE EQUIP. PARA ESCRITORIO LTDA;899,98;899,98;AQUISIÇÃO DE MATERIAIS DE HIGIENE E LIMPEZA, DESTINADOS À MANUTENÇÃO DAS CONDIÇÕES ADEQUADAS DE ASSEIO, SALUBRIDADE E CONSERVAÇÃO DAS INSTALAÇÕES DA SECRETARIA MUNICIPAL DA FAZENDA. NUP: 000994/2026;40912;;0;1545;0,00;0,00;Liquidação;899,98;0,00;;899,98
[11529-20260364];1;11529;20260364;2700;2700;2026;11529.1;06/07/2026;60331371000188;LEIDE DAIARA SOARES VIEIRA;6.945,00;6.945,00;AQUISIÇÃO DE MATERIAIS DE HIGIENE E LIMPEZA, DESTINADOS À MANUTENÇÃO DAS CONDIÇÕES ADEQUADAS DE ASSEIO, SALUBRIDADE E CONSERVAÇÃO DAS INSTALAÇÕES DA SECRETARIA MUNICIPAL DA FAZENDA. NUP: 000994/2026;40912;;0;1545;0,00;0,00;Liquidação;6.945,00;0,00;;6.945,00
[11527-20260364];1;11527;20260364;2700;2700;2026;11527.1;06/07/2026;53558020000149;DPEL DISTRIBUIDORA DE PAPELARIA E LIMPEZA LTDA;1.911,22;1.911,22;AQUISIÇÃO DE MATERIAIS DE HIGIENE E LIMPEZA, DESTINADOS À MANUTENÇÃO DAS CONDIÇÕES ADEQUADAS DE ASSEIO, SALUBRIDADE E CONSERVAÇÃO DAS INSTALAÇÕES DA SECRETARIA MUNICIPAL DA FAZENDA. NUP: 000994/2026;40912;;0;1545;0,00;0,00;Liquidação;1.911,22;0,00;;1.911,22
[11419-20260728];1;11419;20260728;3300;3300;2026;11419.3;06/07/2026;53253436000159;FG3 AGRO - COMERCIO DE PRODS AGROPECUARIOS LTDA;6.300,00;6.300,00;AQUISIÇÃO DE DEFENSIVOS AGRÍCOLAS, FERRAMENTAS, EQUIPAMENTOS, IMPLEMENTOS AGRÍCOLAS, MATERIAIS DE IRRIGAÇÃO, INSUMOS PARA ALIMENTAÇÃO E SUPLEMENTAÇÃO ANIMAL, AVES DE PRODUÇÃO E EQUIPAMENTOS DE PROTEÇÃO INDIVIDUAL, DESTINADOS À IMPLANTAÇÃO, MANUTENÇÃO E OPERACIONALIZAÇÃO DAS UNIDADES TÉCNICO-DEMONSTRATIVAS DA ?FAZENDINHA?, NO ÂMBITO DA AGROTINS 2026, CONFORME ESPECIFICAÇÕES E QUANTITATIVOS DEFINIDOS NESTE TERMO DE REFERÊNCIA.;40905;;0;1545;0,00;0,00;Liquidação;6.300,00;0,00;;6.300,00
[11408-20261937];2;11408;20261937;1202;9912;2026;11408.3.1;06/07/2026;69144434000161;SANCETUR - SANTA CECILIA TURISMO LTDA;23.131.878,98;3.115.924,00;LIQUIDAÇÃO SALDO REMANESCENTE NFSE 22 CONCESSÃO DOS SERVIÇOS DE TRANSPORTE COLETIVO PÚBLICO DE PASSAGEIROS POR ÔNIBUS DO MUNICÍPIO DE PALMAS/TO SERVIÇOS PRESTADOS NO PERÍODO 01 A 31 DE MAIO DE 2026.;40206;;0;1545;0,00;0,00;Pagamento;3.115.924,00;3.115.924,00;12.057.014,33;12.057.014,33
[11110-20261306];2;11110;20261306;3200;3200;2026;11110.22.1;06/07/2026;37380565000151;TECNOMEDICA COM. ASSIST. TEC. HOSP. LTDA;52.920,30;1.359,73;"VALOR PAGO REFERENTE A: REF. A CONTRATAÇÃO DE EMPRESA ESPECIALIZADA NA PRESTAÇÃO DE SERVIÇOS DE MANUTENÇÃO PREVENTIVA E CORRETIVA EM EQUIPAMENTOS MÉDICOS HOSPITALARES - ATENÇÃO PRIMARIA - DEA 2024.
NF: 18.026 E 18.031 - PRIMÁRIA";;;0;1545;0,00;0,00;Pagamento;1.359,73;1.359,73;51.368,47;54.418,41
[21118-20261088];0;21118;20261088;7100;7100;2026;21118;04/07/2026;12265819000160;ARTE & SHOW PRODUCOES;40.000,00;0,00;"VALOR EMPENHADO REFERENTE A: CONTRATAÇÃO DIRETA, POR INEXIGIBILIDADE DE LICITAÇÃO, DO ARTISTA VIOLA D' JUNIOR, PARA REALIZAÇÃO DE 01 (UMA) APRESENTAÇÃO ARTÍSTICA MUSICAL DURANTE A PROGRAMAÇÃO DO ""SOM DA CIDADE ? TEMPORADA DE FÉRIAS"", A SER REALIZADA NO CÉU DAS ARTES, LOCALIZADO NO SETOR MORADA DO SOL, EM PALMAS?TO, NO DIA 05 DE JULHO DE 2026.";;;0;1545;0,00;0,00;Empenho;40.000,00;0,00;0,00;0,00
[8694-20260388];2;8694;20260388;2700;2700;2026;8694.4.1;03/07/2026;2038232000164;BANCO COOPERATIVO SICOOB S/A  - BANCO SICOOB;29.000,00;1.945,67;VALOR ESTIMADO REFERENTE A SERVIÇOS BANCÁRIOS DE ARRECADAÇÃO DE TRIBUTOS E OUTRAS RENDAS MUNICIPAIS PARA O EXERCÍCIO DE 2026.;;;0;1545;0,00;0,00;Pagamento;1.945,67;1.945,67;2.526,91;31.456,27
[8511-20261795];2;8511;20261795;3500;3500;2026;8511.1.1;03/07/2026;3422281000169;ENGIX ENGENHARIA E SERVICOS LTDA;990.000,00;343.876,68;VALOR LIQUIDADO REFERENTE À NOTA FISCAL Nº 2026000479, RELATIVA À PRESTAÇÃO DE SERVIÇOS DE MANUTENÇÃO PREDIAL COM FORNECIMENTO DE MATERIAIS E MÃO DE OBRA, CONFORME CONTRATO Nº 030/2025, PROCESSO Nº 2025000092 E PROCESSO Nº 001526/2025. A PRESENTE LIQUIDAÇÃO CORRESPONDE À 1ª MEDIÇÃO, REFERENTE AO PERÍODO DE 17/04/2026 A 24/06/2026. OS RECURSOS SÃO PROVENIENTES DA EMENDA PARLAMENTAR Nº 202537750008, DE AUTORIA DO DEPUTADO FEDERAL VICENTINHO JÚNIOR, DESTINADOS À MANUTENÇÃO ADMINISTRATIVA DA GUARDA METROPOLITANA. CONSIDERANDO A REFERIDA EMENDA PARLAMENTAR, INFORMA-SE QUE A CONTA VINCULADA À EXECUÇÃO DESSA DESPESA É A Nº 573443019-2.;;;0;1545;0,00;0,00;Pagamento;343.876,68;343.876,68;343.876,68;343.876,68
[7807-20261093];2;7807;20261093;7100;7100;2026;7807.5.1;03/07/2026;93886624153;JOAO WELSON PEREIRA DE ALMEIDA;14.000,00;3.500,00;VALOR PAGO REFERENTE A: CONTRATAÇÃO DE JOÃO WELSON PEREIRA DE ALMEIDA COMO INSTRUTOR DE ARTE E CULTURA DE TEATRO, PARA ATUAR COMO PRESTADOR DE SERVIÇOS NOS EQUIPAMENTOS CULTURAIS DA FUNDAÇÃO CULTURAL DE PALMAS, CONFORME ESPECIFICADO NO EDITAL DE CHAMAMENTO PÚBLICO Nº 013/2024/FCP.;;;0;1545;0,00;0,00;Pagamento;3.500,00;3.500,00;12.870,97;16.370,97
[7762-20261779];1;7762;20261779;3200;3200;2026;7762.2;03/07/2026;32534969000139;CK COMERCIO DE PRODUTOS E MEDICAMENTOS HOSPITALARES LTDA;1.699,00;594,65;REGISTRO DE PREÇOS PARA A ESCOLHA DA PROPOSTA MAIS VANTAJOSA PARA FUTURA AQUISIÇÃO DE INSUMOS DE ENFERMAGEM (ABAIXADOR DE LÍNGUA EM MADEIRA - VASELINA LÍQUIDA E OUTROS), DE INTERESSE DA SECRETARIA MUNICIPAL DE SAÚDE;40669;;0;1545;0,00;0,00;Liquidação;594,65;1.104,35;;594,65
[7526-20261779];1;7526;20261779;3200;3200;2026;7526.2;03/07/2026;32534969000139;CK COMERCIO DE PRODUTOS E MEDICAMENTOS HOSPITALARES LTDA;232.512,20;1.734,32;REGISTRO DE PREÇOS PARA A ESCOLHA DA PROPOSTA MAIS VANTAJOSA PARA FUTURA AQUISIÇÃO DE INSUMOS DE ENFERMAGEM (ABAIXADOR DE LÍNGUA EM MADEIRA - VASELINA LÍQUIDA E OUTROS), DE INTERESSE DA SECRETARIA MUNICIPAL DE SAÚDE;39243;;0;1545;0,00;0,00;Liquidação;1.734,32;28.800,68;;1.734,32
[7526-20261779];1;7526;20261779;3200;3200;2026;7526.3;03/07/2026;32534969000139;CK COMERCIO DE PRODUTOS E MEDICAMENTOS HOSPITALARES LTDA;232.512,20;45.037,05;REGISTRO DE PREÇOS PARA A ESCOLHA DA PROPOSTA MAIS VANTAJOSA PARA FUTURA AQUISIÇÃO DE INSUMOS DE ENFERMAGEM (ABAIXADOR DE LÍNGUA EM MADEIRA - VASELINA LÍQUIDA E OUTROS), DE INTERESSE DA SECRETARIA MUNICIPAL DE SAÚDE;39243;;0;1545;0,00;0,00;Liquidação;45.037,05;28.800,68;;45.037,05
[7526-20261779];1;7526;20261779;3200;3200;2026;7526.4;03/07/2026;32534969000139;CK COMERCIO DE PRODUTOS E MEDICAMENTOS HOSPITALARES LTDA;232.512,20;48.200,00;REGISTRO DE PREÇOS PARA A ESCOLHA DA PROPOSTA MAIS VANTAJOSA PARA FUTURA AQUISIÇÃO DE INSUMOS DE ENFERMAGEM (ABAIXADOR DE LÍNGUA EM MADEIRA - VASELINA LÍQUIDA E OUTROS), DE INTERESSE DA SECRETARIA MUNICIPAL DE SAÚDE;39243;;0;1545;0,00;0,00;Liquidação;48.200,00;28.800,68;;48.200,00
[7458-20261669];1;7458;20261669;3200;3200;2026;7458.3;03/07/2026;32534969000139;CK COMERCIO DE PRODUTOS E MEDICAMENTOS HOSPITALARES LTDA;351.316,80;1.738,50;REGISTRO DE PREÇOS PARA A ESCOLHA DA PROPOSTA MAIS VANTAJOSA PARA FUTURA AQUISIÇÃO DE INSUMOS DE ENFERMAGEM (ABAIXADOR DE LÍNGUA EM MADEIRA - VASELINA LÍQUIDA E OUTROS), DE INTERESSE DA SECRETARIA MUNICIPAL DE SAÚDE;39243;;0;1545;0,00;0,00;Liquidação;1.738,50;143.391,72;;1.738,50
[7458-20261669];1;7458;20261669;3200;3200;2026;7458.4;03/07/2026;32534969000139;CK COMERCIO DE PRODUTOS E MEDICAMENTOS HOSPITALARES LTDA;351.316,80;34.267,41;REGISTRO DE PREÇOS PARA A ESCOLHA DA PROPOSTA MAIS VANTAJOSA PARA FUTURA AQUISIÇÃO DE INSUMOS DE ENFERMAGEM (ABAIXADOR DE LÍNGUA EM MADEIRA - VASELINA LÍQUIDA E OUTROS), DE INTERESSE DA SECRETARIA MUNICIPAL DE SAÚDE;39243;;0;1545;0,00;0,00;Liquidação;34.267,41;143.391,72;;34.267,41
[6991-20260387];2;6991;20260387;2700;2700;2026;6991.3.1;03/07/2026;509973;BANCO DO BRASIL SA;420.000,00;76.051,26;LIQUIDAÇÃO REFERENTE A DESPESAS COM TARIFAS BANCÁRIAS DO MÊS DE MARÇO EXERCICIO 2026.;;;0;1545;0,00;0,00;Pagamento;76.051,26;76.051,26;127.898,73;127.898,73
[6825-20261858];2;6825;20261858;2900;2900;2026;6825.1.1;03/07/2026;10379047000161;ACCEI - CMEI PARAISO INFANTIL;13.872,00;13.872,00;"VALOR PAGO REFERENTE A: REPASSE PARA GASTOS COM UNIFORME CONFORME LEI Nº 1.256, DE 22 DE DEZEMBRO DE 2003, COM AS ALTERAÇÕES INTRODUZIDAS PELAS LEIS Nº 2.309, DE 09 DE MAIO DE 2017; N° 3.067, DE 03 DE ABRIL 2024; E Nº 3.297, DE 13 DE NOVEMBRO DE 2025PORTARIA/GAB/SEMED/Nº 0367, DE 19 DE DEZEMBRO DE 2025. EMPENHO E PAGAMENTO REFERENTE AO MÊS DE MARÇO/2026.";;;0;1545;0,00;0,00;Pagamento;13.872,00;13.872,00;13.872,00;13.872,00
[6821-20261858];2;6821;20261858;2900;2900;2026;6821.1.1;03/07/2026;10461679000170;ACCEI - CMEI MATHEUS HENRIQUE DE CASTRO DOS SANTOS;12.336,00;12.336,00;"VALOR PAGO REFERENTE A: REPASSE PARA GASTOS COM UNIFORME CONFORME LEI Nº 1.256, DE 22 DE DEZEMBRO DE 2003, COM AS ALTERAÇÕES INTRODUZIDAS PELAS LEIS Nº 2.309, DE 09 DE MAIO DE 2017; N° 3.067, DE 03 DE ABRIL 2024; E Nº 3.297, DE 13 DE NOVEMBRO DE 2025 PORTARIA/GAB/SEMED/Nº 0367, DE 19 DE DEZEMBRO DE 2025. EMPENHO E PAGAMENTO REFERENTE AO MÊS DE MARÇO/2026.";;;0;1545;0,00;0,00;Pagamento;12.336,00;12.336,00;12.336,00;12.336,00
[6812-20261858];2;6812;20261858;2900;2900;2026;6812.1.1;03/07/2026;20940846000119;ACCEI - CMEI CASTELO ENCANTADO;10.752,00;10.752,00;REPASSE DESTINADO AO CUSTEIO DAS DESPESAS COM UNIFORMES, NOS TERMOS DA LEI Nº 1.256, DE 22 DE DEZEMBRO DE 2003, COM AS ALTERAÇÕES PROMOVIDAS PELA LEI Nº 2.309, DE 9 DE MAIO DE 2017, E PELA LEI Nº 3.297, DE 13 DE NOVEMBRO DE 2025, BEM COMO EM CONFORMIDADE COM A PORTARIA/GAB/SEMED Nº 0367, DE 19 DE DEZEMBRO DE 2025, EM PARCELA ÚNICA, DESTINADO À AQUISIÇÃO DE UNIFORMES.;;;0;1545;0,00;0,00;Pagamento;10.752,00;10.752,00;10.752,00;10.752,00
[6809-20261858];2;6809;20261858;2900;2900;2026;6809.1.1;03/07/2026;28545522000198;ACCEI - CMEI JOAO E MARIA;10.656,00;10.656,00;"VALOR PAGO REFERENTE A: REPASSE PARA GASTOS COM UNIFORME CONFORME LEI Nº 1.256, DE 22 DE DEZEMBRO DE 2003, COM AS ALTERAÇÕES INTRODUZIDAS PELAS LEIS Nº 2.309, DE 09 DE MAIO DE 2017; N° 3.067, DE 03 DE ABRIL 2024; E Nº 3.297, DE 13 DE NOVEMBRO DE 2025 PORTARIA/GAB/SEMED/Nº 0367, DE 19 DE DEZEMBRO DE 2025. EMPENHO E PAGAMENTO REFERENTE AO MÊS DE MARÇO/2026.";;;0;1545;0,00;0,00;Pagamento;10.656,00;10.656,00;10.656,00;10.656,00
[6808-20261856];2;6808;20261856;2900;2900;2026;6808.1.1;03/07/2026;19054996000146;ACCEI - CMEI CARROSSEL;11.136,00;11.136,00;REPASSE DESTINADO AO CUSTEIO DAS DESPESAS COM UNIFORMES, NOS TERMOS DA LEI Nº 1.256, DE 22 DE DEZEMBRO DE 2003, COM AS ALTERAÇÕES PROMOVIDAS PELA LEI Nº 2.309, DE 9 DE MAIO DE 2017, E PELA LEI Nº 3.297, DE 13 DE NOVEMBRO DE 2025, BEM COMO EM CONFORMIDADE COM A PORTARIA/GAB/SEMED Nº 0367, DE 19 DE DEZEMBRO DE 2025, EM PARCELA ÚNICA, DESTINADO À AQUISIÇÃO DE UNIFORMES.;;;0;1545;0,00;0,00;Pagamento;11.136,00;11.136,00;11.136,00;11.136,00
[6790-20261858];2;6790;20261858;2900;2900;2026;6790.1.1;03/07/2026;6021805000106;ACCEI - CMEI RECANTO INFANTIL;11.808,00;11.808,00;"VALOR PAGO REFERENTE A: REPASSE PARA GASTOS COM UNIFORME CONFORME LEI Nº 1.256, DE 22 DE DEZEMBRO DE 2003, COM AS ALTERAÇÕES INTRODUZIDAS PELAS LEIS Nº 2.309, DE 09 DE MAIO DE 2017; N° 3.067, DE 03 DE ABRIL 2024; E Nº 3.297, DE 13 DE NOVEMBRO DE 2025PORTARIA/GAB/SEMED/Nº 0367, DE 19 DE DEZEMBRO DE 2025. EMPENHO E PAGAMENTO REFERENTE AO MÊS DE MARÇO/2026.";;;0;1545;0,00;0,00;Pagamento;11.808,00;11.808,00;11.808,00;11.808,00
[6788-20261858];2;6788;20261858;2900;2900;2026;6788.1.1;03/07/2026;17347503000130;ACCEI - CMEI CRIANÇA FELIZ;11.280,00;11.280,00;"VALOR PAGO REFERENTE A: REPASSE PARA GASTOS COM UNIFORME CONFORME LEI Nº 1.256, DE 22 DE DEZEMBRO DE 2003, COM AS ALTERAÇÕES INTRODUZIDAS PELAS LEIS Nº 2.309, DE 09 DE MAIO DE 2017; N° 3.067, DE 03 DE ABRIL 2024; E Nº 3.297, DE 13 DE NOVEMBRO DE 2025 PORTARIA/GAB/SEMED/Nº 0367, DE 19 DE DEZEMBRO DE 2025. EMPENHO E PAGAMENTO REFERENTE AO MÊS DE MARÇO/2026.";;;0;1545;0,00;0,00;Pagamento;11.280,00;11.280,00;11.280,00;11.280,00
[6784-20261858];2;6784;20261858;2900;2900;2026;6784.1.1;03/07/2026;11686247000120;ACCEI - CMEI CANTINHO DA ALEGRIA;12.192,00;12.192,00;REPASSE DESTINADO AO CUSTEIO DAS DESPESAS COM UNIFORMES, NOS TERMOS DA LEI Nº 1.256, DE 22 DE DEZEMBRO DE 2003, COM AS ALTERAÇÕES PROMOVIDAS PELA LEI Nº 2.309, DE 9 DE MAIO DE 2017, E PELA LEI Nº 3.297, DE 13 DE NOVEMBRO DE 2025, BEM COMO EM CONFORMIDADE COM A PORTARIA/GAB/SEMED Nº 0367, DE 19 DE DEZEMBRO DE 2025, EM PARCELA ÚNICA, DESTINADO À AQUISIÇÃO DE UNIFORMES.;;;0;1545;0,00;0,00;Pagamento;12.192,00;12.192,00;12.192,00;12.192,00
[6780-20261858];2;6780;20261858;2900;2900;2026;6780.1.1;03/07/2026;11686247000120;ACCEI - CMEI CANTINHO DA ALEGRIA;10.944,00;10.944,00;REPASSE DESTINADO AO CUSTEIO DAS DESPESAS COM UNIFORMES, NOS TERMOS DA LEI Nº 1.256, DE 22 DE DEZEMBRO DE 2003, COM AS ALTERAÇÕES PROMOVIDAS PELA LEI Nº 2.309, DE 9 DE MAIO DE 2017, E PELA LEI Nº 3.297, DE 13 DE NOVEMBRO DE 2025, BEM COMO EM CONFORMIDADE COM A PORTARIA/GAB/SEMED Nº 0367, DE 19 DE DEZEMBRO DE 2025, EM PARCELA ÚNICA, DESTINADO À AQUISIÇÃO DE UNIFORMES.;;;0;1545;0,00;0,00;Pagamento;10.944,00;10.944,00;10.944,00;10.944,00
[6772-20261858];2;6772;20261858;2900;2900;2026;6772.1.1;03/07/2026;10297427000157;ACCEI - CMEI SEMENTES DO  AMANHÃ;12.528,00;12.528,00;"REPASSE PARA GASTOS COM UNIFORME CONFORME LEI Nº 1.256, DE 22 DE DEZEMBRO DE 2003, COM AS ALTERAÇÕES INTRODUZIDAS PELAS LEIS Nº 2.309, DE 09 DE MAIO DE 2017; N° 3.067, DE 03 DE ABRIL 2024; E Nº 3.297, DE 13 DE NOVEMBRO DE 2025PORTARIA/GAB/SEMED/Nº 0367, DE 19 DE DEZEMBRO DE 2025. EMPENHO E PAGAMENTO REFERENTE AO MÊS DE MARÇO/2026.";;;0;1545;0,00;0,00;Pagamento;12.528,00;12.528,00;12.528,00;12.528,00
[6749-20261858];2;6749;20261858;2900;2900;2026;6749.1.1;03/07/2026;11686215000124;ACCEI - CMEI SONHO DE CRIANÇA;12.000,00;12.000,00;"VALOR PAGO REFERENTE A: REPASSE PARA GASTOS COM UNIFORME CONFORME LEI Nº 1.256, DE 22 DE DEZEMBRO DE 2003, COM AS ALTERAÇÕES INTRODUZIDAS PELAS LEIS Nº 2.309, DE 09 DE MAIO DE 2017; N° 3.067, DE 03 DE ABRIL 2024; E Nº 3.297, DE 13 DE NOVEMBRO DE 2025PORTARIA/GAB/SEMED/Nº 0367, DE 19 DE DEZEMBRO DE 2025. EMPENHO E PAGAMENTO REFERENTE AO MÊS DE MARÇO/2026.";;;0;1545;0,00;0,00;Pagamento;12.000,00;12.000,00;12.000,00;12.000,00
[6739-20261858];2;6739;20261858;2900;2900;2026;6739.1.1;03/07/2026;6064482000120;ACCEI - CMEI SONHO ENCANTADO;12.288,00;12.288,00;"VALOR PAGO REFERENTE A: REPASSE PARA GASTOS COM UNIFORME CONFORME LEI Nº 1.256, DE 22 DE DEZEMBRO DE 2003, COM AS ALTERAÇÕES INTRODUZIDAS PELAS LEIS Nº 2.309, DE 09 DE MAIO DE 2017; N° 3.067, DE 03 DE ABRIL 2024; E Nº 3.297, DE 13 DE NOVEMBRO DE 2025PORTARIA/GAB/SEMED/Nº 0367, DE 19 DE DEZEMBRO DE 2025. EMPENHO E PAGAMENTO REFERENTE AO MÊS DE MARÇO/2026.";;;0;1545;0,00;0,00;Pagamento;12.288,00;12.288,00;12.288,00;12.288,00
[6716-20261858];2;6716;20261858;2900;2900;2026;6716.1.1;03/07/2026;9503060000100;ACCEI - CMEI AMANCIO JOSE DE MORAES;10.560,00;10.560,00;REPASSE DESTINADO AO CUSTEIO DAS DESPESAS COM UNIFORMES, NOS TERMOS DA LEI Nº 1.256, DE 22 DE DEZEMBRO DE 2003, COM AS ALTERAÇÕES PROMOVIDAS PELA LEI Nº 2.309, DE 9 DE MAIO DE 2017, E PELA LEI Nº 3.297, DE 13 DE NOVEMBRO DE 2025, BEM COMO EM CONFORMIDADE COM A PORTARIA/GAB/SEMED Nº 0367, DE 19 DE DEZEMBRO DE 2025, EM PARCELA ÚNICA, DESTINADO À AQUISIÇÃO DE UNIFORMES.;;;0;1545;0,00;0,00;Pagamento;10.560,00;10.560,00;10.560,00;10.560,00
[6712-20261858];2;6712;20261858;2900;2900;2026;6712.1.1;03/07/2026;9503060000100;ACCEI - CMEI AMANCIO JOSE DE MORAES;11.280,00;11.280,00;REPASSE DESTINADO AO CUSTEIO DAS DESPESAS COM UNIFORMES, NOS TERMOS DA LEI Nº 1.256, DE 22 DE DEZEMBRO DE 2003, COM AS ALTERAÇÕES PROMOVIDAS PELA LEI Nº 2.309, DE 9 DE MAIO DE 2017, E PELA LEI Nº 3.297, DE 13 DE NOVEMBRO DE 2025, BEM COMO EM CONFORMIDADE COM A PORTARIA/GAB/SEMED Nº 0367, DE 19 DE DEZEMBRO DE 2025, EM PARCELA ÚNICA, DESTINADO À AQUISIÇÃO DE UNIFORMES.;;;0;1545;0,00;0,00;Pagamento;11.280,00;11.280,00;11.280,00;11.280,00
[6573-20260388];2;6573;20260388;2700;2700;2026;6573.3.1;03/07/2026;90400888000142;BANCO SANTANDER;43.000,00;1.139,04;VALOR ESTIMADO REFERENTE A SERVIÇOS BANCÁRIOS DE ARRECADAÇÃO DE TRIBUTOS E OUTRAS RENDAS MUNICIPAIS REFERENTE AO MÊS DE MAIO/2026;;;0;1545;0,00;0,00;Pagamento;1.139,04;1.139,04;4.806,90;4.806,90
[6564-20260388];2;6564;20260388;2700;2700;2026;6564.3.1;03/07/2026;60701190000104;ITAU UNIBANCO S.A.;82.000,00;6.379,38;VALOR ESTIMADO REFERENTE A SERVIÇOS BANCÁRIOS DE ARRECADAÇÃO DE TRIBUTOS E OUTRAS RENDAS MUNICIPAIS PARA O EXERCÍCIO DE 2026.;;;0;1545;0,00;0,00;Pagamento;6.379,38;6.379,38;23.355,36;23.355,36
[6470-20260388];2;6470;20260388;2700;2700;2026;6470.3.1;03/07/2026;60746948000112;BANCO BRADESCO  LTDA;45.000,00;4.989,33;VALOR ESTIMADO REFERENTE A SERVIÇOS BANCÁRIOS DE ARRECADAÇÃO DE TRIBUTOS E OUTRAS RENDAS MUNICIPAIS PARA O EXERCICIO DE 2026.;;;0;1545;0,00;0,00;Pagamento;4.989,33;4.989,33;16.398,06;16.398,06
[6466-20261025];1;6466;20261025;6100;6100;2026;6466.6;03/07/2026;2339355000135;SOMADATTA INFORMATICA LTDA;27.543,00;1.546,30;CONTRATAÇÃO DE TELEFONIA FIXA COMUTADA, REF. JUNHO DE 2026;40615;;0;1545;0,00;0,00;Liquidação;1.546,30;7.760,11;;1.546,30
[6441-20260411];1;6441;20260411;2900;2900;2026;6441.5;03/07/2026;34161074000121;FERRONATO LOCAÇÃO DE VEÍCULOS LTDA;94.675,00;13.525,00;LIQUIDAÇÃO PARA SUPRIR DESPESA COM CONTRATAÇÃO DE EMPRESA ESPECIALIZADA PARA PRESTAÇÃO DE SERVIÇOS DE MANUTENÇÃO PREVENTIVA E CORRETIVA DE APARELHOS DE AR CONDICIONADO, REFERENTE AO PERÍODO DE JUNHO DE 2026, MANUTENÇÃO PREVENTIVA.;;;0;1545;0,00;0,00;Liquidação;13.525,00;67.625,00;;13.525,00
[5528-20261025];2;5528;20261025;6100;6100;2026;5528.6.1;03/07/2026;10450122000133;SELF ASSESSORIA E CONSULTORIA LTDA;303.000,00;25.250,00;CONTRATAÇÃO DE FORNECIMENTO DE LICENÇA DE DIREITO DE USO (LOCAÇÃO) DE SOFTWARE ESPECÍFICO EM GESTÃO DE REGIMES PRÓPRIOS DE PREVIDÊNCIA (RPPS) REF. AO PERÍODO DE 16/05 A 16/06 DE 2026;40570;;0;1545;0,00;0,00;Pagamento;25.250,00;25.250,00;138.875,00;138.875,00
[4179-20260388];2;4179;20260388;2700;2700;2026;4179.1.3;03/07/2026;37154465000107;SUPRIR SERVICOS LTDA;513.500,00;145.883,90;"CONTRATAÇÃO DE EMPRESA ESPECIALIZADA EM SERVIÇOS GRÁFICOS COM DADOS VARIÁVEIS PARA
IMPRESSÃO E ENTREGA DE CARNÊS DE IMPOSTO PREDIAL E TERRITORIAL URBANO (IPTU), TAXA DE
LIXO,  NOTIFICAÇÕES  E  INFORMATIVOS,  INCLUINDO  FORNECIMENTO  DE  SOFTWARE  PRÓPRIO  PARA
RASTREAMENTO  EM  TEMPO  REAL  COM  COMPROVAÇÃO  FOTOGRÁFICA  E  GEORREFERENCIAMENTO";40484;;0;1545;0,00;0,00;Pagamento;145.883,90;145.883,90;445.883,90;445.883,90
[2909-20260417];1;2909;20260417;2900;2900;2026;2909.6;03/07/2026;2386528154;RHUAN GABRIEL FLORENCIO MOITINHO;28.603,00;2.431,50;LIQUIDAÇÃO DA DESPESA REFERENTE A SENTENÇA JUDICIAL EM FAVOR DE RHUAN GABRIEL FLORÊNCIO MOITINHO, CORRESPONDENTE AO MÊS DE JUNHO DE 2026.;;;0;1545;0,00;0,00;Liquidação;2.431,50;12.157,50;;2.431,50
[2896-20260389];1;2896;20260389;2700;2700;2026;2896.1;03/07/2026;33683111000107;SERVICO FEDERAL DE PROCESSAMENTO DE DADOS (SERPRO);16.068,72;3.560,20;CONTRATAÇÃO DE EMPRESA ESPECIALIZADA NA PRESTAÇÃO DE SERVIÇOS DE TECNOLOGIA DA INFORMAÇÃO, SENDO COMPOSTA DO SERVIÇO PORTAL DE CADASTROS RFB -COOPERAÇÃO INSTITUCIONAL (PCAD) - SISTEMA COM INTERFACE WEB QUE PERMITE CONSULTAS A DADOS DAS BASES CADASTRO DE PESSOA FÍSICA (CPF) E CADASTRO DE PESSOA JURÍDICA (CNPJ) DA RECEITA FEDERAL DO BRASIL (RFB), PARA ATENDER AS DEMANDAS DESTA SECRETARIA MUNICIPAL DE FINANÇAS, CONFORME QUANTIDADES, CONDIÇÕES E EXIGÊNCIAS ESTABELECIDAS NESTE TERMO DE REFERÊNCIA E CONTRATO DE ADESÃO SERPRO. MES DE JANEIRO A MAIO 2026;40394;;0;1545;0,00;0,00;Liquidação;3.560,20;0,00;;3.560,20
[2633-20261093];2;2633;20261093;7100;7100;2026;2633.6.1;03/07/2026;6617111109;RAILENE SOARES DE VASCONSELOS;21.000,00;3.500,00;VALOR PAGO REFERENTE A: DESPESAS DA INSTRUTORA RAILENE SOARES DE VASCONCELOS, REFERENTE A PRESTAÇÃO DE SERVIÇOS COMO INSTRUTORA DE DANÇA JUNTO A FUNDAÇÃO CULTURAL DE PALMAS;;;0;1545;0,00;0,00;Pagamento;3.500,00;3.500,00;21.000,00;21.000,00
[2631-20261093];2;2631;20261093;7100;7100;2026;2631.6.1;03/07/2026;43079804848;MILTON FELIS PEREIRA;21.000,00;3.500,00;VALOR PAGO REFERENTE A: CONTRATAÇÃO DE MILTON FELIS PEREIRA ALEXANDRE COMO INSTRUTOR DE ARTE E CULTURA DE PIANO, PARA ATUAR COMO PRESTADOR DE SERVIÇOS NOS EQUIPAMENTOS CULTURAIS DA FUNDAÇÃO CULTURAL DE PALMAS, CONFORME ESPECIFICADO NO EDITAL DE CHAMAMENTO PÚBLICO Nº 013/2024/FCP.;;;0;1545;0,00;0,00;Pagamento;3.500,00;3.500,00;21.000,00;21.000,00
[2598-20260994];1;2598;20260994;5800;5800;2026;2598.6;03/07/2026;15267066000110;VICENTE FILHO SOARES 31616747153 - ME;5.736,00;468,00;VALOR LIQUIDADO REFERENTE A: VALOR EMPENHADO REFERENTE A: LIMPEZA DE PISCINA DA CASA ABRIGO;;;0;1545;0,00;0,00;Liquidação;468,00;2.340,00;;468,00
[2596-20260860];1;2596;20260860;3700;3700;2026;2596.6;03/07/2026;15267066000110;VICENTE FILHO SOARES 31616747153 - ME;26.460,00;2.205,06;VALOR LIQUIDADO REFERENTE A: LIMPEZA DE PISCINA PARQUE DA PESSOA IDOSA;;;0;1545;0,00;0,00;Liquidação;2.205,06;11.025,30;;2.205,06
[2552-20261094];2;2552;20261094;7100;7100;2026;2552.6.1;03/07/2026;54432900000137;RENATO DA SILVA MOURA;21.000,00;3.500,00;VALOR PAGO REFERENTE A: CONTRATAÇÃO DE RENATO DA SILVA MOURA COMO INSTRUTOR DE ARTE E CULTURA DE ATETIÊ INFANTIL, PARA ATUAR COMO PRESTADOR DE SERVIÇOS NOS EQUIPAMENTOS CULTURAIS DA FUNDAÇÃO CULTURAL DE PALMAS, CONFORME ESPECIFICADO NO EDITAL DE CHAMAMENTO PÚBLICO Nº 013/2024/FCP.;;;0;1545;0,00;0,00;Pagamento;3.500,00;3.500,00;21.000,00;21.000,00
[2551-20261094];2;2551;20261094;7100;7100;2026;2551.6.1;03/07/2026;32497770000188;RENATE STEPHANES SOBOLL 11925598861;28.800,00;4.800,00;VALOR PAGO REFERENTE A: VALOR EMPENHADO REFERENTE CONTRATAÇÃO DE RENATE STEPHANES SOBOLL COMO REGENTE DO CORAL MUNICIPAL DE PALMAS, PARA ATUAR COMO PRESTADOR DE SERVIÇOS NOS EQUIPAMENTOS CULTURAIS DA FUNDAÇÃO CULTURAL DE PALMAS, CONFORME ESPECIFICADO NO EDITAL DE CHAMAMENTO PÚBLICO Nº 013/2024/FCP;;;0;1545;0,00;0,00;Pagamento;4.800,00;4.800,00;28.800,00;28.800,00
[2549-20261094];2;2549;20261094;7100;7100;2026;2549.6.1;03/07/2026;47010408000108;JUAN RICARDO LEITE DANGELO;22.800,00;3.800,00;VALOR PAGO REFERENTE A: CONTRATAÇÃO DE JUAN RICARDO LEITE D' ANGELO COMO EQUIPE TÉCNICA ESPECIALIZADA EM ÁUDIO PARA ATUAR COMO PRESTADOR DE SERVIÇOS NOS EQUIPAMENTOS CULTURAIS DA FUNDAÇÃO CULTURAL DE PALMAS, CONFORME ESPECIFICADO NO EDITAL DE CHAMAMENTO PÚBLICO Nº 013/2024/FCP.;;;0;1545;0,00;0,00;Pagamento;3.800,00;3.800,00;22.800,00;22.800,00
[2548-20261094];2;2548;20261094;7100;7100;2026;2548.6.1;03/07/2026;29916922000125;JOSELY LUCELIA BARROS DE AQUINO ROCHA;21.000,00;3.500,00;VALOR PAGO REFERENTE A: CONTRATAÇÃO DE JOSELY LUCELIA BARROS DE AQUINO ROCHA COMO INSTRUTOR DE ARTE E CULTURA DE BALÉ CLÁSSICO, PARA ATUAR COMO PRESTADOR DE SERVIÇOS NOS EQUIPAMENTOS CULTURAIS DA FUNDAÇÃO CULTURAL DE PALMAS, CONFORME ESPECIFICADO NO EDITAL DE CHAMAMENTO PÚBLICO Nº 013/2024/FCP;;;0;1545;0,00;0,00;Pagamento;3.500,00;3.500,00;21.000,00;21.000,00
[2547-20261093];2;2547;20261093;7100;7100;2026;2547.6.1;03/07/2026;73806048134;JOELSON MARQUES DA SILVA;21.000,00;3.500,00;VALOR PAGO REFERENTE A: CONTRATAÇÃO DE JOELSON MARQUES DA SILVA COMO INSTRUTOR DE ARTE E CULTURA DE PINTURA, PARA ATUAR COMO PRESTADOR DE SERVIÇOS NOS EQUIPAMENTOS CULTURAIS DA FUNDAÇÃO CULTURAL DE PALMAS, CONFORME ESPECIFICADO NO EDITAL DE CHAMAMENTO PÚBLICO Nº 013/2024/FCP;;;0;1545;0,00;0,00;Pagamento;3.500,00;3.500,00;21.000,00;21.000,00
[2546-20261093];2;2546;20261093;7100;7100;2026;2546.7.1;03/07/2026;6506139102;FLAVIA RUTH FERREIRA DE OLIVEIRA;16.800,00;2.800,00;"VALOR PAGO REFERENTE A:  INSTRUTORA FLÁVIA RUTH FERREIRA DE OLIVEIRA, REFERENTE A PRESTAÇÃO DE SERVIÇOS
COMO TÉCNICA EM FOTOGRAFIA JUNTO A FUNDAÇÃO CULTURAL DE PALMAS";;;0;1545;0,00;0,00;Pagamento;2.800,00;2.800,00;16.800,00;19.600,00
[2545-20261093];2;2545;20261093;7100;7100;2026;2545.6.1;03/07/2026;3005325121;FELIPE SOUSA TRINDADE;21.000,00;3.500,00;VALOR PAGO REFERENTE A: CONTRATAÇÃO DE FELIPE SOUSA TRINDADE COMO INSTRUTOR DE ARTE E CULTURA DE DANÇA, PARA ATUAR COMO PRESTADOR DE SERVIÇOS NOS EQUIPAMENTOS CULTURAIS DA FUNDAÇÃO CULTURAL DE PALMAS, CONFORME ESPECIFICADO NO EDITAL DE CHAMAMENTO PÚBLICO Nº 013/2024/FCP.;;;0;1545;0,00;0,00;Pagamento;3.500,00;3.500,00;21.000,00;21.000,00
[2544-20261093];2;2544;20261093;7100;7100;2026;2544.6.1;03/07/2026;3162482151;DENNIS SOUZA SANTOS DOURADO;21.000,00;3.500,00;VALOR PAGO REFERENTE A: CONTRATAÇÃO DE DÊNNYS SOUZA SANTOS DOURADO COMO INSTRUTOR DE ARTE E CULTURA DE CORREPETIDOR DE PIANO, PARA ATUAR COMO PRESTADOR DE SERVIÇOS NOS EQUIPAMENTOS CULTURAIS DA FUNDAÇÃO CULTURAL DE PALMAS, CONFORME ESPECIFICADO NO EDITAL DE CHAMAMENTO PÚBLICO Nº 013/2024/FCP.;;;0;1545;0,00;0,00;Pagamento;3.500,00;3.500,00;21.000,00;21.000,00
[2543-20261094];2;2543;20261094;7100;7100;2026;2543.6.1;03/07/2026;49413819000170;49.413.819 JACIANE OLIVEIRA DE FREITAS;21.000,00;3.500,00;VALOR PAGO REFERENTE A: VALOR EMPENHADO REFERENTE A DEA - DESPESAS DE EXERCÍCIO ANTERIORES PELA CONTRATAÇÃO DE JACIANE OLIVEIRA DE FREITAS COMO INSTRUTOR DE ARTE E CULTURA DE CANTO, PARA ATUAR COMO PRESTADOR DE SERVIÇOS NOS EQUIPAMENTOS CULTURAIS DA FUNDAÇÃO CULTURAL DE PALMAS, CONFORME ESPECIFICADO NO EDITAL DE CHAMAMENTO PÚBLICO Nº 013/2024/FCP, REFERENTE AO MÊS DE DEZEMBRO DE 2025.;;;0;1545;0,00;0,00;Pagamento;3.500,00;3.500,00;21.000,00;21.000,00
[2542-20261093];2;2542;20261093;7100;7100;2026;2542.6.1;03/07/2026;2454029189;CARLOS EDUARDO JUREMA SOUSA;22.800,00;3.800,00;VALOR PAGO REFERENTE A: DESPESAS  DO INSTRUTOR CARLOS EDUARDO JUREMA SOUSA, REFERENTE A PRESTAÇÃO DE SERVIÇOS COMO TÉCNICO EM DESIGNER GRÁFICO JUNTO A FUNDAÇÃO CULTURAL DE PALMAS;;;0;1545;0,00;0,00;Pagamento;3.800,00;3.800,00;22.800,00;22.800,00
[2541-20261093];2;2541;20261093;7100;7100;2026;2541.6.1;03/07/2026;65864999091;CARINE RODRIGUES BERNHARD;21.000,00;3.500,00;VALOR PAGO REFERENTE A: CONTRATAÇÃO DE CARINE RODRIGUES BERNHARD COMO INSTRUTORA DE ARTE E CULTURA DE ATELIÊ INFANTIL, PARA ATUAR COMO PRESTADOR DE SERVIÇOS NOS EQUIPAMENTOS CULTURAIS DA FUNDAÇÃO CULTURAL DE PALMAS, CONFORME ESPECIFICADO NO EDITAL DE CHAMAMENTO PÚBLICO Nº 013/2024/FCP.;;;0;1545;0,00;0,00;Pagamento;3.500,00;3.500,00;21.000,00;21.000,00
[2539-20261093];2;2539;20261093;7100;7100;2026;2539.6.1;03/07/2026;6557251139;ANA CAROLINA PEREIRA CAVALCANTE;21.000,00;3.500,00;VALOR PAGO REFERENTE A: CONTRATAÇÃO DE ANA CAROLINA PEREIRA CAVALCANTE COMO INSTRUTOR DE ARTE E CULTURA DE SANFONA, PARA ATUAR COMO PRESTADOR DE SERVIÇOS NOS EQUIPAMENTOS CULTURAIS DA FUNDAÇÃO CULTURAL DE PALMAS, CONFORME ESPECIFICADO NO EDITAL DE CHAMAMENTO PÚBLICO Nº 013/2024/FCP.;;;0;1545;0,00;0,00;Pagamento;3.500,00;3.500,00;21.000,00;21.000,00
[2537-20261094];2;2537;20261094;7100;7100;2026;2537.7.1;03/07/2026;35586633000108;FLAVIANE MARQUES DE QUEIROZ FONSECA;21.000,00;3.500,00;VALOR PAGO REFERENTE A: CONTRATAÇÃO DE FLAVIANE MARQUES DE QUEIROZ FONSECA COMO INSTRUTOR DE ARTE E CULTURA DE BALÉ CLASSICO, PARA ATUAR COMO PRESTADOR DE SERVIÇOS NOS EQUIPAMENTOS CULTURAIS DA FUNDAÇÃO CULTURAL DE PALMAS, CONFORME ESPECIFICADO NO EDITAL DE CHAMAMENTO PÚBLICO Nº 013/2024/FCP;;;0;1545;0,00;0,00;Pagamento;3.500,00;3.500,00;21.000,00;24.500,00
[2535-20261094];2;2535;20261094;7100;7100;2026;2535.6.1;03/07/2026;30977445000197;DENIS KISSNER FERREIRA 20152205004;18.000,00;3.000,00;"VALOR PAGO REFERENTE A: VALOR LIQUIDADO REFERENTE A: EDITAL DE CHAMAMENTO PÚBLICO Nº 001/2022/FCP - SELEÇÃO E CREDENCIAMENTO DE INSTRUTORES E EQUIPE TÉCNICA, ESPECIALIZADOS PARA ATUAREM COMO PRESTADORES DE SERVIÇOS NOS EQUIPAMENTOS CULTURAIS DA FUNDAÇÃO CULTURAL DE PALMAS.
CONTRATAÇÃO DE TÉCNICO EM ÁUDIO
CONTRATADO: DENIS KISSNER FERREIRA";;;0;1545;0,00;0,00;Pagamento;3.000,00;3.000,00;18.000,00;18.000,00
[2534-20261094];2;2534;20261094;7100;7100;2026;2534.6.1;03/07/2026;40598835000100;DANIEL DE CARVALHO MANGABA 03781454100;22.800,00;3.800,00;VALOR EMPENHADO REFERENTE A:CONTRATAÇÃO DE DANIEL DE CARVALHO MANGABA COMO EQUIPE TÉCNICA ESPECIALIZADA EM ÁUDIO PARA ATUAR COMO PRESTADOR DE SERVIÇOS NOS EQUIPAMENTOS CULTURAIS DA FUNDAÇÃO CULTURAL DE PALMAS, CONFORME ESPECIFICADO NO EDITAL DE CHAMAMENTO PÚBLICO Nº 013/2024/FCP.;;;0;1545;0,00;0,00;Pagamento;3.800,00;3.800,00;22.800,00;22.800,00
[2513-20261094];2;2513;20261094;7100;7100;2026;2513.6.1;03/07/2026;19124458000180;19.124.458 ARABELLE HADIFE;24.000,00;4.000,00;VALOR PAGO REFERENTE A: VALOR EMPENHADO REFERENTE ACONTRATAÇÃO DE ARABELLE HADIFE COMO INSTRUTOR - DIRETOR PARA CIA. DE TEATRO FERNANDA MONTENEGRO, PARA ATUAR COMO PRESTADOR DE SERVIÇOS NOS EQUIPAMENTOS CULTURAIS DA FUNDAÇÃO CULTURAL DE PALMAS, CONFORME ESPECIFICADO NO EDITAL DE CHAMAMENTO PÚBLICO Nº013/2024/FCP.;;;0;1545;0,00;0,00;Pagamento;4.000,00;4.000,00;24.000,00;24.000,00
[2485-20261094];2;2485;20261094;7100;7100;2026;2485.6.1;03/07/2026;55439664000143;55.439.664 ALEX DA SILVA ROCHA;16.800,00;2.800,00;"VALOR PAGO REFERENTE A: VALOR EMPENHADO REFERENTE A CONTRATAÇÃO DE ALEX DA SILVA ROCHA COMO EQUIPE TÉCNICA ESPECIALIZADO COMO  TÉCNICO EM AUDIOVISUAL  PARA ATUAR COMO PRESTADOR DE SERVIÇOS NOS EQUIPAMENTOS CULTURAIS DA FUNDAÇÃO CULTURAL DE PALMAS, CONFORME ESPECIFICADO NO EDITAL DE CHAMAMENTO PÚBLICO Nº 013/2024/FCP.

OBS: VALOR EMPENHADO ATÉ 30/06/2026";;;0;1545;0,00;0,00;Pagamento;2.800,00;2.800,00;16.800,00;16.800,00
[21117-20261713];1;21117;20261713;2900;2900;2026;21117.1;03/07/2026;36060518168;ANTONILDES GOMES FERREIRA GUIMARÃES;302.033,33;302.033,33;LIQUIDAÇÃO DOS RECIBOS REFERENTES AS DATAS   DE   26/01/2024   A   24/02/2024,   25/02/2024   A   25/03/2024,   26/03/2024   A   24/04/2024, 25/04/2024 A 24/05/2024, 25/05/2024 A 23/06/2024, 24/06/2024 A 24/07/2024, 25/07/2024 A23/08/2024, 24/08/2024 A 03/09/2024, NO VALOR TOTAL DE R$ 302.033,33 (TREZENTOS E DOIS MIL E TRINTA E TRÊS REAIS E TRINTA E TRÊS CENTAVOS), REFERENTE AO PERÍODO DE 26 DE JANEIRO DE 2024 A 03 DE SETEMBRO DE 2024.;;;0;1545;0,00;0,00;Liquidação;302.033,33;0,00;;302.033,33
[21117-20261713];0;21117;20261713;2900;2900;2026;21117;03/07/2026;36060518168;ANTONILDES GOMES FERREIRA GUIMARÃES;302.033,33;0,00;"VALOR EMPENHADO REFERENTE AO TERMO DE DECLARAÇÃO DE DESPESAS DO EXERCÍCIO ANTERIOR Nº 08/2026, EM CONSONANCIA COM
O NUP:  00000.0.060301/2024 (RECONHECIMENTO DE DESPESA DE EXERCÍCIO ANTERIOR JUNTO A SENHORA ANTONILDES GOMES
FERREIRA GUIMARÃES DURANTE O ANO DE 2024) - RECIBOS REFERENTES AS DATAS   DE   26/01/2024   A   24/02/2024,   25/02/2024   A   25/03/2024,   26/03/2024   A   24/04/2024, 25/04/2024 A 24/05/2024, 25/05/2024 A 23/06/2024, 24/06/2024 A 24/07/2024, 25/07/2024 A23/08/2024, 24/08/2024 A 03/09/2024, NO VALOR TOTAL DE R$ 302.033,33 (TREZENTOS E DOIS MIL E TRINTA E TRÊS REAIS E TRINTA E TRÊS CENTAVOS), REFERENTE AO PERÍODO DE 26 DE JANEIRO DE 2024 A 03 DE SETEMBRO DE 2024.";;;0;1545;0,00;0,00;Empenho;302.033,33;0,00;0,00;0,00
[21116-20261088];0;21116;20261088;7100;7100;2026;21116;03/07/2026;44367166000116;K. ARAUJO PRODUCAO MUSICAL LTDA;50.000,00;0,00;"VALOR EMPENHADO REFERENTE A: CONTRATAÇÃO DIRETA, POR INEXIGIBILIDADE DE LICITAÇÃO, DA BANDA CHAMEGO DE LUXXO, PARA REALIZAÇÃO DE 01 (UMA) APRESENTAÇÃO ARTÍSTICA MUSICAL DURANTE A PROGRAMAÇÃO DO ""SOM DA CIDADE ? TEMPORADA DE FÉRIAS"", A SER REALIZADA NO CÉU DAS ARTES, LOCALIZADO NO SETOR MORADA DO SOL, EM PALMAS?TO, NO DIA 05 DE JULHO DE 2026.";;;0;1545;0,00;0,00;Empenho;50.000,00;0,00;0,00;0,00
[21115-20261713];1;21115;20261713;2900;2900;2026;21115.1;03/07/2026;36060518168;ANTONILDES GOMES FERREIRA GUIMARÃES;200.000,00;200.000,00;"LIUQIDAÇÃO REFERENTE AOS RECIBOS REFERENTES AS DATAS   DE   16/02/2024   A   16/03/2024,   17/03/2024   A   15/04/2024,   16/04/2024   A   16/05/2024, 17/05/2024 A 15/06/2024, 16/06/2024 A 15/07/2024, 16/07/2024 A 14/08/2024, 15/08/2024 A 
03/09/2024, NO VALOR TOTAL DE R$ 200.000,00 (DUZENTOS MIL REAIS E ZERO CENTAVOS), REFERENTE AO PERÍODO DE 16 DE FEVEREIRO DE 2024 A 03 DE SETEMBRO DE 2024.";;;0;1545;0,00;0,00;Liquidação;200.000,00;0,00;;200.000,00
[21115-20261713];0;21115;20261713;2900;2900;2026;21115;03/07/2026;36060518168;ANTONILDES GOMES FERREIRA GUIMARÃES;200.000,00;0,00;"VALOR EMPENHADO REFERENTE AO TERMO DE DECLARAÇÃO DE DESPESAS DO EXERCÍCIO ANTERIOR Nº 07/2026, EM CONSONANCIA COM O NUP: 00000.0.021595/2024 (RECONHECIMENTO   DE   DESPESA   DE   EXERCÍCIO   ANTERIOR   JUNTO   A   SENHORA   ANTONILDES   GOMES  FERREIRA GUIMARÃES DURANTE O ANO DE 2024) - RECIBOS REFERENTES AS DATAS   DE   16/02/2024   A   16/03/2024,   17/03/2024   A   15/04/2024,   16/04/2024   A   16/05/2024, 17/05/2024 A 15/06/2024, 16/06/2024 A 15/07/2024, 16/07/2024 A 14/08/2024, 15/08/2024 A 
03/09/2024, NO VALOR TOTAL DE R$ 200.000,00 (DUZENTOS MIL REAIS E ZERO CENTAVOS), REFERENTE AO PERÍODO DE 16 DE FEVEREIRO DE 2024 A 03 DE SETEMBRO DE 2024.";;;0;1545;0,00;0,00;Empenho;200.000,00;0,00;0,00;0,00
[21114-20261813];0;21114;20261813;3200;3200;2026;21114;03/07/2026;37676047000180;ROSAFARM DISTRIBUIDORA DE MEDICAMENTOS LTDA;39.072,00;0,00;"EMPENHO PARA PAGAMENTO DE DEA REFERENTE AO MÊS DE SETEMBRO DE 2025.
NUP:14887/2026.";41573;;0;1545;0,00;0,00;Empenho;39.072,00;0,00;0,00;0,00
[21113-20260809];1;21113;20260809;3500;3500;2026;21113.1;03/07/2026;25050261000147;CONSTRUTORA ALJA LTDA.;3.817.301,18;3.817.301,18;LIQUIDAÇÃO REFERENTE A NOTA FISCAL Nº 202600022, 4ª MEDIÇÃO PERÍODO 16/05/2026 A 23/06/2026A, DA EXECUÇÃO DE OBRA DE DRENAGEM PLUVIAL, TERRAPLANAGEM, PAVIMENTAÇÃO, SINALIZAÇÃO VIÁRIA, NO SETOR JARDIM AURENY III, LOTEAMENTO MACHADO.;;;0;1545;0,00;0,00;Liquidação;3.817.301,18;0,00;;3.817.301,18
[21113-20260809];0;21113;20260809;3500;3500;2026;21113;03/07/2026;25050261000147;CONSTRUTORA ALJA LTDA.;3.817.301,18;0,00;EMPENHADO REFERENTE A: VALOR EMPENHADO REFERENTE A: EXECUÇÃO DE OBRA DE DRENAGEM PLUVIAL, TERRAPLANAGEM, PAVIMENTAÇÃO, SINALIZAÇÃO VIÁRIA, NO SETOR JARDIM AURENY III, LOTEAMENTO MACHADO.;;;0;1545;0,00;0,00;Empenho;3.817.301,18;0,00;0,00;0,00
[21112-20260130];0;21112;20260130;1700;9901;2026;21112;03/07/2026;28506827000190;HOTEL PET AGROVIDA;680.571,51;0,00;FUTURA CONTRATAÇÃO DE EMPRESA ESPECIALIZADA PARA PRESTAÇÃO DE SERVIÇOS DE ALBERGAGEM TEMPORÁRIA DE CÃES E GATOS VÍTIMAS DE MAUS-TRATOS, RESGATADOS EM AÇÕES DE FISCALIZAÇÃO REALIZADAS PELO MUNICÍPIO DE PALMAS ? TO;41213;;0;1545;0,00;0,00;Empenho;680.571,51;0,00;0,00;0,00
[21111-20261662];0;21111;20261662;3200;3200;2026;21111;03/07/2026;17099395000124;MAX PRODUTOS HOSPITALARES LTDA;76.453,00;0,00;RECONHECIMENTO DE DESPESAS DE EXERCÍCIOS ANTERIORES - DEA. AQUISIÇÃO DE INSUMOS DE ENFERMAGEM, REFRENTE AS NOTAS FISCAIS N° 4251,4189,4286,4249, 4349, 4350, 4361 E 4362 - NUP: 00000.0.013556/2026.;41565;;0;1545;0,00;0,00;Empenho;76.453,00;0,00;0,00;0,00
[21110-20262627];0;21110;20262627;3200;3200;2026;21110;03/07/2026;13051132000194;IMOBILIARIA PEREIRA E BARROS LTDA ME;9.704,64;0,00;"VALOR EMPENHADO REFERENTE AO PAGAMENTO DE PROCESSO DEA 2025. LOCAÇÃO DE IMOVEL DESTINADO AO CENTRO  DE ESPECIALIDADES ODONTOLÓGICAS - CEO
DEA 2025.
NUP: 0.017007/2026";;;0;1545;0,00;0,00;Empenho;9.704,64;0,00;0,00;0,00
[21109-20261662];0;21109;20261662;3200;3200;2026;21109;03/07/2026;33772464000175;ATIVIDADE COMERCIO DE MEDICAMENTOS E PRODUTOS HOSPITALARES LTDA;16.118,50;0,00;RECONHECIMENTO DE DESPESAS DE EXERCÍCIOS ANTERIORES - DEA. AQUISIÇÃO DE INSUMOS DE ENFERMAGEM - REFERENTE AS NOTAS FISCAIS N° 4.050, 4.053 E 4.066, NUP: 00000.0.027529/2026.;41559;;0;1545;0,00;0,00;Empenho;16.118,50;0,00;0,00;0,00
[21108-20261461];0;21108;20261461;3200;3200;2026;21108;03/07/2026;23384022000106;MACRO DISTRIBUIDORA HOSPITALAR LTDA;1.800,00;0,00;"EMPENHO PARA PAGAMENTO DE DEA REFERENTE AO MÊS DE JULHO DE 2024.
NUP: 12805/2025.";41568;;0;1545;0,00;0,00;Empenho;1.800,00;0,00;0,00;0,00
[21107-20262288];0;21107;20262288;5800;5800;2026;21107;03/07/2026;3817702000150;VÓLUS INSTITUIÇÃO DE PAGAMENTO LTDA;1.333,93;0,00;CONTRATAÇÃO DE EMPRESA ESPECIALIZADA NA PRESTAÇÃO DE SERVIÇOS DE ADMINISTRAÇÃO, GERENCIAMENTO, CONTROLE DE FROTA E FORNECIMENTO DE COMBUSTÍVEIS, POR MEIO DE SISTEMA INFORMATIZADO, PARA ATENDER A FROTA DE VEÍCULOS OFICIAIS A SERVIÇO DO MUNICÍPIO DE PALMAS. COMPETÊNCIA 2026. PROCESSO N°2022010605, CONTRATO N° 005/2023. REF. CB: 5848-3.;41572;;0;1545;0,00;0,00;Empenho;1.333,93;0,00;0,00;0,00
[21106-20261662];0;21106;20261662;3200;3200;2026;21106;03/07/2026;36106802000128;WS CARMINO LTDA ME;14.423,00;0,00;RECONHECIMENTO DE DESPESAS DE EXERCÍCIOS ANTERIORES - DEA. AQUISIÇÃO DE INSUMOS DE ENFERMAGEM - REFERENTE AS NOTAS FISCAIS N° 4.050, 4.053 E 4.066, NUP: 00000.0.027529/2026.;41558;;0;1545;0,00;0,00;Empenho;14.423,00;0,00;0,00;0,00
[21105-20261461];0;21105;20261461;3200;3200;2026;21105;03/07/2026;17099395000124;MAX PRODUTOS HOSPITALARES LTDA;1.531,60;0,00;"EMPENHO PARA PAGAMENTO DE DEA REFERENTE AO MÊS DE JUNHO DE 2024.
NUP: 12965/2025.";41570;;0;1545;0,00;0,00;Empenho;1.531,60;0,00;0,00;0,00
[21104-20262208];1;21104;20262208;6100;6100;2026;21104.1;03/07/2026;14092519000151;MONTANA ASSESORIA EMPRESARIAL  LTDA;28.494,12;28.494,12;VALOR LIQUIDADO REFERENTE A: REPACTUAÇÃO DO CONTRATO: 03/2024. CONSIDERANDO OS SERVICÇOS DE COPEIRAGEM, JARDINAGEM E SERVICOS GERAIS. COM FORNECIMENTO DE TODO MATERIAL E EQUIPAMENTOS QUE SE FIZEREM NECESSÁRIOS A EXECUÇÃO DOS SERVIÇOS. RETROATIVO REFERENTE JANEIRO A DEZEMBRO DE 2025.;;;0;1545;0,00;0,00;Liquidação;28.494,12;0,00;;28.494,12
[21104-20262208];0;21104;20262208;6100;6100;2026;21104;03/07/2026;14092519000151;MONTANA ASSESORIA EMPRESARIAL  LTDA;28.494,12;0,00;VALOR EMPENHADO REFERENTE A: VALOR EMPENHADO REFERENTE A: REPACTUAÇÃO DO CONTRATO: 03/2024. CONSIDERANDO OS SERVICÇOS DE COPEIRAGEM, JARDINAGEM E SERVICOS GERAIS. COM FORNECIMENTO DE TODO MATERIAL E EQUIPAMENTOS QUE SE FIZEREM NECESSÁRIOS A EXECUÇÃO DOS SERVIÇOS. RETROATIVO REFERENTE JANEIRO A DEZEMBRO DE 2025.;;;0;1545;0,00;0,00;Empenho;28.494,12;0,00;0,00;0,00
[21103-20261461];0;21103;20261461;3200;3200;2026;21103;03/07/2026;23429368000175;BIOMED MODELO PRODUTOS MÉDICOS HOSPITALARES;2.377,00;0,00;"EMPENHO PARA PAGAMENTO DE DEA REFERENTE AO MÊS DE AGOSTO DE 2025.
NUP:31659/2026.";41567;;0;1545;0,00;0,00;Empenho;2.377,00;0,00;0,00;0,00
[21102-20262233];0;21102;20262233;5800;5800;2026;21102;03/07/2026;3817702000150;VÓLUS INSTITUIÇÃO DE PAGAMENTO LTDA;55.889,69;0,00;CONTRATAÇÃO DE EMPRESA ESPECIALIZADA NA PRESTAÇÃO DE SERVIÇOS DE ADMINISTRAÇÃO, GERENCIAMENTO, CONTROLE DE FROTA E FORNECIMENTO DE COMBUSTÍVEIS, POR MEIO DE SISTEMA INFORMATIZADO, PARA ATENDER A FROTA DE VEÍCULOS OFICIAIS A SERVIÇO DO MUNICÍPIO DE PALMAS. COMPETÊNCIA 2026. PROCESSO N°2022010605, CONTRATO N° 005/2023. REF. BC: 5995-1.;41571;;0;1545;0,00;0,00;Empenho;55.889,69;0,00;0,00;0,00
[21101-20262208];0;21101;20262208;6100;6100;2026;21101;03/07/2026;14092519000151;MONTANA ASSESORIA EMPRESARIAL  LTDA;28.494,12;0,00;VALOR EMPENHADO REFERENTE A: VALOR EMPENHADO REFERENTE A: REPACTUAÇÃO DO CONTRATO: 03/2024. CONSIDERANDO OS SERVICÇOS DE COPEIRAGEM, JARDINAGEM E SERVICOS GERAIS. COM FORNECIMENTO DE TODO MATERIAL E EQUIPAMENTOS QUE SE FIZEREM NECESSÁRIOS A EXECUÇÃO DOS SERVIÇOS. RETROATIVO REFERENTE JANEIRO A JUNHO DE 2026.;;;0;1545;0,00;0,00;Empenho;28.494,12;0,00;0,00;0,00
[21100-20262627];0;21100;20262627;3200;3200;2026;21100;03/07/2026;13051132000194;IMOBILIARIA PEREIRA E BARROS LTDA ME;255.560,00;0,00;"VALOR EMPENHADO REFERENTE AO PAGAMENTO DE PROCESSO DEA 2024 NAS COMPETENCIA DOS MESES DE SETEMBRO A DEZEMBRO DE 2024 ? LOCAÇÃO NA ACSU ? SE 130, CONJUNTO 01, LOTE 03 ? AV. TEOTONIO SEGURADO, DESTINADO A SEDE DA SECRETARIA MUNICIPAL DE SAÚDE. 
DEA 2024.
NUP: 0.018278/2025.";;;0;1545;0,00;0,00;Empenho;255.560,00;0,00;0,00;0,00
[21099-20262212];0;21099;20262212;3200;3200;2026;21099;03/07/2026;6149812000260;DIGITAL COMUNICAÇÃO LTDA;2.284,03;0,00;VALOR EMPENHADO REFERENTE AS AÇÕES DE PUBLICIDADE INSTITUCIONAL.;;;0;1545;0,00;0,00;Empenho;2.284,03;0,00;0,00;0,00
[21098-20261461];0;21098;20261461;3200;3200;2026;21098;03/07/2026;51837171000100;F&R HOSPITALAR IMPORTACAO, EXPORTACAO E DISTRIBUICAO;9.200,00;0,00;"EMPENHO PARA PAGAMENTO DE DEA REFERENTE AO MÊS DE DEZEMBRO DE 2025.
NUP: 25898/2026.";41564;;0;1545;0,00;0,00;Empenho;9.200,00;0,00;0,00;0,00
[21097-20261825];0;21097;20261825;2900;2900;2026;21097;03/07/2026;41034574000168;PORTO DO VAU SEGURANÇA PRIVADA LTDA;470.076,96;0,00;EMPENHO PARA SUPRIR DESPESA COM PRESTAÇÃO DE SERVIÇOS CONTÍNUOS DE VIGILÂNCIA PATRIMONIAL ARMADA E DESARMADA, COM DEDICAÇÃO EXCLUSIVA DE MÃO DE OBRA, PARA ATENDER ÀS NECESSIDADES DA SECRETARIA MUNICIPAL DE EDUCAÇÃO DO MUNICÍPIO DE PALMAS, DE ACORDO COM AS CONDIÇÕES E QUANTITATIVOS ESTABELECIDOS NO TERMO DE REFERÊNCIA, ANEXO AO EDITAL LICITATÓRIO PUBLICADO.;;;0;1545;0,00;0,00;Empenho;470.076,96;0,00;0,00;0,00
[21096-20262146];0;21096;20262146;3200;3200;2026;21096;03/07/2026;6149812000260;DIGITAL COMUNICAÇÃO LTDA;1.940,40;0,00;VALOR EMPENHADO REFERENTE AS AÇÕES DE PUBLICIDADE INSTITUCIONAL.;;;0;1545;0,00;0,00;Empenho;1.940,40;0,00;0,00;0,00
[21095-20262627];0;21095;20262627;3200;3200;2026;21095;03/07/2026;13051132000194;IMOBILIARIA PEREIRA E BARROS LTDA ME;359.500,00;0,00;"VALOR EMPENHADO REFERENTE AO PAGAMENTO DE PROCESSO DEA 2024 NAS COMPETENCIA DOS MESES DE AGOSTO A DEZEMBRO DE 2024 ? LOCAÇÃO NA ACSU ? SE 110, AV. NS B. CONJUNTO 02, LOTE 12, DESTINADO AS INSTALAÇÕES DO CENTRO DE APOIO LOGISTICO (ALMOXARIFADO) E DA CENTRAL DE ABASTECIMENTO FARMACÊUTICA ? CAF  
DEA 2024.
NUP: 0. 018419/2025.";;;0;1545;0,00;0,00;Empenho;359.500,00;0,00;0,00;0,00
[21094-20262275];0;21094;20262275;5800;5800;2026;21094;03/07/2026;3817702000150;VÓLUS INSTITUIÇÃO DE PAGAMENTO LTDA;23.732,25;0,00;CONTRATAÇÃO DE EMPRESA ESPECIALIZADA NA PRESTAÇÃO DE SERVIÇOS DE ADMINISTRAÇÃO, GERENCIAMENTO, CONTROLE DE FROTA E FORNECIMENTO DE COMBUSTÍVEIS, POR MEIO DE SISTEMA INFORMATIZADO, PARA ATENDER A FROTA DE VEÍCULOS OFICIAIS A SERVIÇO DO MUNICÍPIO DE PALMAS. COMPETÊNCIA 2026. PROCESSO N°2022010605, CONTRATO N° 005/2023. REF. CB: 5861-0.;41569;;0;1545;0,00;0,00;Empenho;23.732,25;0,00;0,00;0,00
[21093-20261541];0;21093;20261541;1401;9910;2026;21093;03/07/2026;22079443000152;ASSOCIAÇÃO COMPANHIA  OS KACO;39.384,58;0,00;CONTRATAÇÃO DA ASSOCIAÇÃO COMPANHIA OS KACO PARA A APRESENTAÇÃO DE ESPETÁCULOS CIRCENSES, A SER REALIZADA NOS DIAS 04 E 05 DE JULHO DE 2026, DURANTE A PROGRAMAÇÃO DA 13ª EDIÇÃO DO FESTIVAL DE CIRCO DE TAQUARUÇU.;;;0;1545;0,00;0,00;Empenho;39.384,58;0,00;0,00;0,00
[21092-20262627];0;21092;20262627;3200;3200;2026;21092;03/07/2026;26507159000190;AIRESRIBEIRO ENGENHARIA E LOCAÇÃO LTDA-ME;166.436,44;0,00;"VALOR EMPENHADO REFERENTE AO PAGAMENTO DE PROCESSO DEA 2025 NAS COMPETENCIA DO MÊS DE JUNHO A SETEMBRO DE 2025 - LOCAÇÃO DE IMOVEL LOCALIZADO NA ACSU - SE 120, AV. NS 02, CONJ 02, LOTE 14, DESTINADO AO CENTRO DE APOIO LOGISTICO II, DA REDE MUNICIPAL DE SAÚDE DE PALMAS - TO.
DEA 2025.
NUP: 0.015124/2026.";;;0;1545;0,00;0,00;Empenho;166.436,44;0,00;0,00;0,00
[21091-20260411];1;21091;20260411;2900;2900;2026;21091.1;03/07/2026;28245936000100;LOCALEVE SERVIÇOS DE LOCAÇÃO LTDA;52.000,00;30.000,00;LIQUIDAÇÃO REFERENTE AO MÊS DE ABRIL DE 2026, CORRESPONDENTE A DESPESA COM PRESTAÇÃO DE SERVIÇOS DE LOCAÇÃO DE VEÍCULOS ADMINISTRATIVOS E OPERACIONAIS (ADAPTADOS) SEM USO (ZERO QUILOMETRO), SEM MOTORISTA, COM QUILOMETRAGEM LIVRE, SEGURO TOTAL E SISTEMA DE RASTREAMENTO E MONITORAMENTO INCLUSO, SENDO 01 CAMINHÃO 3/4 (ATA 008/2025 - LOCALEVE SERVIÇOS DE LOCAÇÃO LTDA).;;;0;1545;0,00;0,00;Liquidação;30.000,00;0,00;;30.000,00
[21091-20260411];1;21091;20260411;2900;2900;2026;21091.2;03/07/2026;28245936000100;LOCALEVE SERVIÇOS DE LOCAÇÃO LTDA;52.000,00;22.000,00;LIQUIDAÇÃO REFERENTE AO MÊS DE MAIO DE 2026, CORRESPONDENTE A DESPESA COM PRESTAÇÃO DE SERVIÇOS DE LOCAÇÃO DE VEÍCULOS ADMINISTRATIVOS E OPERACIONAIS (ADAPTADOS) SEM USO (ZERO QUILOMETRO), SEM MOTORISTA, COM QUILOMETRAGEM LIVRE, SEGURO TOTAL E SISTEMA DE RASTREAMENTO E MONITORAMENTO INCLUSO, SENDO 01 CAMINHÃO 3/4 (ATA 008/2025 - LOCALEVE SERVIÇOS DE LOCAÇÃO LTDA).;;;0;1545;0,00;0,00;Liquidação;22.000,00;0,00;;22.000,00
[21091-20260411];0;21091;20260411;2900;2900;2026;21091;03/07/2026;28245936000100;LOCALEVE SERVIÇOS DE LOCAÇÃO LTDA;52.000,00;0,00;"EMPENHO PARA SUPRIR DESPESA COM A DESPESA COM PRESTAÇÃO DE SERVIÇOS DE LOCAÇÃO DE VEÍCULOS ADMINISTRATIVOS E OPERACIONAIS (ADAPTADOS) SEM USO (ZERO QUILOMETRO), SEM MOTORISTA, COM QUILOMETRAGEM LIVRE, SEGURO TOTAL E SISTEMA
DE RASTREAMENTO E MONITORAMENTO INCLUSO, SENDO 01 CAMINHÃO 3/4 (ATA 008/2025 - LOCALEVE SERVIÇOS DE LOCAÇÃO LTDA).";;;0;1545;0,00;0,00;Empenho;52.000,00;0,00;0,00;0,00
[21090-20262277];0;21090;20262277;5800;5800;2026;21090;03/07/2026;3817702000150;VÓLUS INSTITUIÇÃO DE PAGAMENTO LTDA;306,56;0,00;CONTRATAÇÃO DE EMPRESA ESPECIALIZADA NA PRESTAÇÃO DE SERVIÇOS DE ADMINISTRAÇÃO, GERENCIAMENTO, CONTROLE DE FROTA E FORNECIMENTO DE COMBUSTÍVEIS, POR MEIO DE SISTEMA INFORMATIZADO, PARA ATENDER A FROTA DE VEÍCULOS OFICIAIS A SERVIÇO DO MUNICÍPIO DE PALMAS. COMPETÊNCIA 2026. PROCESSO N°2022010605, CONTRATO N° 005/2023. REF. CB: 6203-0.;41562;;0;1545;0,00;0,00;Empenho;306,56;0,00;0,00;0,00
[21089-20261756];0;21089;20261756;5800;5800;2026;21089;03/07/2026;3817702000150;VÓLUS INSTITUIÇÃO DE PAGAMENTO LTDA;27.310,73;0,00;CONTRATAÇÃO DE EMPRESA ESPECIALIZADA NA PRESTAÇÃO DE SERVIÇOS DE ADMINISTRAÇÃO, GERENCIAMENTO, CONTROLE DE FROTA E FORNECIMENTO DE COMBUSTÍVEIS, POR MEIO DE SISTEMA INFORMATIZADO, PARA ATENDER A FROTA DE VEÍCULOS OFICIAIS A SERVIÇO DO MUNICÍPIO DE PALMAS. COMPETÊNCIA 2026. PROCESSO N°2022010605, CONTRATO N° 005/2023. REF. CB: 5861-0.;41566;;0;1545;0,00;0,00;Empenho;27.310,73;0,00;0,00;0,00
[21088-20262634];1;21088;20262634;1601;9911;2026;21088.1;03/07/2026;11393995000114;PROJETO CIDADE REFÚGIO;100.000,00;100.000,00;VALOR LIQUIDADO REFERENTE A: VALOR EMPENHADO REFERENTE A: REFERENTE À EMENDA PARLAMENTAR IMPOSITIVA Nº EPI20250088, DE AUTORIA DO VEREADOR RUBENS UCHÔA, DESTINADA À ASSOCIAÇÃO PROJETO CIDADE REFÚGIO ? PCR PARA AMPLIAÇÃO E MANUTENÇÃO DAS ATIVIDADES ESPORTIVAS, POR MEIO DA CONSTRUÇÃO DE DUAS QUADRAS DE AREIA, UM BANHEIRO/VESTIÁRIO E UM ESPAÇO DE CONVIVÊNCIA..;;;0;1545;0,00;0,00;Liquidação;100.000,00;0,00;;100.000,00
[21088-20262634];0;21088;20262634;1601;9911;2026;21088;03/07/2026;11393995000114;PROJETO CIDADE REFÚGIO;100.000,00;0,00;VALOR EMPENHADO REFERENTE A: VALOR EMPENHADO REFERENTE A: REFERENTE À EMENDA PARLAMENTAR IMPOSITIVA Nº EPI20250088, DE AUTORIA DO VEREADOR RUBENS UCHÔA, DESTINADA À ASSOCIAÇÃO PROJETO CIDADE REFÚGIO ? PCR PARA AMPLIAÇÃO E MANUTENÇÃO DAS ATIVIDADES ESPORTIVAS, POR MEIO DA CONSTRUÇÃO DE DUAS QUADRAS DE AREIA, UM BANHEIRO/VESTIÁRIO E UM ESPAÇO DE CONVIVÊNCIA..;;;0;1545;0,00;0,00;Empenho;100.000,00;0,00;0,00;0,00
[21087-20261662];0;21087;20261662;3200;3200;2026;21087;03/07/2026;48346978000136;DAMED DISTRIBUIDORA DE MEDICAMENTOS E MATERIAS MEDICOS LTDA;24.000,00;0,00;"AQUISIÇÃO DE MATERIAL DE CONSUMO DE ENFERMAGEM.DEA 2025 
NUP 13197/2025";41563;;0;1545;0,00;0,00;Empenho;24.000,00;0,00;0,00;0,00
[21086-20260195];0;21086;20260195;2100;9909;2026;21086;03/07/2026;51616551000115;MORIA DETEIZADORA E ENGENHARIA LTDA;2.146,80;0,00;CONTRATAÇÃO DE EMPRESA ESPECIALIZADA PARA PRESTAÇÃO DE SERVIÇOS DE HIGIENIZAÇÃO, MANUTENÇÃO PREVENTIVA E SUBSTITUIÇÃO DE FILTROS (REFIL) EM BEBEDOUROS INDUSTRIAIS E DE COLUNA, DESTINADOS AO ATENDIMENTO DAS DEMANDAS DA GUARDA METROPOLITANA DE PALMAS, DURANTE O EXERCÍCIO DE 2026.;41389;;0;1545;0,00;0,00;Empenho;2.146,80;0,00;0,00;0,00
[21085-20261088];0;21085;20261088;7100;7100;2026;21085;03/07/2026;21315603000152;REDUTO SEGURANÇA PRIVADA LTDA;347.400,00;0,00;VALOR EMPENHADO REFERENTE A: ADESÃO PARA SERVIÇOS DE SEGURANÇÃO E APOIO LOGISTICO DO ARRAIA 2026;;;0;1545;0,00;0,00;Empenho;347.400,00;0,00;0,00;0,00
[21084-20262607];0;21084;20262607;2900;2900;2026;21084;03/07/2026;7709325000197;DESIGNE ENGENHARIA E SERVIÇOS DE CONSTRUÇÕES LTDA;330.698,75;0,00;CONTRATAÇÃO DE EMPRESA ESPECIALIZADA PARA EXECUÇÃO DA CONSTRUÇÃO DO CENTRO MUNICIPAL DE EDUCAÇÃO INFANTIL - CMEI, NO JARDIM TAQUARI, PALMAS/TO.;41557;;0;1545;0,00;0,00;Empenho;330.698,75;0,00;0,00;0,00
[21083-20261755];0;21083;20261755;5800;5800;2026;21083;03/07/2026;3817702000150;VÓLUS INSTITUIÇÃO DE PAGAMENTO LTDA;7.753,31;0,00;CONTRATAÇÃO DE EMPRESA ESPECIALIZADA NA PRESTAÇÃO DE SERVIÇOS DE ADMINISTRAÇÃO, GERENCIAMENTO, CONTROLE DE FROTA E FORNECIMENTO DE COMBUSTÍVEIS, POR MEIO DE SISTEMA INFORMATIZADO, PARA ATENDER A FROTA DE VEÍCULOS OFICIAIS A SERVIÇO DO MUNICÍPIO DE PALMAS. COMPETÊNCIA 2026. PROCESSO N°2022010605, CONTRATO N° 005/2023. REF. CB: 5853-X.;41561;;0;1545;0,00;0,00;Empenho;7.753,31;0,00;0,00;0,00
[21082-20262627];0;21082;20262627;3200;3200;2026;21082;03/07/2026;5302688000188;S. DE PAULA & CIA. LTDA. - EPP;110.420,28;0,00;"EMPENHO PARA PAGAMENTO DE DEA REFERENTE AOS MESES DE OUTUBRO A DEZEMBRO DE 2024.
NUP: 21770/2025";;;0;1545;0,00;0,00;Empenho;110.420,28;0,00;0,00;0,00
[21081-20260638];0;21081;20260638;3200;3200;2026;21081;03/07/2026;4292026000101;INSTITUTO DO CORAÇÃO LTDA - EPP;260,00;0,00;"CONTRATAÇÃO DE EMPRESA ESPECIALIZADA NA REALIZAÇÃO DE EXAME HOLTER/24HORAS, PARA ATENDIMENTO DA DEMANDA JUDICIAL DOS AUTOS Nº 0003429-98.2026.8.27.2729/TO -
NUP: 031149/2026";41549;;0;1545;0,00;0,00;Empenho;260,00;0,00;0,00;0,00
[21080-20260411];1;21080;20260411;2900;2900;2026;21080.1;03/07/2026;4819323000162;KAELE LTDA;82.072,26;64.041,80;LIQUIDAÇÃO TOTAL REFERENTE AO MÊS DE ABRIL DE 2026, CORRESPONDENTE A DESPESA COM PRESTAÇÃO DE SERVIÇOS DE LOCAÇÃO DE VEÍCULOS ADMINISTRATIVOS E OPERACIONAIS (ADAPTADOS) SEM USO (ZERO QUILOMETRO), SEM MOTORISTA, COM QUILOMETRAGEM LIVRE, SEGURO TOTAL E SISTEMA DE RASTREAMENTO E MONITORAMENTO INCLUSO (CONTRATO N° 010/2025).;;;0;1545;0,00;0,00;Liquidação;64.041,80;0,00;;64.041,80
[21080-20260411];1;21080;20260411;2900;2900;2026;21080.2;03/07/2026;4819323000162;KAELE LTDA;82.072,26;18.030,46;LIQUIDAÇÃO PARCIAL REFERENTE AO MÊS DE MAIO DE 2026, CORRESPONDENTE A DESPESA COM PRESTAÇÃO DE SERVIÇOS DE LOCAÇÃO DE VEÍCULOS ADMINISTRATIVOS E OPERACIONAIS (ADAPTADOS) SEM USO (ZERO QUILOMETRO), SEM MOTORISTA, COM QUILOMETRAGEM LIVRE, SEGURO TOTAL E SISTEMA DE RASTREAMENTO E MONITORAMENTO INCLUSO (CONTRATO N° 010/2025).;;;0;1545;0,00;0,00;Liquidação;18.030,46;0,00;;18.030,46
[21080-20260411];0;21080;20260411;2900;2900;2026;21080;03/07/2026;4819323000162;KAELE LTDA;82.072,26;0,00;EMPENHO PARA SUPRIR DESPESA COM PRESTAÇÃO DE SERVIÇOS DE LOCAÇÃO DE VEÍCULOS ADMINISTRATIVOS E OPERACIONAIS (ADAPTADOS) SEM USO (ZERO QUILOMETRO), SEM MOTORISTA, COM QUILOMETRAGEM LIVRE, SEGURO TOTAL E SISTEMA DE RASTREAMENTO E MONITORAMENTO INCLUSO (CONTRATO N° 010/2025).;;;0;1545;0,00;0,00;Empenho;82.072,26;0,00;0,00;0,00
[21079-20261461];0;21079;20261461;3200;3200;2026;21079;03/07/2026;37676047000180;ROSAFARM DISTRIBUIDORA DE MEDICAMENTOS LTDA;108,00;0,00;AQUISIÇÃO DE INSUMOS DE ENFERMAGEM VISANDO ATENDER ÀS NECESSIDADES DA SECRETARIA MUNICIPAL DE SAÚDE DE PALMAS-TO.;41560;;0;1545;0,00;0,00;Empenho;108,00;0,00;0,00;0,00
[21078-20260411];0;21078;20260411;2900;2900;2026;21078;03/07/2026;4819323000162;KAELE LTDA;91.858,66;0,00;EMPENHO PARA SUPRIR DESPESA COM PRESTAÇÃO DE SERVIÇOS DE LOCAÇÃO DE VEÍCULOS ADMINISTRATIVOS E OPERACIONAIS (ADAPTADOS) SEM USO (ZERO QUILOMETRO), SEM MOTORISTA, COM QUILOMETRAGEM LIVRE, SEGURO TOTAL E SISTEMA DE RASTREAMENTO E MONITORAMENTO INCLUSO (CONTRATO N° 010/2025).;;;0;1545;0,00;0,00;Empenho;91.858,66;0,00;0,00;0,00
[21077-20260130];0;21077;20260130;1700;9901;2026;21077;03/07/2026;28506827000190;HOTEL PET AGROVIDA;680.571,51;0,00;FUTURA CONTRATAÇÃO DE EMPRESA ESPECIALIZADA PARA PRESTAÇÃO DE SERVIÇOS DE ALBERGAGEM TEMPORÁRIA DE CÃES E GATOS VÍTIMAS DE MAUS-TRATOS, RESGATADOS EM AÇÕES DE FISCALIZAÇÃO REALIZADAS PELO MUNICÍPIO DE PALMAS ? TO;41213;;0;1545;0,00;0,00;Empenho;680.571,51;0,00;0,00;0,00
[21076-20262086];1;21076;20262086;2900;2900;2026;21076.1;03/07/2026;4819323000162;KAELE LTDA;33.211,94;33.211,94;LIQUIDAÇÃO TOTAL REFERENTE AO MÊS DE MAIO DE 2026, CORRESPONDENTE A DESPESA COM PRESTAÇÃO DE SERVIÇOS DE LOCAÇÃO DE VEÍCULOS ADMINISTRATIVOS E OPERACIONAIS (ADAPTADOS) SEM USO (ZERO QUILOMETRO), SEM MOTORISTA, COM QUILOMETRAGEM LIVRE, SEGURO TOTAL E SISTEMA DE RASTREAMENTO E MONITORAMENTO INCLUSO (CONTRATO N° 010/2025).;;;0;1545;0,00;0,00;Liquidação;33.211,94;0,00;;33.211,94
[21076-20262086];0;21076;20262086;2900;2900;2026;21076;03/07/2026;4819323000162;KAELE LTDA;33.211,94;0,00;EMPENHO PARA SUPRIR DESPESA COM PRESTAÇÃO DE SERVIÇOS DE LOCAÇÃO DE VEÍCULOS ADMINISTRATIVOS E OPERACIONAIS (ADAPTADOS) SEM USO (ZERO QUILOMETRO), SEM MOTORISTA, COM QUILOMETRAGEM LIVRE, SEGURO TOTAL E SISTEMA DE RASTREAMENTO E MONITORAMENTO INCLUSO (CONTRATO N° 010/2025).;;;0;1545;0,00;0,00;Empenho;33.211,94;0,00;0,00;0,00
[21075-20261469];0;21075;20261469;2900;2900;2026;21075;03/07/2026;60967551000150;INSTITUTO PRESBITERIANO MACKENZIE;87.330,75;0,00;EMPENHO REFERENTE A LOCAÇÃO DE IMÓVEL URBANO PARA FINS INSTITUCIONAIS, ESPECIFICAMENTE UM PRÉDIO COM VOCAÇÃO EDUCACIONAL, DESTINADO À INSTALAÇÃO DE UNIDADE EDUCACIONAL INTEGRANTE DA REDE MUNICIPAL DE ENSINO DE PALMAS/TO.;;;0;1545;0,00;0,00;Empenho;87.330,75;0,00;0,00;0,00
[21074-20260481];0;21074;20260481;2900;2900;2026;21074;03/07/2026;10297427000157;ACCEI - CMEI SEMENTES DO  AMANHÃ;3.008,43;0,00;"VALOR EMPENHADO REFERENTE A: REPASSE DESTINADO AO CUSTEIO DAS DESPESAS DE GESTÃO ESCOLAR, EM CONFORMIDADE COM A LEI Nº 1.256, DE 22 DE DEZEMBRO DE 2003, E SUAS ALTERAÇÕES PROMOVIDAS PELAS LEIS Nº 2.309, DE 09 DE MAIO DE 2017; Nº 3.067, DE 03 DE ABRIL DE 2024; E Nº 3.297, DE 13 DE NOVEMBRO DE 2025, BEM COMO PELA PORTARIA GAB/SEMED Nº 0340, DE 25 DE NOVEMBRO DE 2026. EMPENHO E LIQUIDAÇÃO REFERENTE AO MÊS DE MAIO/2026.";;;0;1545;0,00;0,00;Empenho;3.008,43;0,00;0,00;0,00
[21073-20262208];0;21073;20262208;6100;6100;2026;21073;03/07/2026;14092519000151;MONTANA ASSESORIA EMPRESARIAL  LTDA;28.494,12;0,00;VALOR EMPENHADO REFERENTE A: REPACTUAÇÃO DO CONTRATO: 03/2024. CONSIDERANDO OS SERVICÇOS DE COPEIRAGEM, JARDINAGEM E SERVICOS GERAIS. COM FORNECIMENTO DE TODO MATERIAL E EQUIPAMENTOS QUE SE FIZEREM NECESSÁRIOS A EXECUÇÃO DOS SERVIÇOS. RETROATIVO REFERENTE A REPACTUAÇÃO 2025 - JANEIRO A DEZEMBRO;;;0;1545;0,00;0,00;Empenho;28.494,12;0,00;0,00;0,00
[21072-20260480];1;21072;20260480;2900;2900;2026;21072.1;03/07/2026;10297427000157;ACCEI - CMEI SEMENTES DO  AMANHÃ;1.289,33;1.289,33;"REPASSE DESTINADO AO CUSTEIO DAS DESPESAS DE GESTÃO ESCOLAR, EM CONFORMIDADE COM A LEI Nº 1.256, DE 22 DE DEZEMBRO DE 2003, E SUAS ALTERAÇÕES PROMOVIDAS PELAS LEIS Nº 2.309, DE 09 DE MAIO DE 2017; Nº 3.067, DE 03 DE ABRIL DE 2024; E Nº 3.297, DE 13 DE NOVEMBRO DE 2025, BEM COMO PELA PORTARIA GAB/SEMED Nº 0340, DE 25 DE NOVEMBRO DE 2026. EMPENHO E LIQUIDAÇÃO REFERENTE AO MÊS DE MAIO/2026.";;;0;1545;0,00;0,00;Liquidação;1.289,33;0,00;;1.289,33
[21072-20260480];0;21072;20260480;2900;2900;2026;21072;03/07/2026;10297427000157;ACCEI - CMEI SEMENTES DO  AMANHÃ;1.289,33;0,00;"REPASSE DESTINADO AO CUSTEIO DAS DESPESAS DE GESTÃO ESCOLAR, EM CONFORMIDADE COM A LEI Nº 1.256, DE 22 DE DEZEMBRO DE 2003, E SUAS ALTERAÇÕES PROMOVIDAS PELAS LEIS Nº 2.309, DE 09 DE MAIO DE 2017; Nº 3.067, DE 03 DE ABRIL DE 2024; E Nº 3.297, DE 13 DE NOVEMBRO DE 2025, BEM COMO PELA PORTARIA GAB/SEMED Nº 0340, DE 25 DE NOVEMBRO DE 2026. EMPENHO E LIQUIDAÇÃO REFERENTE AO MÊS DE MAIO/2026.";;;0;1545;0,00;0,00;Empenho;1.289,33;0,00;0,00;0,00
[21071-20260428];1;21071;20260428;2900;2900;2026;21071.1;03/07/2026;36203100000162;ACCEI - CMEI ROMILDA BUDKE GUARDA;723,34;723,34;"VALOR LIQUIDADO REFERENTE A: VALOR EMPENHADO REFERENTE A: VALOR EMPENHADO REFERENTE A: VALOR EMPENHADO REFERENTE A: VALOR EMPENHADO REFERENTE A: REPASSE DESTINADO AO CUSTEIO DAS DESPESAS DE GESTÃO ESCOLAR, EM CONFORMIDADE COM A LEI Nº 1.256, DE 22 DE DEZEMBRO DE 2003, E SUAS ALTERAÇÕES PROMOVIDAS PELAS LEIS Nº 2.309, DE 09 DE MAIO DE 2017; Nº 3.067, DE 03 DE ABRIL DE 2024; E Nº 3.297, DE 13 DE NOVEMBRO DE 2025, BEM COMO PELA PORTARIA GAB/SEMED Nº 0340, DE 25 DE NOVEMBRO DE 2026. EMPENHO E LIQUIDAÇÃO REFERENTE AO MÊS DE MAIO/2026.";;;0;1545;0,00;0,00;Liquidação;723,34;0,00;;723,34
[21071-20260428];0;21071;20260428;2900;2900;2026;21071;03/07/2026;36203100000162;ACCEI - CMEI ROMILDA BUDKE GUARDA;723,34;0,00;"VALOR EMPENHADO REFERENTE A: VALOR EMPENHADO REFERENTE A: VALOR EMPENHADO REFERENTE A: VALOR EMPENHADO REFERENTE A: VALOR EMPENHADO REFERENTE A: REPASSE DESTINADO AO CUSTEIO DAS DESPESAS DE GESTÃO ESCOLAR, EM CONFORMIDADE COM A LEI Nº 1.256, DE 22 DE DEZEMBRO DE 2003, E SUAS ALTERAÇÕES PROMOVIDAS PELAS LEIS Nº 2.309, DE 09 DE MAIO DE 2017; Nº 3.067, DE 03 DE ABRIL DE 2024; E Nº 3.297, DE 13 DE NOVEMBRO DE 2025, BEM COMO PELA PORTARIA GAB/SEMED Nº 0340, DE 25 DE NOVEMBRO DE 2026. EMPENHO E LIQUIDAÇÃO REFERENTE AO MÊS DE MAIO/2026.";;;0;1545;0,00;0,00;Empenho;723,34;0,00;0,00;0,00
[21070-20260427];1;21070;20260427;2900;2900;2026;21070.1;03/07/2026;36203100000162;ACCEI - CMEI ROMILDA BUDKE GUARDA;310,00;310,00;"VALOR LIQUIDADO REFERENTE A: VALOR EMPENHADO REFERENTE A: VALOR EMPENHADO REFERENTE A: VALOR EMPENHADO REFERENTE A: REPASSE DESTINADO AO CUSTEIO DAS DESPESAS DE GESTÃO ESCOLAR, EM CONFORMIDADE COM A LEI Nº 1.256, DE 22 DE DEZEMBRO DE 2003, E SUAS ALTERAÇÕES PROMOVIDAS PELAS LEIS Nº 2.309, DE 09 DE MAIO DE 2017; Nº 3.067, DE 03 DE ABRIL DE 2024; E Nº 3.297, DE 13 DE NOVEMBRO DE 2025, BEM COMO PELA PORTARIA GAB/SEMED Nº 0340, DE 25 DE NOVEMBRO DE 2026. EMPENHO E LIQUIDAÇÃO REFERENTE AO MÊS DE MAIO/2026.";;;0;1545;0,00;0,00;Liquidação;310,00;0,00;;310,00
[21070-20260427];0;21070;20260427;2900;2900;2026;21070;03/07/2026;36203100000162;ACCEI - CMEI ROMILDA BUDKE GUARDA;310,00;0,00;"VALOR EMPENHADO REFERENTE A: VALOR EMPENHADO REFERENTE A: VALOR EMPENHADO REFERENTE A: VALOR EMPENHADO REFERENTE A: REPASSE DESTINADO AO CUSTEIO DAS DESPESAS DE GESTÃO ESCOLAR, EM CONFORMIDADE COM A LEI Nº 1.256, DE 22 DE DEZEMBRO DE 2003, E SUAS ALTERAÇÕES PROMOVIDAS PELAS LEIS Nº 2.309, DE 09 DE MAIO DE 2017; Nº 3.067, DE 03 DE ABRIL DE 2024; E Nº 3.297, DE 13 DE NOVEMBRO DE 2025, BEM COMO PELA PORTARIA GAB/SEMED Nº 0340, DE 25 DE NOVEMBRO DE 2026. EMPENHO E LIQUIDAÇÃO REFERENTE AO MÊS DE MAIO/2026.";;;0;1545;0,00;0,00;Empenho;310,00;0,00;0,00;0,00
[21069-20260481];1;21069;20260481;2900;2900;2026;21069.1;03/07/2026;36203100000162;ACCEI - CMEI ROMILDA BUDKE GUARDA;3.386,54;3.386,54;"VALOR LIQUIDADO REFERENTE A: VALOR EMPENHADO REFERENTE A: VALOR EMPENHADO REFERENTE A: REPASSE DESTINADO AO CUSTEIO DAS DESPESAS DE GESTÃO ESCOLAR, EM CONFORMIDADE COM A LEI Nº 1.256, DE 22 DE DEZEMBRO DE 2003, E SUAS ALTERAÇÕES PROMOVIDAS PELAS LEIS Nº 2.309, DE 09 DE MAIO DE 2017; Nº 3.067, DE 03 DE ABRIL DE 2024; E Nº 3.297, DE 13 DE NOVEMBRO DE 2025, BEM COMO PELA PORTARIA GAB/SEMED Nº 0340, DE 25 DE NOVEMBRO DE 2026. EMPENHO E LIQUIDAÇÃO REFERENTE AO MÊS DE MAIO/2026.";;;0;1545;0,00;0,00;Liquidação;3.386,54;0,00;;3.386,54
[21069-20260481];0;21069;20260481;2900;2900;2026;21069;03/07/2026;36203100000162;ACCEI - CMEI ROMILDA BUDKE GUARDA;3.386,54;0,00;"VALOR EMPENHADO REFERENTE A: VALOR EMPENHADO REFERENTE A: VALOR EMPENHADO REFERENTE A: REPASSE DESTINADO AO CUSTEIO DAS DESPESAS DE GESTÃO ESCOLAR, EM CONFORMIDADE COM A LEI Nº 1.256, DE 22 DE DEZEMBRO DE 2003, E SUAS ALTERAÇÕES PROMOVIDAS PELAS LEIS Nº 2.309, DE 09 DE MAIO DE 2017; Nº 3.067, DE 03 DE ABRIL DE 2024; E Nº 3.297, DE 13 DE NOVEMBRO DE 2025, BEM COMO PELA PORTARIA GAB/SEMED Nº 0340, DE 25 DE NOVEMBRO DE 2026. EMPENHO E LIQUIDAÇÃO REFERENTE AO MÊS DE MAIO/2026.";;;0;1545;0,00;0,00;Empenho;3.386,54;0,00;0,00;0,00
[21068-20260480];1;21068;20260480;2900;2900;2026;21068.1;03/07/2026;36203100000162;ACCEI - CMEI ROMILDA BUDKE GUARDA;1.451,37;1.451,37;"VALOR LIQUIDADO REFERENTE A: VALOR EMPENHADO REFERENTE A: REPASSE DESTINADO AO CUSTEIO DAS DESPESAS DE GESTÃO ESCOLAR, EM CONFORMIDADE COM A LEI Nº 1.256, DE 22 DE DEZEMBRO DE 2003, E SUAS ALTERAÇÕES PROMOVIDAS PELAS LEIS Nº 2.309, DE 09 DE MAIO DE 2017; Nº 3.067, DE 03 DE ABRIL DE 2024; E Nº 3.297, DE 13 DE NOVEMBRO DE 2025, BEM COMO PELA PORTARIA GAB/SEMED Nº 0340, DE 25 DE NOVEMBRO DE 2026. EMPENHO E LIQUIDAÇÃO REFERENTE AO MÊS DE MAIO/2026.";;;0;1545;0,00;0,00;Liquidação;1.451,37;0,00;;1.451,37
[21068-20260480];0;21068;20260480;2900;2900;2026;21068;03/07/2026;36203100000162;ACCEI - CMEI ROMILDA BUDKE GUARDA;1.451,37;0,00;"VALOR EMPENHADO REFERENTE A: VALOR EMPENHADO REFERENTE A: REPASSE DESTINADO AO CUSTEIO DAS DESPESAS DE GESTÃO ESCOLAR, EM CONFORMIDADE COM A LEI Nº 1.256, DE 22 DE DEZEMBRO DE 2003, E SUAS ALTERAÇÕES PROMOVIDAS PELAS LEIS Nº 2.309, DE 09 DE MAIO DE 2017; Nº 3.067, DE 03 DE ABRIL DE 2024; E Nº 3.297, DE 13 DE NOVEMBRO DE 2025, BEM COMO PELA PORTARIA GAB/SEMED Nº 0340, DE 25 DE NOVEMBRO DE 2026. EMPENHO E LIQUIDAÇÃO REFERENTE AO MÊS DE MAIO/2026.";;;0;1545;0,00;0,00;Empenho;1.451,37;0,00;0,00;0,00
[21067-20260481];1;21067;20260481;2900;2900;2026;21067.1;03/07/2026;36203100000162;ACCEI - CMEI ROMILDA BUDKE GUARDA;4.600,99;4.600,99;"VALOR LIQUIDADO REFERENTE A: REPASSE DESTINADO AO CUSTEIO DAS DESPESAS DE GESTÃO ESCOLAR, EM CONFORMIDADE COM A LEI Nº 1.256, DE 22 DE DEZEMBRO DE 2003, E SUAS ALTERAÇÕES PROMOVIDAS PELAS LEIS Nº 2.309, DE 09 DE MAIO DE 2017; Nº 3.067, DE 03 DE ABRIL DE 2024; E Nº 3.297, DE 13 DE NOVEMBRO DE 2025, BEM COMO PELA PORTARIA GAB/SEMED Nº 0340, DE 25 DE NOVEMBRO DE 2026. EMPENHO E LIQUIDAÇÃO REFERENTE AO MÊS DE MAIO/2026.";;;0;1545;0,00;0,00;Liquidação;4.600,99;0,00;;4.600,99
[21067-20260481];0;21067;20260481;2900;2900;2026;21067;03/07/2026;36203100000162;ACCEI - CMEI ROMILDA BUDKE GUARDA;4.600,99;0,00;"VALOR EMPENHADO REFERENTE A: REPASSE DESTINADO AO CUSTEIO DAS DESPESAS DE GESTÃO ESCOLAR, EM CONFORMIDADE COM A LEI Nº 1.256, DE 22 DE DEZEMBRO DE 2003, E SUAS ALTERAÇÕES PROMOVIDAS PELAS LEIS Nº 2.309, DE 09 DE MAIO DE 2017; Nº 3.067, DE 03 DE ABRIL DE 2024; E Nº 3.297, DE 13 DE NOVEMBRO DE 2025, BEM COMO PELA PORTARIA GAB/SEMED Nº 0340, DE 25 DE NOVEMBRO DE 2026. EMPENHO E LIQUIDAÇÃO REFERENTE AO MÊS DE MAIO/2026.";;;0;1545;0,00;0,00;Empenho;4.600,99;0,00;0,00;0,00
[21066-20260480];1;21066;20260480;2900;2900;2026;21066.1;03/07/2026;36203100000162;ACCEI - CMEI ROMILDA BUDKE GUARDA;1.971,85;1.971,85;"REPASSE DESTINADO AO CUSTEIO DAS DESPESAS DE GESTÃO ESCOLAR, EM CONFORMIDADE COM A LEI Nº 1.256, DE 22 DE DEZEMBRO DE 2003, E SUAS ALTERAÇÕES PROMOVIDAS PELAS LEIS Nº 2.309, DE 09 DE MAIO DE 2017; Nº 3.067, DE 03 DE ABRIL DE 2024; E Nº 3.297, DE 13 DE NOVEMBRO DE 2025, BEM COMO PELA PORTARIA GAB/SEMED Nº 0340, DE 25 DE NOVEMBRO DE 2026. EMPENHO E LIQUIDAÇÃO REFERENTE AO MÊS DE MAIO/2026.";;;0;1545;0,00;0,00;Liquidação;1.971,85;0,00;;1.971,85
[21066-20260480];0;21066;20260480;2900;2900;2026;21066;03/07/2026;36203100000162;ACCEI - CMEI ROMILDA BUDKE GUARDA;1.971,85;0,00;"REPASSE DESTINADO AO CUSTEIO DAS DESPESAS DE GESTÃO ESCOLAR, EM CONFORMIDADE COM A LEI Nº 1.256, DE 22 DE DEZEMBRO DE 2003, E SUAS ALTERAÇÕES PROMOVIDAS PELAS LEIS Nº 2.309, DE 09 DE MAIO DE 2017; Nº 3.067, DE 03 DE ABRIL DE 2024; E Nº 3.297, DE 13 DE NOVEMBRO DE 2025, BEM COMO PELA PORTARIA GAB/SEMED Nº 0340, DE 25 DE NOVEMBRO DE 2026. EMPENHO E LIQUIDAÇÃO REFERENTE AO MÊS DE MAIO/2026.";;;0;1545;0,00;0,00;Empenho;1.971,85;0,00;0,00;0,00
[21065-20260428];1;21065;20260428;2900;2900;2026;21065.1;03/07/2026;36922587000133;ACCEI - CMEI VITORIA RÉGIA;1.397,36;1.397,36;"VALOR LIQUIDADO REFERENTE A: VALOR EMPENHADO REFERENTE A: VALOR EMPENHADO REFERENTE A: VALOR EMPENHADO REFERENTE A: VALOR EMPENHADO REFERENTE A: REPASSE DESTINADO AO CUSTEIO DAS DESPESAS DE GESTÃO ESCOLAR, EM CONFORMIDADE COM A LEI Nº 1.256, DE 22 DE DEZEMBRO DE 2003, E SUAS ALTERAÇÕES PROMOVIDAS PELAS LEIS Nº 2.309, DE 09 DE MAIO DE 2017; Nº 3.067, DE 03 DE ABRIL DE 2024; E Nº 3.297, DE 13 DE NOVEMBRO DE 2025, BEM COMO PELA PORTARIA GAB/SEMED Nº 0340, DE 25 DE NOVEMBRO DE 2026. EMPENHO E LIQUIDAÇÃO REFERENTE AO MÊS DE MAIO/2026.";;;0;1545;0,00;0,00;Liquidação;1.397,36;0,00;;1.397,36
[21065-20260428];0;21065;20260428;2900;2900;2026;21065;03/07/2026;36922587000133;ACCEI - CMEI VITORIA RÉGIA;1.397,36;0,00;"VALOR EMPENHADO REFERENTE A: VALOR EMPENHADO REFERENTE A: VALOR EMPENHADO REFERENTE A: VALOR EMPENHADO REFERENTE A: VALOR EMPENHADO REFERENTE A: REPASSE DESTINADO AO CUSTEIO DAS DESPESAS DE GESTÃO ESCOLAR, EM CONFORMIDADE COM A LEI Nº 1.256, DE 22 DE DEZEMBRO DE 2003, E SUAS ALTERAÇÕES PROMOVIDAS PELAS LEIS Nº 2.309, DE 09 DE MAIO DE 2017; Nº 3.067, DE 03 DE ABRIL DE 2024; E Nº 3.297, DE 13 DE NOVEMBRO DE 2025, BEM COMO PELA PORTARIA GAB/SEMED Nº 0340, DE 25 DE NOVEMBRO DE 2026. EMPENHO E LIQUIDAÇÃO REFERENTE AO MÊS DE MAIO/2026.";;;0;1545;0,00;0,00;Empenho;1.397,36;0,00;0,00;0,00
[21064-20260427];1;21064;20260427;2900;2900;2026;21064.1;03/07/2026;36922587000133;ACCEI - CMEI VITORIA RÉGIA;598,87;598,87;"VALOR LIQUIDADO REFERENTE A: VALOR EMPENHADO REFERENTE A: VALOR EMPENHADO REFERENTE A: VALOR EMPENHADO REFERENTE A: REPASSE DESTINADO AO CUSTEIO DAS DESPESAS DE GESTÃO ESCOLAR, EM CONFORMIDADE COM A LEI Nº 1.256, DE 22 DE DEZEMBRO DE 2003, E SUAS ALTERAÇÕES PROMOVIDAS PELAS LEIS Nº 2.309, DE 09 DE MAIO DE 2017; Nº 3.067, DE 03 DE ABRIL DE 2024; E Nº 3.297, DE 13 DE NOVEMBRO DE 2025, BEM COMO PELA PORTARIA GAB/SEMED Nº 0340, DE 25 DE NOVEMBRO DE 2026. EMPENHO E LIQUIDAÇÃO REFERENTE AO MÊS DE MAIO/2026.";;;0;1545;0,00;0,00;Liquidação;598,87;0,00;;598,87
[21064-20260427];0;21064;20260427;2900;2900;2026;21064;03/07/2026;36922587000133;ACCEI - CMEI VITORIA RÉGIA;598,87;0,00;"VALOR EMPENHADO REFERENTE A: VALOR EMPENHADO REFERENTE A: VALOR EMPENHADO REFERENTE A: VALOR EMPENHADO REFERENTE A: REPASSE DESTINADO AO CUSTEIO DAS DESPESAS DE GESTÃO ESCOLAR, EM CONFORMIDADE COM A LEI Nº 1.256, DE 22 DE DEZEMBRO DE 2003, E SUAS ALTERAÇÕES PROMOVIDAS PELAS LEIS Nº 2.309, DE 09 DE MAIO DE 2017; Nº 3.067, DE 03 DE ABRIL DE 2024; E Nº 3.297, DE 13 DE NOVEMBRO DE 2025, BEM COMO PELA PORTARIA GAB/SEMED Nº 0340, DE 25 DE NOVEMBRO DE 2026. EMPENHO E LIQUIDAÇÃO REFERENTE AO MÊS DE MAIO/2026.";;;0;1545;0,00;0,00;Empenho;598,87;0,00;0,00;0,00
[21063-20260481];1;21063;20260481;2900;2900;2026;21063.1;03/07/2026;36922587000133;ACCEI - CMEI VITORIA RÉGIA;2.663,20;2.663,20;"VALOR LIQUIDADO REFERENTE A: VALOR EMPENHADO REFERENTE A: VALOR EMPENHADO REFERENTE A: REPASSE DESTINADO AO CUSTEIO DAS DESPESAS DE GESTÃO ESCOLAR, EM CONFORMIDADE COM A LEI Nº 1.256, DE 22 DE DEZEMBRO DE 2003, E SUAS ALTERAÇÕES PROMOVIDAS PELAS LEIS Nº 2.309, DE 09 DE MAIO DE 2017; Nº 3.067, DE 03 DE ABRIL DE 2024; E Nº 3.297, DE 13 DE NOVEMBRO DE 2025, BEM COMO PELA PORTARIA GAB/SEMED Nº 0340, DE 25 DE NOVEMBRO DE 2026. EMPENHO E LIQUIDAÇÃO REFERENTE AO MÊS DE MAIO/2026.";;;0;1545;0,00;0,00;Liquidação;2.663,20;0,00;;2.663,20
[21063-20260481];0;21063;20260481;2900;2900;2026;21063;03/07/2026;36922587000133;ACCEI - CMEI VITORIA RÉGIA;2.663,20;0,00;"VALOR EMPENHADO REFERENTE A: VALOR EMPENHADO REFERENTE A: VALOR EMPENHADO REFERENTE A: REPASSE DESTINADO AO CUSTEIO DAS DESPESAS DE GESTÃO ESCOLAR, EM CONFORMIDADE COM A LEI Nº 1.256, DE 22 DE DEZEMBRO DE 2003, E SUAS ALTERAÇÕES PROMOVIDAS PELAS LEIS Nº 2.309, DE 09 DE MAIO DE 2017; Nº 3.067, DE 03 DE ABRIL DE 2024; E Nº 3.297, DE 13 DE NOVEMBRO DE 2025, BEM COMO PELA PORTARIA GAB/SEMED Nº 0340, DE 25 DE NOVEMBRO DE 2026. EMPENHO E LIQUIDAÇÃO REFERENTE AO MÊS DE MAIO/2026.";;;0;1545;0,00;0,00;Empenho;2.663,20;0,00;0,00;0,00
[21062-20260480];1;21062;20260480;2900;2900;2026;21062.1;03/07/2026;36922587000133;ACCEI - CMEI VITORIA RÉGIA;1.141,37;1.141,37;"VALOR LIQUIDADO REFERENTE A: VALOR EMPENHADO REFERENTE A: REPASSE DESTINADO AO CUSTEIO DAS DESPESAS DE GESTÃO ESCOLAR, EM CONFORMIDADE COM A LEI Nº 1.256, DE 22 DE DEZEMBRO DE 2003, E SUAS ALTERAÇÕES PROMOVIDAS PELAS LEIS Nº 2.309, DE 09 DE MAIO DE 2017; Nº 3.067, DE 03 DE ABRIL DE 2024; E Nº 3.297, DE 13 DE NOVEMBRO DE 2025, BEM COMO PELA PORTARIA GAB/SEMED Nº 0340, DE 25 DE NOVEMBRO DE 2026. EMPENHO E LIQUIDAÇÃO REFERENTE AO MÊS DE MAIO/2026.";;;0;1545;0,00;0,00;Liquidação;1.141,37;0,00;;1.141,37
[21062-20260480];0;21062;20260480;2900;2900;2026;21062;03/07/2026;36922587000133;ACCEI - CMEI VITORIA RÉGIA;1.141,37;0,00;"VALOR EMPENHADO REFERENTE A: VALOR EMPENHADO REFERENTE A: REPASSE DESTINADO AO CUSTEIO DAS DESPESAS DE GESTÃO ESCOLAR, EM CONFORMIDADE COM A LEI Nº 1.256, DE 22 DE DEZEMBRO DE 2003, E SUAS ALTERAÇÕES PROMOVIDAS PELAS LEIS Nº 2.309, DE 09 DE MAIO DE 2017; Nº 3.067, DE 03 DE ABRIL DE 2024; E Nº 3.297, DE 13 DE NOVEMBRO DE 2025, BEM COMO PELA PORTARIA GAB/SEMED Nº 0340, DE 25 DE NOVEMBRO DE 2026. EMPENHO E LIQUIDAÇÃO REFERENTE AO MÊS DE MAIO/2026.";;;0;1545;0,00;0,00;Empenho;1.141,37;0,00;0,00;0,00
[21061-20260481];1;21061;20260481;2900;2900;2026;21061.1;03/07/2026;36922587000133;ACCEI - CMEI VITORIA RÉGIA;3.382,47;3.382,47;"VALOR LIQUIDADO REFERENTE A: REPASSE DESTINADO AO CUSTEIO DAS DESPESAS DE GESTÃO ESCOLAR, EM CONFORMIDADE COM A LEI Nº 1.256, DE 22 DE DEZEMBRO DE 2003, E SUAS ALTERAÇÕES PROMOVIDAS PELAS LEIS Nº 2.309, DE 09 DE MAIO DE 2017; Nº 3.067, DE 03 DE ABRIL DE 2024; E Nº 3.297, DE 13 DE NOVEMBRO DE 2025, BEM COMO PELA PORTARIA GAB/SEMED Nº 0340, DE 25 DE NOVEMBRO DE 2026. EMPENHO E LIQUIDAÇÃO REFERENTE AO MÊS DE MAIO/2026.";;;0;1545;0,00;0,00;Liquidação;3.382,47;0,00;;3.382,47
[21061-20260481];0;21061;20260481;2900;2900;2026;21061;03/07/2026;36922587000133;ACCEI - CMEI VITORIA RÉGIA;3.382,47;0,00;"VALOR EMPENHADO REFERENTE A: REPASSE DESTINADO AO CUSTEIO DAS DESPESAS DE GESTÃO ESCOLAR, EM CONFORMIDADE COM A LEI Nº 1.256, DE 22 DE DEZEMBRO DE 2003, E SUAS ALTERAÇÕES PROMOVIDAS PELAS LEIS Nº 2.309, DE 09 DE MAIO DE 2017; Nº 3.067, DE 03 DE ABRIL DE 2024; E Nº 3.297, DE 13 DE NOVEMBRO DE 2025, BEM COMO PELA PORTARIA GAB/SEMED Nº 0340, DE 25 DE NOVEMBRO DE 2026. EMPENHO E LIQUIDAÇÃO REFERENTE AO MÊS DE MAIO/2026.";;;0;1545;0,00;0,00;Empenho;3.382,47;0,00;0,00;0,00
[21060-20260480];1;21060;20260480;2900;2900;2026;21060.1;03/07/2026;36922587000133;ACCEI - CMEI VITORIA RÉGIA;1.449,63;1.449,63;"REPASSE DESTINADO AO CUSTEIO DAS DESPESAS DE GESTÃO ESCOLAR, EM CONFORMIDADE COM A LEI Nº 1.256, DE 22 DE DEZEMBRO DE 2003, E SUAS ALTERAÇÕES PROMOVIDAS PELAS LEIS Nº 2.309, DE 09 DE MAIO DE 2017; Nº 3.067, DE 03 DE ABRIL DE 2024; E Nº 3.297, DE 13 DE NOVEMBRO DE 2025, BEM COMO PELA PORTARIA GAB/SEMED Nº 0340, DE 25 DE NOVEMBRO DE 2026. EMPENHO E LIQUIDAÇÃO REFERENTE AO MÊS DE MAIO/2026.";;;0;1545;0,00;0,00;Liquidação;1.449,63;0,00;;1.449,63
[21060-20260480];0;21060;20260480;2900;2900;2026;21060;03/07/2026;36922587000133;ACCEI - CMEI VITORIA RÉGIA;1.449,63;0,00;"REPASSE DESTINADO AO CUSTEIO DAS DESPESAS DE GESTÃO ESCOLAR, EM CONFORMIDADE COM A LEI Nº 1.256, DE 22 DE DEZEMBRO DE 2003, E SUAS ALTERAÇÕES PROMOVIDAS PELAS LEIS Nº 2.309, DE 09 DE MAIO DE 2017; Nº 3.067, DE 03 DE ABRIL DE 2024; E Nº 3.297, DE 13 DE NOVEMBRO DE 2025, BEM COMO PELA PORTARIA GAB/SEMED Nº 0340, DE 25 DE NOVEMBRO DE 2026. EMPENHO E LIQUIDAÇÃO REFERENTE AO MÊS DE MAIO/2026.";;;0;1545;0,00;0,00;Empenho;1.449,63;0,00;0,00;0,00
[21059-20260428];1;21059;20260428;2900;2900;2026;21059.1;03/07/2026;17652131000156;ACCEI - CMEI PRINCIPES E PRINCESAS;5.375,72;5.375,72;"VALOR LIQUIDADO REFERENTE A: VALOR EMPENHADO REFERENTE A: REPASSE DESTINADO AO CUSTEIO DAS DESPESAS DE GESTÃO ESCOLAR, EM CONFORMIDADE COM A LEI Nº 1.256, DE 22 DE DEZEMBRO DE 2003, E SUAS ALTERAÇÕES PROMOVIDAS PELAS LEIS Nº 2.309, DE 09 DE MAIO DE 2017; Nº 3.067, DE 03 DE ABRIL DE 2024; E Nº 3.297, DE 13 DE NOVEMBRO DE 2025, BEM COMO PELA PORTARIA GAB/SEMED Nº 0340, DE 25 DE NOVEMBRO DE 2026. EMPENHO E LIQUIDAÇÃO REFERENTE AO MÊS DE MAIO/2026.";;;0;1545;0,00;0,00;Liquidação;5.375,72;0,00;;5.375,72
[21059-20260428];0;21059;20260428;2900;2900;2026;21059;03/07/2026;17652131000156;ACCEI - CMEI PRINCIPES E PRINCESAS;5.375,72;0,00;"VALOR EMPENHADO REFERENTE A: VALOR EMPENHADO REFERENTE A: REPASSE DESTINADO AO CUSTEIO DAS DESPESAS DE GESTÃO ESCOLAR, EM CONFORMIDADE COM A LEI Nº 1.256, DE 22 DE DEZEMBRO DE 2003, E SUAS ALTERAÇÕES PROMOVIDAS PELAS LEIS Nº 2.309, DE 09 DE MAIO DE 2017; Nº 3.067, DE 03 DE ABRIL DE 2024; E Nº 3.297, DE 13 DE NOVEMBRO DE 2025, BEM COMO PELA PORTARIA GAB/SEMED Nº 0340, DE 25 DE NOVEMBRO DE 2026. EMPENHO E LIQUIDAÇÃO REFERENTE AO MÊS DE MAIO/2026.";;;0;1545;0,00;0,00;Empenho;5.375,72;0,00;0,00;0,00
[21058-20260427];1;21058;20260427;2900;2900;2026;21058.1;03/07/2026;17652131000156;ACCEI - CMEI PRINCIPES E PRINCESAS;2.303,88;2.303,88;"VALOR LIQUIDADO REFERENTE A: REPASSE DESTINADO AO CUSTEIO DAS DESPESAS DE GESTÃO ESCOLAR, EM CONFORMIDADE COM A LEI Nº 1.256, DE 22 DE DEZEMBRO DE 2003, E SUAS ALTERAÇÕES PROMOVIDAS PELAS LEIS Nº 2.309, DE 09 DE MAIO DE 2017; Nº 3.067, DE 03 DE ABRIL DE 2024; E Nº 3.297, DE 13 DE NOVEMBRO DE 2025, BEM COMO PELA PORTARIA GAB/SEMED Nº 0340, DE 25 DE NOVEMBRO DE 2026. EMPENHO E LIQUIDAÇÃO REFERENTE AO MÊS DE MAIO/2026.";;;0;1545;0,00;0,00;Liquidação;2.303,88;0,00;;2.303,88
[21058-20260427];0;21058;20260427;2900;2900;2026;21058;03/07/2026;17652131000156;ACCEI - CMEI PRINCIPES E PRINCESAS;2.303,88;0,00;"VALOR EMPENHADO REFERENTE A: REPASSE DESTINADO AO CUSTEIO DAS DESPESAS DE GESTÃO ESCOLAR, EM CONFORMIDADE COM A LEI Nº 1.256, DE 22 DE DEZEMBRO DE 2003, E SUAS ALTERAÇÕES PROMOVIDAS PELAS LEIS Nº 2.309, DE 09 DE MAIO DE 2017; Nº 3.067, DE 03 DE ABRIL DE 2024; E Nº 3.297, DE 13 DE NOVEMBRO DE 2025, BEM COMO PELA PORTARIA GAB/SEMED Nº 0340, DE 25 DE NOVEMBRO DE 2026. EMPENHO E LIQUIDAÇÃO REFERENTE AO MÊS DE MAIO/2026.";;;0;1545;0,00;0,00;Empenho;2.303,88;0,00;0,00;0,00
[21057-20260481];1;21057;20260481;2900;2900;2026;21057.1;03/07/2026;17652131000156;ACCEI - CMEI PRINCIPES E PRINCESAS;1.989,18;1.989,18;"REPASSE DESTINADO AO CUSTEIO DAS DESPESAS DE GESTÃO ESCOLAR, EM CONFORMIDADE COM A LEI Nº 1.256, DE 22 DE DEZEMBRO DE 2003, E SUAS ALTERAÇÕES PROMOVIDAS PELAS LEIS Nº 2.309, DE 09 DE MAIO DE 2017; Nº 3.067, DE 03 DE ABRIL DE 2024; E Nº 3.297, DE 13 DE NOVEMBRO DE 2025, BEM COMO PELA PORTARIA GAB/SEMED Nº 0340, DE 25 DE NOVEMBRO DE 2026. EMPENHO E LIQUIDAÇÃO REFERENTE AO MÊS DE MAIO/2026.";;;0;1545;0,00;0,00;Liquidação;1.989,18;0,00;;1.989,18
[21057-20260481];0;21057;20260481;2900;2900;2026;21057;03/07/2026;17652131000156;ACCEI - CMEI PRINCIPES E PRINCESAS;1.989,18;0,00;"REPASSE DESTINADO AO CUSTEIO DAS DESPESAS DE GESTÃO ESCOLAR, EM CONFORMIDADE COM A LEI Nº 1.256, DE 22 DE DEZEMBRO DE 2003, E SUAS ALTERAÇÕES PROMOVIDAS PELAS LEIS Nº 2.309, DE 09 DE MAIO DE 2017; Nº 3.067, DE 03 DE ABRIL DE 2024; E Nº 3.297, DE 13 DE NOVEMBRO DE 2025, BEM COMO PELA PORTARIA GAB/SEMED Nº 0340, DE 25 DE NOVEMBRO DE 2026. EMPENHO E LIQUIDAÇÃO REFERENTE AO MÊS DE MAIO/2026.";;;0;1545;0,00;0,00;Empenho;1.989,18;0,00;0,00;0,00
[21056-20260480];1;21056;20260480;2900;2900;2026;21056.1;03/07/2026;17652131000156;ACCEI - CMEI PRINCIPES E PRINCESAS;852,51;852,51;"REPASSE DESTINADO AO CUSTEIO DAS DESPESAS DE GESTÃO ESCOLAR, EM CONFORMIDADE COM A LEI Nº 1.256, DE 22 DE DEZEMBRO DE 2003, E SUAS ALTERAÇÕES PROMOVIDAS PELAS LEIS Nº 2.309, DE 09 DE MAIO DE 2017; Nº 3.067, DE 03 DE ABRIL DE 2024; E Nº 3.297, DE 13 DE NOVEMBRO DE 2025, BEM COMO PELA PORTARIA GAB/SEMED Nº 0340, DE 25 DE NOVEMBRO DE 2026. EMPENHO E LIQUIDAÇÃO REFERENTE AO MÊS DE MAIO/2026.";;;0;1545;0,00;0,00;Liquidação;852,51;0,00;;852,51
[21056-20260480];0;21056;20260480;2900;2900;2026;21056;03/07/2026;17652131000156;ACCEI - CMEI PRINCIPES E PRINCESAS;852,51;0,00;"REPASSE DESTINADO AO CUSTEIO DAS DESPESAS DE GESTÃO ESCOLAR, EM CONFORMIDADE COM A LEI Nº 1.256, DE 22 DE DEZEMBRO DE 2003, E SUAS ALTERAÇÕES PROMOVIDAS PELAS LEIS Nº 2.309, DE 09 DE MAIO DE 2017; Nº 3.067, DE 03 DE ABRIL DE 2024; E Nº 3.297, DE 13 DE NOVEMBRO DE 2025, BEM COMO PELA PORTARIA GAB/SEMED Nº 0340, DE 25 DE NOVEMBRO DE 2026. EMPENHO E LIQUIDAÇÃO REFERENTE AO MÊS DE MAIO/2026.";;;0;1545;0,00;0,00;Empenho;852,51;0,00;0,00;0,00
[21055-20260481];1;21055;20260481;2900;2900;2026;21055.1;03/07/2026;42722690000132;ACCEI - CMEI PROFESSORA JUSCÉIA GARBELINI;4.149,42;4.149,42;"VALOR LIQUIDADO REFERENTE A: VALOR EMPENHADO REFERENTE A: VALOR EMPENHADO REFERENTE A: REPASSE DESTINADO AO CUSTEIO DAS DESPESAS DE GESTÃO ESCOLAR, EM CONFORMIDADE COM A LEI Nº 1.256, DE 22 DE DEZEMBRO DE 2003, E SUAS ALTERAÇÕES PROMOVIDAS PELAS LEIS Nº 2.309, DE 09 DE MAIO DE 2017; Nº 3.067, DE 03 DE ABRIL DE 2024; E Nº 3.297, DE 13 DE NOVEMBRO DE 2025, BEM COMO PELA PORTARIA GAB/SEMED Nº 0340, DE 25 DE NOVEMBRO DE 2026. EMPENHO E LIQUIDAÇÃO REFERENTE AO MÊS DE MAIO/2026.";;;0;1545;0,00;0,00;Liquidação;4.149,42;0,00;;4.149,42
[21055-20260481];0;21055;20260481;2900;2900;2026;21055;03/07/2026;42722690000132;ACCEI - CMEI PROFESSORA JUSCÉIA GARBELINI;4.149,42;0,00;"VALOR EMPENHADO REFERENTE A: VALOR EMPENHADO REFERENTE A: VALOR EMPENHADO REFERENTE A: REPASSE DESTINADO AO CUSTEIO DAS DESPESAS DE GESTÃO ESCOLAR, EM CONFORMIDADE COM A LEI Nº 1.256, DE 22 DE DEZEMBRO DE 2003, E SUAS ALTERAÇÕES PROMOVIDAS PELAS LEIS Nº 2.309, DE 09 DE MAIO DE 2017; Nº 3.067, DE 03 DE ABRIL DE 2024; E Nº 3.297, DE 13 DE NOVEMBRO DE 2025, BEM COMO PELA PORTARIA GAB/SEMED Nº 0340, DE 25 DE NOVEMBRO DE 2026. EMPENHO E LIQUIDAÇÃO REFERENTE AO MÊS DE MAIO/2026.";;;0;1545;0,00;0,00;Empenho;4.149,42;0,00;0,00;0,00
[21054-20260480];1;21054;20260480;2900;2900;2026;21054.1;03/07/2026;42722690000132;ACCEI - CMEI PROFESSORA JUSCÉIA GARBELINI;1.778,32;1.778,32;"VALOR LIQUIDADO REFERENTE A: VALOR EMPENHADO REFERENTE A: REPASSE DESTINADO AO CUSTEIO DAS DESPESAS DE GESTÃO ESCOLAR, EM CONFORMIDADE COM A LEI Nº 1.256, DE 22 DE DEZEMBRO DE 2003, E SUAS ALTERAÇÕES PROMOVIDAS PELAS LEIS Nº 2.309, DE 09 DE MAIO DE 2017; Nº 3.067, DE 03 DE ABRIL DE 2024; E Nº 3.297, DE 13 DE NOVEMBRO DE 2025, BEM COMO PELA PORTARIA GAB/SEMED Nº 0340, DE 25 DE NOVEMBRO DE 2026. EMPENHO E LIQUIDAÇÃO REFERENTE AO MÊS DE MAIO/2026.";;;0;1545;0,00;0,00;Liquidação;1.778,32;0,00;;1.778,32
[21054-20260480];0;21054;20260480;2900;2900;2026;21054;03/07/2026;42722690000132;ACCEI - CMEI PROFESSORA JUSCÉIA GARBELINI;1.778,32;0,00;"VALOR EMPENHADO REFERENTE A: VALOR EMPENHADO REFERENTE A: REPASSE DESTINADO AO CUSTEIO DAS DESPESAS DE GESTÃO ESCOLAR, EM CONFORMIDADE COM A LEI Nº 1.256, DE 22 DE DEZEMBRO DE 2003, E SUAS ALTERAÇÕES PROMOVIDAS PELAS LEIS Nº 2.309, DE 09 DE MAIO DE 2017; Nº 3.067, DE 03 DE ABRIL DE 2024; E Nº 3.297, DE 13 DE NOVEMBRO DE 2025, BEM COMO PELA PORTARIA GAB/SEMED Nº 0340, DE 25 DE NOVEMBRO DE 2026. EMPENHO E LIQUIDAÇÃO REFERENTE AO MÊS DE MAIO/2026.";;;0;1545;0,00;0,00;Empenho;1.778,32;0,00;0,00;0,00
[21053-20260481];1;21053;20260481;2900;2900;2026;21053.1;03/07/2026;42722690000132;ACCEI - CMEI PROFESSORA JUSCÉIA GARBELINI;5.718,53;5.718,53;"VALOR LIQUIDADO REFERENTE A: REPASSE DESTINADO AO CUSTEIO DAS DESPESAS DE GESTÃO ESCOLAR, EM CONFORMIDADE COM A LEI Nº 1.256, DE 22 DE DEZEMBRO DE 2003, E SUAS ALTERAÇÕES PROMOVIDAS PELAS LEIS Nº 2.309, DE 09 DE MAIO DE 2017; Nº 3.067, DE 03 DE ABRIL DE 2024; E Nº 3.297, DE 13 DE NOVEMBRO DE 2025, BEM COMO PELA PORTARIA GAB/SEMED Nº 0340, DE 25 DE NOVEMBRO DE 2026. EMPENHO E LIQUIDAÇÃO REFERENTE AO MÊS DE MAIO/2026.";;;0;1545;0,00;0,00;Liquidação;5.718,53;0,00;;5.718,53
[21053-20260481];0;21053;20260481;2900;2900;2026;21053;03/07/2026;42722690000132;ACCEI - CMEI PROFESSORA JUSCÉIA GARBELINI;5.718,53;0,00;"VALOR EMPENHADO REFERENTE A: REPASSE DESTINADO AO CUSTEIO DAS DESPESAS DE GESTÃO ESCOLAR, EM CONFORMIDADE COM A LEI Nº 1.256, DE 22 DE DEZEMBRO DE 2003, E SUAS ALTERAÇÕES PROMOVIDAS PELAS LEIS Nº 2.309, DE 09 DE MAIO DE 2017; Nº 3.067, DE 03 DE ABRIL DE 2024; E Nº 3.297, DE 13 DE NOVEMBRO DE 2025, BEM COMO PELA PORTARIA GAB/SEMED Nº 0340, DE 25 DE NOVEMBRO DE 2026. EMPENHO E LIQUIDAÇÃO REFERENTE AO MÊS DE MAIO/2026.";;;0;1545;0,00;0,00;Empenho;5.718,53;0,00;0,00;0,00
[21052-20260480];1;21052;20260480;2900;2900;2026;21052.1;03/07/2026;42722690000132;ACCEI - CMEI PROFESSORA JUSCÉIA GARBELINI;2.450,80;2.450,80;"REPASSE DESTINADO AO CUSTEIO DAS DESPESAS DE GESTÃO ESCOLAR, EM CONFORMIDADE COM A LEI Nº 1.256, DE 22 DE DEZEMBRO DE 2003, E SUAS ALTERAÇÕES PROMOVIDAS PELAS LEIS Nº 2.309, DE 09 DE MAIO DE 2017; Nº 3.067, DE 03 DE ABRIL DE 2024; E Nº 3.297, DE 13 DE NOVEMBRO DE 2025, BEM COMO PELA PORTARIA GAB/SEMED Nº 0340, DE 25 DE NOVEMBRO DE 2026. EMPENHO E LIQUIDAÇÃO REFERENTE AO MÊS DE MAIO/2026.";;;0;1545;0,00;0,00;Liquidação;2.450,80;0,00;;2.450,80
[21052-20260480];0;21052;20260480;2900;2900;2026;21052;03/07/2026;42722690000132;ACCEI - CMEI PROFESSORA JUSCÉIA GARBELINI;2.450,80;0,00;"REPASSE DESTINADO AO CUSTEIO DAS DESPESAS DE GESTÃO ESCOLAR, EM CONFORMIDADE COM A LEI Nº 1.256, DE 22 DE DEZEMBRO DE 2003, E SUAS ALTERAÇÕES PROMOVIDAS PELAS LEIS Nº 2.309, DE 09 DE MAIO DE 2017; Nº 3.067, DE 03 DE ABRIL DE 2024; E Nº 3.297, DE 13 DE NOVEMBRO DE 2025, BEM COMO PELA PORTARIA GAB/SEMED Nº 0340, DE 25 DE NOVEMBRO DE 2026. EMPENHO E LIQUIDAÇÃO REFERENTE AO MÊS DE MAIO/2026.";;;0;1545;0,00;0,00;Empenho;2.450,80;0,00;0,00;0,00
[21051-20261662];0;21051;20261662;3200;3200;2026;21051;03/07/2026;1578276000114;ASLI COMERCIAL EIRELI;27.400,00;0,00;"AQUISIÇÃO DE INSUMOS DE ENFERMAGEM DEA 2025
NUP 25518/2026";41556;;0;1545;0,00;0,00;Empenho;27.400,00;0,00;0,00;0,00
[21050-20260481];1;21050;20260481;2900;2900;2026;21050.1;03/07/2026;18565823000120;ACCEI - CMEI PEQUENOS BRILHANTES;6.362,09;6.362,09;"VALOR LIQUIDADO REFERENTE A: VALOR EMPENHADO REFERENTE A: VALOR EMPENHADO REFERENTE A: REPASSE DESTINADO AO CUSTEIO DAS DESPESAS DE GESTÃO ESCOLAR, EM CONFORMIDADE COM A LEI Nº 1.256, DE 22 DE DEZEMBRO DE 2003, E SUAS ALTERAÇÕES PROMOVIDAS PELAS LEIS Nº 2.309, DE 09 DE MAIO DE 2017; Nº 3.067, DE 03 DE ABRIL DE 2024; E Nº 3.297, DE 13 DE NOVEMBRO DE 2025, BEM COMO PELA PORTARIA GAB/SEMED Nº 0340, DE 25 DE NOVEMBRO DE 2026. EMPENHO E LIQUIDAÇÃO REFERENTE AO MÊS DE MAIO/2026.";;;0;1545;0,00;0,00;Liquidação;6.362,09;0,00;;6.362,09
[21050-20260481];0;21050;20260481;2900;2900;2026;21050;03/07/2026;18565823000120;ACCEI - CMEI PEQUENOS BRILHANTES;6.362,09;0,00;"VALOR EMPENHADO REFERENTE A: VALOR EMPENHADO REFERENTE A: VALOR EMPENHADO REFERENTE A: REPASSE DESTINADO AO CUSTEIO DAS DESPESAS DE GESTÃO ESCOLAR, EM CONFORMIDADE COM A LEI Nº 1.256, DE 22 DE DEZEMBRO DE 2003, E SUAS ALTERAÇÕES PROMOVIDAS PELAS LEIS Nº 2.309, DE 09 DE MAIO DE 2017; Nº 3.067, DE 03 DE ABRIL DE 2024; E Nº 3.297, DE 13 DE NOVEMBRO DE 2025, BEM COMO PELA PORTARIA GAB/SEMED Nº 0340, DE 25 DE NOVEMBRO DE 2026. EMPENHO E LIQUIDAÇÃO REFERENTE AO MÊS DE MAIO/2026.";;;0;1545;0,00;0,00;Empenho;6.362,09;0,00;0,00;0,00
[21049-20260480];1;21049;20260480;2900;2900;2026;21049.1;03/07/2026;18565823000120;ACCEI - CMEI PEQUENOS BRILHANTES;2.726,61;2.726,61;"VALOR LIQUIDADO REFERENTE A: VALOR EMPENHADO REFERENTE A: REPASSE DESTINADO AO CUSTEIO DAS DESPESAS DE GESTÃO ESCOLAR, EM CONFORMIDADE COM A LEI Nº 1.256, DE 22 DE DEZEMBRO DE 2003, E SUAS ALTERAÇÕES PROMOVIDAS PELAS LEIS Nº 2.309, DE 09 DE MAIO DE 2017; Nº 3.067, DE 03 DE ABRIL DE 2024; E Nº 3.297, DE 13 DE NOVEMBRO DE 2025, BEM COMO PELA PORTARIA GAB/SEMED Nº 0340, DE 25 DE NOVEMBRO DE 2026. EMPENHO E LIQUIDAÇÃO REFERENTE AO MÊS DE MAIO/2026.";;;0;1545;0,00;0,00;Liquidação;2.726,61;0,00;;2.726,61
[21049-20260480];0;21049;20260480;2900;2900;2026;21049;03/07/2026;18565823000120;ACCEI - CMEI PEQUENOS BRILHANTES;2.726,61;0,00;"VALOR EMPENHADO REFERENTE A: VALOR EMPENHADO REFERENTE A: REPASSE DESTINADO AO CUSTEIO DAS DESPESAS DE GESTÃO ESCOLAR, EM CONFORMIDADE COM A LEI Nº 1.256, DE 22 DE DEZEMBRO DE 2003, E SUAS ALTERAÇÕES PROMOVIDAS PELAS LEIS Nº 2.309, DE 09 DE MAIO DE 2017; Nº 3.067, DE 03 DE ABRIL DE 2024; E Nº 3.297, DE 13 DE NOVEMBRO DE 2025, BEM COMO PELA PORTARIA GAB/SEMED Nº 0340, DE 25 DE NOVEMBRO DE 2026. EMPENHO E LIQUIDAÇÃO REFERENTE AO MÊS DE MAIO/2026.";;;0;1545;0,00;0,00;Empenho;2.726,61;0,00;0,00;0,00
[21048-20260481];1;21048;20260481;2900;2900;2026;21048.1;03/07/2026;18565823000120;ACCEI - CMEI PEQUENOS BRILHANTES;1.200,08;1.200,08;"VALOR LIQUIDADO REFERENTE A: REPASSE DESTINADO AO CUSTEIO DAS DESPESAS DE GESTÃO ESCOLAR, EM CONFORMIDADE COM A LEI Nº 1.256, DE 22 DE DEZEMBRO DE 2003, E SUAS ALTERAÇÕES PROMOVIDAS PELAS LEIS Nº 2.309, DE 09 DE MAIO DE 2017; Nº 3.067, DE 03 DE ABRIL DE 2024; E Nº 3.297, DE 13 DE NOVEMBRO DE 2025, BEM COMO PELA PORTARIA GAB/SEMED Nº 0340, DE 25 DE NOVEMBRO DE 2026. EMPENHO E LIQUIDAÇÃO REFERENTE AO MÊS DE MAIO/2026.";;;0;1545;0,00;0,00;Liquidação;1.200,08;0,00;;1.200,08
[21048-20260481];0;21048;20260481;2900;2900;2026;21048;03/07/2026;18565823000120;ACCEI - CMEI PEQUENOS BRILHANTES;1.200,08;0,00;"VALOR EMPENHADO REFERENTE A: REPASSE DESTINADO AO CUSTEIO DAS DESPESAS DE GESTÃO ESCOLAR, EM CONFORMIDADE COM A LEI Nº 1.256, DE 22 DE DEZEMBRO DE 2003, E SUAS ALTERAÇÕES PROMOVIDAS PELAS LEIS Nº 2.309, DE 09 DE MAIO DE 2017; Nº 3.067, DE 03 DE ABRIL DE 2024; E Nº 3.297, DE 13 DE NOVEMBRO DE 2025, BEM COMO PELA PORTARIA GAB/SEMED Nº 0340, DE 25 DE NOVEMBRO DE 2026. EMPENHO E LIQUIDAÇÃO REFERENTE AO MÊS DE MAIO/2026.";;;0;1545;0,00;0,00;Empenho;1.200,08;0,00;0,00;0,00
[21047-20260480];1;21047;20260480;2900;2900;2026;21047.1;03/07/2026;18565823000120;ACCEI - CMEI PEQUENOS BRILHANTES;514,32;514,32;"REPASSE DESTINADO AO CUSTEIO DAS DESPESAS DE GESTÃO ESCOLAR, EM CONFORMIDADE COM A LEI Nº 1.256, DE 22 DE DEZEMBRO DE 2003, E SUAS ALTERAÇÕES PROMOVIDAS PELAS LEIS Nº 2.309, DE 09 DE MAIO DE 2017; Nº 3.067, DE 03 DE ABRIL DE 2024; E Nº 3.297, DE 13 DE NOVEMBRO DE 2025, BEM COMO PELA PORTARIA GAB/SEMED Nº 0340, DE 25 DE NOVEMBRO DE 2026. EMPENHO E LIQUIDAÇÃO REFERENTE AO MÊS DE MAIO/2026.";;;0;1545;0,00;0,00;Liquidação;514,32;0,00;;514,32
[21047-20260480];0;21047;20260480;2900;2900;2026;21047;03/07/2026;18565823000120;ACCEI - CMEI PEQUENOS BRILHANTES;514,32;0,00;"REPASSE DESTINADO AO CUSTEIO DAS DESPESAS DE GESTÃO ESCOLAR, EM CONFORMIDADE COM A LEI Nº 1.256, DE 22 DE DEZEMBRO DE 2003, E SUAS ALTERAÇÕES PROMOVIDAS PELAS LEIS Nº 2.309, DE 09 DE MAIO DE 2017; Nº 3.067, DE 03 DE ABRIL DE 2024; E Nº 3.297, DE 13 DE NOVEMBRO DE 2025, BEM COMO PELA PORTARIA GAB/SEMED Nº 0340, DE 25 DE NOVEMBRO DE 2026. EMPENHO E LIQUIDAÇÃO REFERENTE AO MÊS DE MAIO/2026.";;;0;1545;0,00;0,00;Empenho;514,32;0,00;0,00;0,00
[21046-20260481];1;21046;20260481;2900;2900;2026;21046.1;03/07/2026;11663091000161;ACCEI - CMEI PEQUENO PRÍNCIPE;5.441,48;5.441,48;"VALOR LIQUIDADO REFERENTE A: VALOR EMPENHADO REFERENTE A: VALOR EMPENHADO REFERENTE A: REPASSE DESTINADO AO CUSTEIO DAS DESPESAS DE GESTÃO ESCOLAR, EM CONFORMIDADE COM A LEI Nº 1.256, DE 22 DE DEZEMBRO DE 2003, E SUAS ALTERAÇÕES PROMOVIDAS PELAS LEIS Nº 2.309, DE 09 DE MAIO DE 2017; Nº 3.067, DE 03 DE ABRIL DE 2024; E Nº 3.297, DE 13 DE NOVEMBRO DE 2025, BEM COMO PELA PORTARIA GAB/SEMED Nº 0340, DE 25 DE NOVEMBRO DE 2026. EMPENHO E LIQUIDAÇÃO REFERENTE AO MÊS DE MAIO/2026.";;;0;1545;0,00;0,00;Liquidação;5.441,48;0,00;;5.441,48
[21046-20260481];0;21046;20260481;2900;2900;2026;21046;03/07/2026;11663091000161;ACCEI - CMEI PEQUENO PRÍNCIPE;5.441,48;0,00;"VALOR EMPENHADO REFERENTE A: VALOR EMPENHADO REFERENTE A: VALOR EMPENHADO REFERENTE A: REPASSE DESTINADO AO CUSTEIO DAS DESPESAS DE GESTÃO ESCOLAR, EM CONFORMIDADE COM A LEI Nº 1.256, DE 22 DE DEZEMBRO DE 2003, E SUAS ALTERAÇÕES PROMOVIDAS PELAS LEIS Nº 2.309, DE 09 DE MAIO DE 2017; Nº 3.067, DE 03 DE ABRIL DE 2024; E Nº 3.297, DE 13 DE NOVEMBRO DE 2025, BEM COMO PELA PORTARIA GAB/SEMED Nº 0340, DE 25 DE NOVEMBRO DE 2026. EMPENHO E LIQUIDAÇÃO REFERENTE AO MÊS DE MAIO/2026.";;;0;1545;0,00;0,00;Empenho;5.441,48;0,00;0,00;0,00
[21045-20260480];1;21045;20260480;2900;2900;2026;21045.1;03/07/2026;11663091000161;ACCEI - CMEI PEQUENO PRÍNCIPE;2.332,06;2.332,06;"VALOR LIQUIDADO REFERENTE A: VALOR EMPENHADO REFERENTE A: REPASSE DESTINADO AO CUSTEIO DAS DESPESAS DE GESTÃO ESCOLAR, EM CONFORMIDADE COM A LEI Nº 1.256, DE 22 DE DEZEMBRO DE 2003, E SUAS ALTERAÇÕES PROMOVIDAS PELAS LEIS Nº 2.309, DE 09 DE MAIO DE 2017; Nº 3.067, DE 03 DE ABRIL DE 2024; E Nº 3.297, DE 13 DE NOVEMBRO DE 2025, BEM COMO PELA PORTARIA GAB/SEMED Nº 0340, DE 25 DE NOVEMBRO DE 2026. EMPENHO E LIQUIDAÇÃO REFERENTE AO MÊS DE MAIO/2026.";;;0;1545;0,00;0,00;Liquidação;2.332,06;0,00;;2.332,06
[21045-20260480];0;21045;20260480;2900;2900;2026;21045;03/07/2026;11663091000161;ACCEI - CMEI PEQUENO PRÍNCIPE;2.332,06;0,00;"VALOR EMPENHADO REFERENTE A: VALOR EMPENHADO REFERENTE A: REPASSE DESTINADO AO CUSTEIO DAS DESPESAS DE GESTÃO ESCOLAR, EM CONFORMIDADE COM A LEI Nº 1.256, DE 22 DE DEZEMBRO DE 2003, E SUAS ALTERAÇÕES PROMOVIDAS PELAS LEIS Nº 2.309, DE 09 DE MAIO DE 2017; Nº 3.067, DE 03 DE ABRIL DE 2024; E Nº 3.297, DE 13 DE NOVEMBRO DE 2025, BEM COMO PELA PORTARIA GAB/SEMED Nº 0340, DE 25 DE NOVEMBRO DE 2026. EMPENHO E LIQUIDAÇÃO REFERENTE AO MÊS DE MAIO/2026.";;;0;1545;0,00;0,00;Empenho;2.332,06;0,00;0,00;0,00
[21044-20260481];1;21044;20260481;2900;2900;2026;21044.1;03/07/2026;11663091000161;ACCEI - CMEI PEQUENO PRÍNCIPE;2.548,12;2.548,12;"VALOR LIQUIDADO REFERENTE A: REPASSE DESTINADO AO CUSTEIO DAS DESPESAS DE GESTÃO ESCOLAR, EM CONFORMIDADE COM A LEI Nº 1.256, DE 22 DE DEZEMBRO DE 2003, E SUAS ALTERAÇÕES PROMOVIDAS PELAS LEIS Nº 2.309, DE 09 DE MAIO DE 2017; Nº 3.067, DE 03 DE ABRIL DE 2024; E Nº 3.297, DE 13 DE NOVEMBRO DE 2025, BEM COMO PELA PORTARIA GAB/SEMED Nº 0340, DE 25 DE NOVEMBRO DE 2026. EMPENHO E LIQUIDAÇÃO REFERENTE AO MÊS DE MAIO/2026.";;;0;1545;0,00;0,00;Liquidação;2.548,12;0,00;;2.548,12
[21044-20260481];0;21044;20260481;2900;2900;2026;21044;03/07/2026;11663091000161;ACCEI - CMEI PEQUENO PRÍNCIPE;2.548,12;0,00;"VALOR EMPENHADO REFERENTE A: REPASSE DESTINADO AO CUSTEIO DAS DESPESAS DE GESTÃO ESCOLAR, EM CONFORMIDADE COM A LEI Nº 1.256, DE 22 DE DEZEMBRO DE 2003, E SUAS ALTERAÇÕES PROMOVIDAS PELAS LEIS Nº 2.309, DE 09 DE MAIO DE 2017; Nº 3.067, DE 03 DE ABRIL DE 2024; E Nº 3.297, DE 13 DE NOVEMBRO DE 2025, BEM COMO PELA PORTARIA GAB/SEMED Nº 0340, DE 25 DE NOVEMBRO DE 2026. EMPENHO E LIQUIDAÇÃO REFERENTE AO MÊS DE MAIO/2026.";;;0;1545;0,00;0,00;Empenho;2.548,12;0,00;0,00;0,00
[21043-20260480];1;21043;20260480;2900;2900;2026;21043.1;03/07/2026;11663091000161;ACCEI - CMEI PEQUENO PRÍNCIPE;1.092,05;1.092,05;"REPASSE DESTINADO AO CUSTEIO DAS DESPESAS DE GESTÃO ESCOLAR, EM CONFORMIDADE COM A LEI Nº 1.256, DE 22 DE DEZEMBRO DE 2003, E SUAS ALTERAÇÕES PROMOVIDAS PELAS LEIS Nº 2.309, DE 09 DE MAIO DE 2017; Nº 3.067, DE 03 DE ABRIL DE 2024; E Nº 3.297, DE 13 DE NOVEMBRO DE 2025, BEM COMO PELA PORTARIA GAB/SEMED Nº 0340, DE 25 DE NOVEMBRO DE 2026. EMPENHO E LIQUIDAÇÃO REFERENTE AO MÊS DE MAIO/2026.";;;0;1545;0,00;0,00;Liquidação;1.092,05;0,00;;1.092,05
[21043-20260480];0;21043;20260480;2900;2900;2026;21043;03/07/2026;11663091000161;ACCEI - CMEI PEQUENO PRÍNCIPE;1.092,05;0,00;"REPASSE DESTINADO AO CUSTEIO DAS DESPESAS DE GESTÃO ESCOLAR, EM CONFORMIDADE COM A LEI Nº 1.256, DE 22 DE DEZEMBRO DE 2003, E SUAS ALTERAÇÕES PROMOVIDAS PELAS LEIS Nº 2.309, DE 09 DE MAIO DE 2017; Nº 3.067, DE 03 DE ABRIL DE 2024; E Nº 3.297, DE 13 DE NOVEMBRO DE 2025, BEM COMO PELA PORTARIA GAB/SEMED Nº 0340, DE 25 DE NOVEMBRO DE 2026. EMPENHO E LIQUIDAÇÃO REFERENTE AO MÊS DE MAIO/2026.";;;0;1545;0,00;0,00;Empenho;1.092,05;0,00;0,00;0,00
[21042-20260481];1;21042;20260481;2900;2900;2026;21042.1;03/07/2026;18630072000188;ACCEI -CMEI PEQUENINOS DO CERRADO;3.008,43;3.008,43;"VALOR LIQUIDADO REFERENTE A: VALOR EMPENHADO REFERENTE A: VALOR EMPENHADO REFERENTE A: REPASSE DESTINADO AO CUSTEIO DAS DESPESAS DE GESTÃO ESCOLAR, EM CONFORMIDADE COM A LEI Nº 1.256, DE 22 DE DEZEMBRO DE 2003, E SUAS ALTERAÇÕES PROMOVIDAS PELAS LEIS Nº 2.309, DE 09 DE MAIO DE 2017; Nº 3.067, DE 03 DE ABRIL DE 2024; E Nº 3.297, DE 13 DE NOVEMBRO DE 2025, BEM COMO PELA PORTARIA GAB/SEMED Nº 0340, DE 25 DE NOVEMBRO DE 2026. EMPENHO E LIQUIDAÇÃO REFERENTE AO MÊS DE MAIO/2026";;;0;1545;0,00;0,00;Liquidação;3.008,43;0,00;;3.008,43
[21042-20260481];0;21042;20260481;2900;2900;2026;21042;03/07/2026;18630072000188;ACCEI -CMEI PEQUENINOS DO CERRADO;3.008,43;0,00;"VALOR EMPENHADO REFERENTE A: VALOR EMPENHADO REFERENTE A: VALOR EMPENHADO REFERENTE A: REPASSE DESTINADO AO CUSTEIO DAS DESPESAS DE GESTÃO ESCOLAR, EM CONFORMIDADE COM A LEI Nº 1.256, DE 22 DE DEZEMBRO DE 2003, E SUAS ALTERAÇÕES PROMOVIDAS PELAS LEIS Nº 2.309, DE 09 DE MAIO DE 2017; Nº 3.067, DE 03 DE ABRIL DE 2024; E Nº 3.297, DE 13 DE NOVEMBRO DE 2025, BEM COMO PELA PORTARIA GAB/SEMED Nº 0340, DE 25 DE NOVEMBRO DE 2026. EMPENHO E LIQUIDAÇÃO REFERENTE AO MÊS DE MAIO/2026";;;0;1545;0,00;0,00;Empenho;3.008,43;0,00;0,00;0,00
[21041-20260480];1;21041;20260480;2900;2900;2026;21041.1;03/07/2026;18630072000188;ACCEI -CMEI PEQUENINOS DO CERRADO;1.289,33;1.289,33;"VALOR LIQUIDADO REFERENTE A: VALOR EMPENHADO REFERENTE A: REPASSE DESTINADO AO CUSTEIO DAS DESPESAS DE GESTÃO ESCOLAR, EM CONFORMIDADE COM A LEI Nº 1.256, DE 22 DE DEZEMBRO DE 2003, E SUAS ALTERAÇÕES PROMOVIDAS PELAS LEIS Nº 2.309, DE 09 DE MAIO DE 2017; Nº 3.067, DE 03 DE ABRIL DE 2024; E Nº 3.297, DE 13 DE NOVEMBRO DE 2025, BEM COMO PELA PORTARIA GAB/SEMED Nº 0340, DE 25 DE NOVEMBRO DE 2026. EMPENHO E LIQUIDAÇÃO REFERENTE AO MÊS DE MAIO/2026";;;0;1545;0,00;0,00;Liquidação;1.289,33;0,00;;1.289,33
[21041-20260480];0;21041;20260480;2900;2900;2026;21041;03/07/2026;18630072000188;ACCEI -CMEI PEQUENINOS DO CERRADO;1.289,33;0,00;"VALOR EMPENHADO REFERENTE A: VALOR EMPENHADO REFERENTE A: REPASSE DESTINADO AO CUSTEIO DAS DESPESAS DE GESTÃO ESCOLAR, EM CONFORMIDADE COM A LEI Nº 1.256, DE 22 DE DEZEMBRO DE 2003, E SUAS ALTERAÇÕES PROMOVIDAS PELAS LEIS Nº 2.309, DE 09 DE MAIO DE 2017; Nº 3.067, DE 03 DE ABRIL DE 2024; E Nº 3.297, DE 13 DE NOVEMBRO DE 2025, BEM COMO PELA PORTARIA GAB/SEMED Nº 0340, DE 25 DE NOVEMBRO DE 2026. EMPENHO E LIQUIDAÇÃO REFERENTE AO MÊS DE MAIO/2026";;;0;1545;0,00;0,00;Empenho;1.289,33;0,00;0,00;0,00
[21040-20260481];1;21040;20260481;2900;2900;2026;21040.1;03/07/2026;18630072000188;ACCEI -CMEI PEQUENINOS DO CERRADO;2.678,52;2.678,52;"VALOR LIQUIDADO REFERENTE A: REPASSE DESTINADO AO CUSTEIO DAS DESPESAS DE GESTÃO ESCOLAR, EM CONFORMIDADE COM A LEI Nº 1.256, DE 22 DE DEZEMBRO DE 2003, E SUAS ALTERAÇÕES PROMOVIDAS PELAS LEIS Nº 2.309, DE 09 DE MAIO DE 2017; Nº 3.067, DE 03 DE ABRIL DE 2024; E Nº 3.297, DE 13 DE NOVEMBRO DE 2025, BEM COMO PELA PORTARIA GAB/SEMED Nº 0340, DE 25 DE NOVEMBRO DE 2026. EMPENHO E LIQUIDAÇÃO REFERENTE AO MÊS DE MAIO/2026";;;0;1545;0,00;0,00;Liquidação;2.678,52;0,00;;2.678,52
[21040-20260481];0;21040;20260481;2900;2900;2026;21040;03/07/2026;18630072000188;ACCEI -CMEI PEQUENINOS DO CERRADO;2.678,52;0,00;"VALOR EMPENHADO REFERENTE A: REPASSE DESTINADO AO CUSTEIO DAS DESPESAS DE GESTÃO ESCOLAR, EM CONFORMIDADE COM A LEI Nº 1.256, DE 22 DE DEZEMBRO DE 2003, E SUAS ALTERAÇÕES PROMOVIDAS PELAS LEIS Nº 2.309, DE 09 DE MAIO DE 2017; Nº 3.067, DE 03 DE ABRIL DE 2024; E Nº 3.297, DE 13 DE NOVEMBRO DE 2025, BEM COMO PELA PORTARIA GAB/SEMED Nº 0340, DE 25 DE NOVEMBRO DE 2026. EMPENHO E LIQUIDAÇÃO REFERENTE AO MÊS DE MAIO/2026";;;0;1545;0,00;0,00;Empenho;2.678,52;0,00;0,00;0,00
[21039-20260480];1;21039;20260480;2900;2900;2026;21039.1;03/07/2026;18630072000188;ACCEI -CMEI PEQUENINOS DO CERRADO;1.147,94;1.147,94;"REPASSE DESTINADO AO CUSTEIO DAS DESPESAS DE GESTÃO ESCOLAR, EM CONFORMIDADE COM A LEI Nº 1.256, DE 22 DE DEZEMBRO DE 2003, E SUAS ALTERAÇÕES PROMOVIDAS PELAS LEIS Nº 2.309, DE 09 DE MAIO DE 2017; Nº 3.067, DE 03 DE ABRIL DE 2024; E Nº 3.297, DE 13 DE NOVEMBRO DE 2025, BEM COMO PELA PORTARIA GAB/SEMED Nº 0340, DE 25 DE NOVEMBRO DE 2026. EMPENHO E LIQUIDAÇÃO REFERENTE AO MÊS DE MAIO/2026";;;0;1545;0,00;0,00;Liquidação;1.147,94;0,00;;1.147,94
[21039-20260480];0;21039;20260480;2900;2900;2026;21039;03/07/2026;18630072000188;ACCEI -CMEI PEQUENINOS DO CERRADO;1.147,94;0,00;"REPASSE DESTINADO AO CUSTEIO DAS DESPESAS DE GESTÃO ESCOLAR, EM CONFORMIDADE COM A LEI Nº 1.256, DE 22 DE DEZEMBRO DE 2003, E SUAS ALTERAÇÕES PROMOVIDAS PELAS LEIS Nº 2.309, DE 09 DE MAIO DE 2017; Nº 3.067, DE 03 DE ABRIL DE 2024; E Nº 3.297, DE 13 DE NOVEMBRO DE 2025, BEM COMO PELA PORTARIA GAB/SEMED Nº 0340, DE 25 DE NOVEMBRO DE 2026. EMPENHO E LIQUIDAÇÃO REFERENTE AO MÊS DE MAIO/2026";;;0;1545;0,00;0,00;Empenho;1.147,94;0,00;0,00;0,00
[21038-20260481];1;21038;20260481;2900;2900;2026;21038.1;03/07/2026;10379047000161;ACCEI - CMEI PARAISO INFANTIL;4.751,02;4.751,02;"VALOR LIQUIDADO REFERENTE A: VALOR EMPENHADO REFERENTE A: VALOR EMPENHADO REFERENTE A: REPASSE DESTINADO AO CUSTEIO DAS DESPESAS DE GESTÃO ESCOLAR, EM CONFORMIDADE COM A LEI Nº 1.256, DE 22 DE DEZEMBRO DE 2003, E SUAS ALTERAÇÕES PROMOVIDAS PELAS LEIS Nº 2.309, DE 09 DE MAIO DE 2017; Nº 3.067, DE 03 DE ABRIL DE 2024; E Nº 3.297, DE 13 DE NOVEMBRO DE 2025, BEM COMO PELA PORTARIA GAB/SEMED Nº 0340, DE 25 DE NOVEMBRO DE 2026. EMPENHO E LIQUIDAÇÃO REFERENTE AO MÊS DE MAIO/2026.";;;0;1545;0,00;0,00;Liquidação;4.751,02;0,00;;4.751,02
[21038-20260481];0;21038;20260481;2900;2900;2026;21038;03/07/2026;10379047000161;ACCEI - CMEI PARAISO INFANTIL;4.751,02;0,00;"VALOR EMPENHADO REFERENTE A: VALOR EMPENHADO REFERENTE A: VALOR EMPENHADO REFERENTE A: REPASSE DESTINADO AO CUSTEIO DAS DESPESAS DE GESTÃO ESCOLAR, EM CONFORMIDADE COM A LEI Nº 1.256, DE 22 DE DEZEMBRO DE 2003, E SUAS ALTERAÇÕES PROMOVIDAS PELAS LEIS Nº 2.309, DE 09 DE MAIO DE 2017; Nº 3.067, DE 03 DE ABRIL DE 2024; E Nº 3.297, DE 13 DE NOVEMBRO DE 2025, BEM COMO PELA PORTARIA GAB/SEMED Nº 0340, DE 25 DE NOVEMBRO DE 2026. EMPENHO E LIQUIDAÇÃO REFERENTE AO MÊS DE MAIO/2026.";;;0;1545;0,00;0,00;Empenho;4.751,02;0,00;0,00;0,00
[21037-20260480];1;21037;20260480;2900;2900;2026;21037.1;03/07/2026;10379047000161;ACCEI - CMEI PARAISO INFANTIL;2.036,15;2.036,15;"VALOR LIQUIDADO REFERENTE A: VALOR EMPENHADO REFERENTE A: REPASSE DESTINADO AO CUSTEIO DAS DESPESAS DE GESTÃO ESCOLAR, EM CONFORMIDADE COM A LEI Nº 1.256, DE 22 DE DEZEMBRO DE 2003, E SUAS ALTERAÇÕES PROMOVIDAS PELAS LEIS Nº 2.309, DE 09 DE MAIO DE 2017; Nº 3.067, DE 03 DE ABRIL DE 2024; E Nº 3.297, DE 13 DE NOVEMBRO DE 2025, BEM COMO PELA PORTARIA GAB/SEMED Nº 0340, DE 25 DE NOVEMBRO DE 2026. EMPENHO E LIQUIDAÇÃO REFERENTE AO MÊS DE MAIO/2026.";;;0;1545;0,00;0,00;Liquidação;2.036,15;0,00;;2.036,15
[21037-20260480];0;21037;20260480;2900;2900;2026;21037;03/07/2026;10379047000161;ACCEI - CMEI PARAISO INFANTIL;2.036,15;0,00;"VALOR EMPENHADO REFERENTE A: VALOR EMPENHADO REFERENTE A: REPASSE DESTINADO AO CUSTEIO DAS DESPESAS DE GESTÃO ESCOLAR, EM CONFORMIDADE COM A LEI Nº 1.256, DE 22 DE DEZEMBRO DE 2003, E SUAS ALTERAÇÕES PROMOVIDAS PELAS LEIS Nº 2.309, DE 09 DE MAIO DE 2017; Nº 3.067, DE 03 DE ABRIL DE 2024; E Nº 3.297, DE 13 DE NOVEMBRO DE 2025, BEM COMO PELA PORTARIA GAB/SEMED Nº 0340, DE 25 DE NOVEMBRO DE 2026. EMPENHO E LIQUIDAÇÃO REFERENTE AO MÊS DE MAIO/2026.";;;0;1545;0,00;0,00;Empenho;2.036,15;0,00;0,00;0,00
[21036-20260481];1;21036;20260481;2900;2900;2026;21036.1;03/07/2026;10379047000161;ACCEI - CMEI PARAISO INFANTIL;2.137,14;2.137,14;"VALOR LIQUIDADO REFERENTE A: REPASSE DESTINADO AO CUSTEIO DAS DESPESAS DE GESTÃO ESCOLAR, EM CONFORMIDADE COM A LEI Nº 1.256, DE 22 DE DEZEMBRO DE 2003, E SUAS ALTERAÇÕES PROMOVIDAS PELAS LEIS Nº 2.309, DE 09 DE MAIO DE 2017; Nº 3.067, DE 03 DE ABRIL DE 2024; E Nº 3.297, DE 13 DE NOVEMBRO DE 2025, BEM COMO PELA PORTARIA GAB/SEMED Nº 0340, DE 25 DE NOVEMBRO DE 2026. EMPENHO E LIQUIDAÇÃO REFERENTE AO MÊS DE MAIO/2026.";;;0;1545;0,00;0,00;Liquidação;2.137,14;0,00;;2.137,14
[21036-20260481];0;21036;20260481;2900;2900;2026;21036;03/07/2026;10379047000161;ACCEI - CMEI PARAISO INFANTIL;2.137,14;0,00;"VALOR EMPENHADO REFERENTE A: REPASSE DESTINADO AO CUSTEIO DAS DESPESAS DE GESTÃO ESCOLAR, EM CONFORMIDADE COM A LEI Nº 1.256, DE 22 DE DEZEMBRO DE 2003, E SUAS ALTERAÇÕES PROMOVIDAS PELAS LEIS Nº 2.309, DE 09 DE MAIO DE 2017; Nº 3.067, DE 03 DE ABRIL DE 2024; E Nº 3.297, DE 13 DE NOVEMBRO DE 2025, BEM COMO PELA PORTARIA GAB/SEMED Nº 0340, DE 25 DE NOVEMBRO DE 2026. EMPENHO E LIQUIDAÇÃO REFERENTE AO MÊS DE MAIO/2026.";;;0;1545;0,00;0,00;Empenho;2.137,14;0,00;0,00;0,00
[21035-20260480];1;21035;20260480;2900;2900;2026;21035.1;03/07/2026;10379047000161;ACCEI - CMEI PARAISO INFANTIL;915,92;915,92;"REPASSE DESTINADO AO CUSTEIO DAS DESPESAS DE GESTÃO ESCOLAR, EM CONFORMIDADE COM A LEI Nº 1.256, DE 22 DE DEZEMBRO DE 2003, E SUAS ALTERAÇÕES PROMOVIDAS PELAS LEIS Nº 2.309, DE 09 DE MAIO DE 2017; Nº 3.067, DE 03 DE ABRIL DE 2024; E Nº 3.297, DE 13 DE NOVEMBRO DE 2025, BEM COMO PELA PORTARIA GAB/SEMED Nº 0340, DE 25 DE NOVEMBRO DE 2026. EMPENHO E LIQUIDAÇÃO REFERENTE AO MÊS DE MAIO/2026.";;;0;1545;0,00;0,00;Liquidação;915,92;0,00;;915,92
[21035-20260480];0;21035;20260480;2900;2900;2026;21035;03/07/2026;10379047000161;ACCEI - CMEI PARAISO INFANTIL;915,92;0,00;"REPASSE DESTINADO AO CUSTEIO DAS DESPESAS DE GESTÃO ESCOLAR, EM CONFORMIDADE COM A LEI Nº 1.256, DE 22 DE DEZEMBRO DE 2003, E SUAS ALTERAÇÕES PROMOVIDAS PELAS LEIS Nº 2.309, DE 09 DE MAIO DE 2017; Nº 3.067, DE 03 DE ABRIL DE 2024; E Nº 3.297, DE 13 DE NOVEMBRO DE 2025, BEM COMO PELA PORTARIA GAB/SEMED Nº 0340, DE 25 DE NOVEMBRO DE 2026. EMPENHO E LIQUIDAÇÃO REFERENTE AO MÊS DE MAIO/2026.";;;0;1545;0,00;0,00;Empenho;915,92;0,00;0,00;0,00
[21034-20260481];1;21034;20260481;2900;2900;2026;21034.1;03/07/2026;39276194000198;ACCEI - CMEI MUNDO FELIZ;1.939,86;1.939,86;"VALOR LIQUIDADO REFERENTE A: VALOR EMPENHADO REFERENTE A: VALOR EMPENHADO REFERENTE A: REPASSE DESTINADO AO CUSTEIO DAS DESPESAS DE GESTÃO ESCOLAR, EM CONFORMIDADE COM A LEI Nº 1.256, DE 22 DE DEZEMBRO DE 2003, E SUAS ALTERAÇÕES PROMOVIDAS PELAS LEIS Nº 2.309, DE 09 DE MAIO DE 2017; Nº 3.067, DE 03 DE ABRIL DE 2024; E Nº 3.297, DE 13 DE NOVEMBRO DE 2025, BEM COMO PELA PORTARIA GAB/SEMED Nº 0340, DE 25 DE NOVEMBRO DE 2026. EMPENHO E LIQUIDAÇÃO REFERENTE AO MÊS DE MAIO/2026.";;;0;1545;0,00;0,00;Liquidação;1.939,86;0,00;;1.939,86
[21034-20260481];0;21034;20260481;2900;2900;2026;21034;03/07/2026;39276194000198;ACCEI - CMEI MUNDO FELIZ;1.939,86;0,00;"VALOR EMPENHADO REFERENTE A: VALOR EMPENHADO REFERENTE A: VALOR EMPENHADO REFERENTE A: REPASSE DESTINADO AO CUSTEIO DAS DESPESAS DE GESTÃO ESCOLAR, EM CONFORMIDADE COM A LEI Nº 1.256, DE 22 DE DEZEMBRO DE 2003, E SUAS ALTERAÇÕES PROMOVIDAS PELAS LEIS Nº 2.309, DE 09 DE MAIO DE 2017; Nº 3.067, DE 03 DE ABRIL DE 2024; E Nº 3.297, DE 13 DE NOVEMBRO DE 2025, BEM COMO PELA PORTARIA GAB/SEMED Nº 0340, DE 25 DE NOVEMBRO DE 2026. EMPENHO E LIQUIDAÇÃO REFERENTE AO MÊS DE MAIO/2026.";;;0;1545;0,00;0,00;Empenho;1.939,86;0,00;0,00;0,00
[21033-20260480];1;21033;20260480;2900;2900;2026;21033.1;03/07/2026;39276194000198;ACCEI - CMEI MUNDO FELIZ;831,37;831,37;"VALOR LIQUIDADO REFERENTE A: VALOR EMPENHADO REFERENTE A: REPASSE DESTINADO AO CUSTEIO DAS DESPESAS DE GESTÃO ESCOLAR, EM CONFORMIDADE COM A LEI Nº 1.256, DE 22 DE DEZEMBRO DE 2003, E SUAS ALTERAÇÕES PROMOVIDAS PELAS LEIS Nº 2.309, DE 09 DE MAIO DE 2017; Nº 3.067, DE 03 DE ABRIL DE 2024; E Nº 3.297, DE 13 DE NOVEMBRO DE 2025, BEM COMO PELA PORTARIA GAB/SEMED Nº 0340, DE 25 DE NOVEMBRO DE 2026. EMPENHO E LIQUIDAÇÃO REFERENTE AO MÊS DE MAIO/2026.";;;0;1545;0,00;0,00;Liquidação;831,37;0,00;;831,37
[21033-20260480];0;21033;20260480;2900;2900;2026;21033;03/07/2026;39276194000198;ACCEI - CMEI MUNDO FELIZ;831,37;0,00;"VALOR EMPENHADO REFERENTE A: VALOR EMPENHADO REFERENTE A: REPASSE DESTINADO AO CUSTEIO DAS DESPESAS DE GESTÃO ESCOLAR, EM CONFORMIDADE COM A LEI Nº 1.256, DE 22 DE DEZEMBRO DE 2003, E SUAS ALTERAÇÕES PROMOVIDAS PELAS LEIS Nº 2.309, DE 09 DE MAIO DE 2017; Nº 3.067, DE 03 DE ABRIL DE 2024; E Nº 3.297, DE 13 DE NOVEMBRO DE 2025, BEM COMO PELA PORTARIA GAB/SEMED Nº 0340, DE 25 DE NOVEMBRO DE 2026. EMPENHO E LIQUIDAÇÃO REFERENTE AO MÊS DE MAIO/2026.";;;0;1545;0,00;0,00;Empenho;831,37;0,00;0,00;0,00
[21032-20260481];1;21032;20260481;2900;2900;2026;21032.1;03/07/2026;39276194000198;ACCEI - CMEI MUNDO FELIZ;6.980,65;6.980,65;"VALOR LIQUIDADO REFERENTE A: REPASSE DESTINADO AO CUSTEIO DAS DESPESAS DE GESTÃO ESCOLAR, EM CONFORMIDADE COM A LEI Nº 1.256, DE 22 DE DEZEMBRO DE 2003, E SUAS ALTERAÇÕES PROMOVIDAS PELAS LEIS Nº 2.309, DE 09 DE MAIO DE 2017; Nº 3.067, DE 03 DE ABRIL DE 2024; E Nº 3.297, DE 13 DE NOVEMBRO DE 2025, BEM COMO PELA PORTARIA GAB/SEMED Nº 0340, DE 25 DE NOVEMBRO DE 2026. EMPENHO E LIQUIDAÇÃO REFERENTE AO MÊS DE MAIO/2026.";;;0;1545;0,00;0,00;Liquidação;6.980,65;0,00;;6.980,65
[21032-20260481];0;21032;20260481;2900;2900;2026;21032;03/07/2026;39276194000198;ACCEI - CMEI MUNDO FELIZ;6.980,65;0,00;"VALOR EMPENHADO REFERENTE A: REPASSE DESTINADO AO CUSTEIO DAS DESPESAS DE GESTÃO ESCOLAR, EM CONFORMIDADE COM A LEI Nº 1.256, DE 22 DE DEZEMBRO DE 2003, E SUAS ALTERAÇÕES PROMOVIDAS PELAS LEIS Nº 2.309, DE 09 DE MAIO DE 2017; Nº 3.067, DE 03 DE ABRIL DE 2024; E Nº 3.297, DE 13 DE NOVEMBRO DE 2025, BEM COMO PELA PORTARIA GAB/SEMED Nº 0340, DE 25 DE NOVEMBRO DE 2026. EMPENHO E LIQUIDAÇÃO REFERENTE AO MÊS DE MAIO/2026.";;;0;1545;0,00;0,00;Empenho;6.980,65;0,00;0,00;0,00
[21031-20260480];1;21031;20260480;2900;2900;2026;21031.1;03/07/2026;39276194000198;ACCEI - CMEI MUNDO FELIZ;2.991,71;2.991,71;"REPASSE DESTINADO AO CUSTEIO DAS DESPESAS DE GESTÃO ESCOLAR, EM CONFORMIDADE COM A LEI Nº 1.256, DE 22 DE DEZEMBRO DE 2003, E SUAS ALTERAÇÕES PROMOVIDAS PELAS LEIS Nº 2.309, DE 09 DE MAIO DE 2017; Nº 3.067, DE 03 DE ABRIL DE 2024; E Nº 3.297, DE 13 DE NOVEMBRO DE 2025, BEM COMO PELA PORTARIA GAB/SEMED Nº 0340, DE 25 DE NOVEMBRO DE 2026. EMPENHO E LIQUIDAÇÃO REFERENTE AO MÊS DE MAIO/2026.";;;0;1545;0,00;0,00;Liquidação;2.991,71;0,00;;2.991,71
[21031-20260480];0;21031;20260480;2900;2900;2026;21031;03/07/2026;39276194000198;ACCEI - CMEI MUNDO FELIZ;2.991,71;0,00;"REPASSE DESTINADO AO CUSTEIO DAS DESPESAS DE GESTÃO ESCOLAR, EM CONFORMIDADE COM A LEI Nº 1.256, DE 22 DE DEZEMBRO DE 2003, E SUAS ALTERAÇÕES PROMOVIDAS PELAS LEIS Nº 2.309, DE 09 DE MAIO DE 2017; Nº 3.067, DE 03 DE ABRIL DE 2024; E Nº 3.297, DE 13 DE NOVEMBRO DE 2025, BEM COMO PELA PORTARIA GAB/SEMED Nº 0340, DE 25 DE NOVEMBRO DE 2026. EMPENHO E LIQUIDAÇÃO REFERENTE AO MÊS DE MAIO/2026.";;;0;1545;0,00;0,00;Empenho;2.991,71;0,00;0,00;0,00
[21030-20260481];1;21030;20260481;2900;2900;2026;21030.1;03/07/2026;10461679000170;ACCEI - CMEI MATHEUS HENRIQUE DE CASTRO DOS SANTOS;4.224,95;4.224,95;"VALOR LIQUIDADO REFERENTE A: VALOR EMPENHADO REFERENTE A: VALOR EMPENHADO REFERENTE A: REPASSE DESTINADO AO CUSTEIO DAS DESPESAS DE GESTÃO ESCOLAR, EM CONFORMIDADE COM A LEI Nº 1.256, DE 22 DE DEZEMBRO DE 2003, E SUAS ALTERAÇÕES PROMOVIDAS PELAS LEIS Nº 2.309, DE 09 DE MAIO DE 2017; Nº 3.067, DE 03 DE ABRIL DE 2024; E Nº 3.297, DE 13 DE NOVEMBRO DE 2025, BEM COMO PELA PORTARIA GAB/SEMED Nº 0340, DE 25 DE NOVEMBRO DE 2026. EMPENHO E LIQUIDAÇÃO REFERENTE AO MÊS DE MAIO/2026.";;;0;1545;0,00;0,00;Liquidação;4.224,95;0,00;;4.224,95
[21030-20260481];0;21030;20260481;2900;2900;2026;21030;03/07/2026;10461679000170;ACCEI - CMEI MATHEUS HENRIQUE DE CASTRO DOS SANTOS;4.224,95;0,00;"VALOR EMPENHADO REFERENTE A: VALOR EMPENHADO REFERENTE A: VALOR EMPENHADO REFERENTE A: REPASSE DESTINADO AO CUSTEIO DAS DESPESAS DE GESTÃO ESCOLAR, EM CONFORMIDADE COM A LEI Nº 1.256, DE 22 DE DEZEMBRO DE 2003, E SUAS ALTERAÇÕES PROMOVIDAS PELAS LEIS Nº 2.309, DE 09 DE MAIO DE 2017; Nº 3.067, DE 03 DE ABRIL DE 2024; E Nº 3.297, DE 13 DE NOVEMBRO DE 2025, BEM COMO PELA PORTARIA GAB/SEMED Nº 0340, DE 25 DE NOVEMBRO DE 2026. EMPENHO E LIQUIDAÇÃO REFERENTE AO MÊS DE MAIO/2026.";;;0;1545;0,00;0,00;Empenho;4.224,95;0,00;0,00;0,00
[21029-20260480];1;21029;20260480;2900;2900;2026;21029.1;03/07/2026;10461679000170;ACCEI - CMEI MATHEUS HENRIQUE DE CASTRO DOS SANTOS;1.810,69;1.810,69;"VALOR LIQUIDADO REFERENTE A: VALOR EMPENHADO REFERENTE A: REPASSE DESTINADO AO CUSTEIO DAS DESPESAS DE GESTÃO ESCOLAR, EM CONFORMIDADE COM A LEI Nº 1.256, DE 22 DE DEZEMBRO DE 2003, E SUAS ALTERAÇÕES PROMOVIDAS PELAS LEIS Nº 2.309, DE 09 DE MAIO DE 2017; Nº 3.067, DE 03 DE ABRIL DE 2024; E Nº 3.297, DE 13 DE NOVEMBRO DE 2025, BEM COMO PELA PORTARIA GAB/SEMED Nº 0340, DE 25 DE NOVEMBRO DE 2026. EMPENHO E LIQUIDAÇÃO REFERENTE AO MÊS DE MAIO/2026.";;;0;1545;0,00;0,00;Liquidação;1.810,69;0,00;;1.810,69
[21029-20260480];0;21029;20260480;2900;2900;2026;21029;03/07/2026;10461679000170;ACCEI - CMEI MATHEUS HENRIQUE DE CASTRO DOS SANTOS;1.810,69;0,00;"VALOR EMPENHADO REFERENTE A: VALOR EMPENHADO REFERENTE A: REPASSE DESTINADO AO CUSTEIO DAS DESPESAS DE GESTÃO ESCOLAR, EM CONFORMIDADE COM A LEI Nº 1.256, DE 22 DE DEZEMBRO DE 2003, E SUAS ALTERAÇÕES PROMOVIDAS PELAS LEIS Nº 2.309, DE 09 DE MAIO DE 2017; Nº 3.067, DE 03 DE ABRIL DE 2024; E Nº 3.297, DE 13 DE NOVEMBRO DE 2025, BEM COMO PELA PORTARIA GAB/SEMED Nº 0340, DE 25 DE NOVEMBRO DE 2026. EMPENHO E LIQUIDAÇÃO REFERENTE AO MÊS DE MAIO/2026.";;;0;1545;0,00;0,00;Empenho;1.810,69;0,00;0,00;0,00
[21028-20260480];1;21028;20260480;2900;2900;2026;21028.1;03/07/2026;10461679000170;ACCEI - CMEI MATHEUS HENRIQUE DE CASTRO DOS SANTOS;2.646,76;2.646,76;"VALOR LIQUIDADO REFERENTE A: REPASSE DESTINADO AO CUSTEIO DAS DESPESAS DE GESTÃO ESCOLAR, EM CONFORMIDADE COM A LEI Nº 1.256, DE 22 DE DEZEMBRO DE 2003, E SUAS ALTERAÇÕES PROMOVIDAS PELAS LEIS Nº 2.309, DE 09 DE MAIO DE 2017; Nº 3.067, DE 03 DE ABRIL DE 2024; E Nº 3.297, DE 13 DE NOVEMBRO DE 2025, BEM COMO PELA PORTARIA GAB/SEMED Nº 0340, DE 25 DE NOVEMBRO DE 2026. EMPENHO E LIQUIDAÇÃO REFERENTE AO MÊS DE MAIO/2026.";;;0;1545;0,00;0,00;Liquidação;2.646,76;0,00;;2.646,76
[21028-20260480];0;21028;20260480;2900;2900;2026;21028;03/07/2026;10461679000170;ACCEI - CMEI MATHEUS HENRIQUE DE CASTRO DOS SANTOS;2.646,76;0,00;"VALOR EMPENHADO REFERENTE A: REPASSE DESTINADO AO CUSTEIO DAS DESPESAS DE GESTÃO ESCOLAR, EM CONFORMIDADE COM A LEI Nº 1.256, DE 22 DE DEZEMBRO DE 2003, E SUAS ALTERAÇÕES PROMOVIDAS PELAS LEIS Nº 2.309, DE 09 DE MAIO DE 2017; Nº 3.067, DE 03 DE ABRIL DE 2024; E Nº 3.297, DE 13 DE NOVEMBRO DE 2025, BEM COMO PELA PORTARIA GAB/SEMED Nº 0340, DE 25 DE NOVEMBRO DE 2026. EMPENHO E LIQUIDAÇÃO REFERENTE AO MÊS DE MAIO/2026.";;;0;1545;0,00;0,00;Empenho;2.646,76;0,00;0,00;0,00
[21027-20260480];1;21027;20260480;2900;2900;2026;21027.1;03/07/2026;10461679000170;ACCEI - CMEI MATHEUS HENRIQUE DE CASTRO DOS SANTOS;1.134,33;1.134,33;"REPASSE DESTINADO AO CUSTEIO DAS DESPESAS DE GESTÃO ESCOLAR, EM CONFORMIDADE COM A LEI Nº 1.256, DE 22 DE DEZEMBRO DE 2003, E SUAS ALTERAÇÕES PROMOVIDAS PELAS LEIS Nº 2.309, DE 09 DE MAIO DE 2017; Nº 3.067, DE 03 DE ABRIL DE 2024; E Nº 3.297, DE 13 DE NOVEMBRO DE 2025, BEM COMO PELA PORTARIA GAB/SEMED Nº 0340, DE 25 DE NOVEMBRO DE 2026. EMPENHO E LIQUIDAÇÃO REFERENTE AO MÊS DE MAIO/2026.";;;0;1545;0,00;0,00;Liquidação;1.134,33;0,00;;1.134,33
[21027-20260480];0;21027;20260480;2900;2900;2026;21027;03/07/2026;10461679000170;ACCEI - CMEI MATHEUS HENRIQUE DE CASTRO DOS SANTOS;1.134,33;0,00;"REPASSE DESTINADO AO CUSTEIO DAS DESPESAS DE GESTÃO ESCOLAR, EM CONFORMIDADE COM A LEI Nº 1.256, DE 22 DE DEZEMBRO DE 2003, E SUAS ALTERAÇÕES PROMOVIDAS PELAS LEIS Nº 2.309, DE 09 DE MAIO DE 2017; Nº 3.067, DE 03 DE ABRIL DE 2024; E Nº 3.297, DE 13 DE NOVEMBRO DE 2025, BEM COMO PELA PORTARIA GAB/SEMED Nº 0340, DE 25 DE NOVEMBRO DE 2026. EMPENHO E LIQUIDAÇÃO REFERENTE AO MÊS DE MAIO/2026.";;;0;1545;0,00;0,00;Empenho;1.134,33;0,00;0,00;0,00
[21026-20260481];1;21026;20260481;2900;2900;2026;21026.1;03/07/2026;12981736000177;ACE - LUCAS RUAN ARAUJO ALVES;3.879,72;3.879,72;"VALOR LIQUIDADO REFERENTE A: VALOR EMPENHADO REFERENTE A: VALOR EMPENHADO REFERENTE A: REPASSE DESTINADO AO CUSTEIO DAS DESPESAS DE GESTÃO ESCOLAR, EM CONFORMIDADE COM A LEI Nº 1.256, DE 22 DE DEZEMBRO DE 2003, E SUAS ALTERAÇÕES PROMOVIDAS PELAS LEIS Nº 2.309, DE 09 DE MAIO DE 2017; Nº 3.067, DE 03 DE ABRIL DE 2024; E Nº 3.297, DE 13 DE NOVEMBRO DE 2025, BEM COMO PELA PORTARIA GAB/SEMED Nº 0340, DE 25 DE NOVEMBRO DE 2026. EMPENHO E LIQUIDAÇÃO REFERENTE AO MÊS DE MAIO/2026.";;;0;1545;0,00;0,00;Liquidação;3.879,72;0,00;;3.879,72
[21026-20260481];0;21026;20260481;2900;2900;2026;21026;03/07/2026;12981736000177;ACE - LUCAS RUAN ARAUJO ALVES;3.879,72;0,00;"VALOR EMPENHADO REFERENTE A: VALOR EMPENHADO REFERENTE A: VALOR EMPENHADO REFERENTE A: REPASSE DESTINADO AO CUSTEIO DAS DESPESAS DE GESTÃO ESCOLAR, EM CONFORMIDADE COM A LEI Nº 1.256, DE 22 DE DEZEMBRO DE 2003, E SUAS ALTERAÇÕES PROMOVIDAS PELAS LEIS Nº 2.309, DE 09 DE MAIO DE 2017; Nº 3.067, DE 03 DE ABRIL DE 2024; E Nº 3.297, DE 13 DE NOVEMBRO DE 2025, BEM COMO PELA PORTARIA GAB/SEMED Nº 0340, DE 25 DE NOVEMBRO DE 2026. EMPENHO E LIQUIDAÇÃO REFERENTE AO MÊS DE MAIO/2026.";;;0;1545;0,00;0,00;Empenho;3.879,72;0,00;0,00;0,00
[21025-20260480];1;21025;20260480;2900;2900;2026;21025.1;03/07/2026;12981736000177;ACE - LUCAS RUAN ARAUJO ALVES;1.662,74;1.662,74;"VALOR LIQUIDADO REFERENTE A: VALOR EMPENHADO REFERENTE A: REPASSE DESTINADO AO CUSTEIO DAS DESPESAS DE GESTÃO ESCOLAR, EM CONFORMIDADE COM A LEI Nº 1.256, DE 22 DE DEZEMBRO DE 2003, E SUAS ALTERAÇÕES PROMOVIDAS PELAS LEIS Nº 2.309, DE 09 DE MAIO DE 2017; Nº 3.067, DE 03 DE ABRIL DE 2024; E Nº 3.297, DE 13 DE NOVEMBRO DE 2025, BEM COMO PELA PORTARIA GAB/SEMED Nº 0340, DE 25 DE NOVEMBRO DE 2026. EMPENHO E LIQUIDAÇÃO REFERENTE AO MÊS DE MAIO/2026.";;;0;1545;0,00;0,00;Liquidação;1.662,74;0,00;;1.662,74
[21025-20260480];0;21025;20260480;2900;2900;2026;21025;03/07/2026;12981736000177;ACE - LUCAS RUAN ARAUJO ALVES;1.662,74;0,00;"VALOR EMPENHADO REFERENTE A: VALOR EMPENHADO REFERENTE A: REPASSE DESTINADO AO CUSTEIO DAS DESPESAS DE GESTÃO ESCOLAR, EM CONFORMIDADE COM A LEI Nº 1.256, DE 22 DE DEZEMBRO DE 2003, E SUAS ALTERAÇÕES PROMOVIDAS PELAS LEIS Nº 2.309, DE 09 DE MAIO DE 2017; Nº 3.067, DE 03 DE ABRIL DE 2024; E Nº 3.297, DE 13 DE NOVEMBRO DE 2025, BEM COMO PELA PORTARIA GAB/SEMED Nº 0340, DE 25 DE NOVEMBRO DE 2026. EMPENHO E LIQUIDAÇÃO REFERENTE AO MÊS DE MAIO/2026.";;;0;1545;0,00;0,00;Empenho;1.662,74;0,00;0,00;0,00
[21024-20260481];1;21024;20260481;2900;2900;2026;21024.1;03/07/2026;12981736000177;ACE - LUCAS RUAN ARAUJO ALVES;2.334,41;2.334,41;"VALOR LIQUIDADO REFERENTE A: REPASSE DESTINADO AO CUSTEIO DAS DESPESAS DE GESTÃO ESCOLAR, EM CONFORMIDADE COM A LEI Nº 1.256, DE 22 DE DEZEMBRO DE 2003, E SUAS ALTERAÇÕES PROMOVIDAS PELAS LEIS Nº 2.309, DE 09 DE MAIO DE 2017; Nº 3.067, DE 03 DE ABRIL DE 2024; E Nº 3.297, DE 13 DE NOVEMBRO DE 2025, BEM COMO PELA PORTARIA GAB/SEMED Nº 0340, DE 25 DE NOVEMBRO DE 2026. EMPENHO E LIQUIDAÇÃO REFERENTE AO MÊS DE MAIO/2026.";;;0;1545;0,00;0,00;Liquidação;2.334,41;0,00;;2.334,41
[21024-20260481];0;21024;20260481;2900;2900;2026;21024;03/07/2026;12981736000177;ACE - LUCAS RUAN ARAUJO ALVES;2.334,41;0,00;"VALOR EMPENHADO REFERENTE A: REPASSE DESTINADO AO CUSTEIO DAS DESPESAS DE GESTÃO ESCOLAR, EM CONFORMIDADE COM A LEI Nº 1.256, DE 22 DE DEZEMBRO DE 2003, E SUAS ALTERAÇÕES PROMOVIDAS PELAS LEIS Nº 2.309, DE 09 DE MAIO DE 2017; Nº 3.067, DE 03 DE ABRIL DE 2024; E Nº 3.297, DE 13 DE NOVEMBRO DE 2025, BEM COMO PELA PORTARIA GAB/SEMED Nº 0340, DE 25 DE NOVEMBRO DE 2026. EMPENHO E LIQUIDAÇÃO REFERENTE AO MÊS DE MAIO/2026.";;;0;1545;0,00;0,00;Empenho;2.334,41;0,00;0,00;0,00
[21023-20260480];1;21023;20260480;2900;2900;2026;21023.1;03/07/2026;12981736000177;ACE - LUCAS RUAN ARAUJO ALVES;1.000,46;1.000,46;"REPASSE DESTINADO AO CUSTEIO DAS DESPESAS DE GESTÃO ESCOLAR, EM CONFORMIDADE COM A LEI Nº 1.256, DE 22 DE DEZEMBRO DE 2003, E SUAS ALTERAÇÕES PROMOVIDAS PELAS LEIS Nº 2.309, DE 09 DE MAIO DE 2017; Nº 3.067, DE 03 DE ABRIL DE 2024; E Nº 3.297, DE 13 DE NOVEMBRO DE 2025, BEM COMO PELA PORTARIA GAB/SEMED Nº 0340, DE 25 DE NOVEMBRO DE 2026. EMPENHO E LIQUIDAÇÃO REFERENTE AO MÊS DE MAIO/2026.";;;0;1545;0,00;0,00;Liquidação;1.000,46;0,00;;1.000,46
[21023-20260480];0;21023;20260480;2900;2900;2026;21023;03/07/2026;12981736000177;ACE - LUCAS RUAN ARAUJO ALVES;1.000,46;0,00;"REPASSE DESTINADO AO CUSTEIO DAS DESPESAS DE GESTÃO ESCOLAR, EM CONFORMIDADE COM A LEI Nº 1.256, DE 22 DE DEZEMBRO DE 2003, E SUAS ALTERAÇÕES PROMOVIDAS PELAS LEIS Nº 2.309, DE 09 DE MAIO DE 2017; Nº 3.067, DE 03 DE ABRIL DE 2024; E Nº 3.297, DE 13 DE NOVEMBRO DE 2025, BEM COMO PELA PORTARIA GAB/SEMED Nº 0340, DE 25 DE NOVEMBRO DE 2026. EMPENHO E LIQUIDAÇÃO REFERENTE AO MÊS DE MAIO/2026.";;;0;1545;0,00;0,00;Empenho;1.000,46;0,00;0,00;0,00
[21022-20260481];1;21022;20260481;2900;2900;2026;21022.1;03/07/2026;10506312000125;ACCEI - CMEI FONTES DO SABER;60,00;60,00;"REPASSE DESTINADO AO CUSTEIO DAS DESPESAS DE GESTÃO ESCOLAR, EM CONFORMIDADE COM A LEI Nº 1.256, DE 22 DE DEZEMBRO DE 2003, E SUAS ALTERAÇÕES PROMOVIDAS PELAS LEIS Nº 2.309, DE 09 DE MAIO DE 2017; Nº 3.067, DE 03 DE ABRIL DE 2024; E Nº 3.297, DE 13 DE NOVEMBRO DE 2025, BEM COMO PELA PORTARIA GAB/SEMED Nº 0340, DE 25 DE NOVEMBRO DE 2026. EMPENHO E LIQUIDAÇÃO REFERENTE A COMPLEMENTAÇÃO DA PARCELA DO MÊS DE ABRIL/2026.";;;0;1545;0,00;0,00;Liquidação;60,00;0,00;;60,00
[21022-20260481];0;21022;20260481;2900;2900;2026;21022;03/07/2026;10506312000125;ACCEI - CMEI FONTES DO SABER;60,00;0,00;"REPASSE DESTINADO AO CUSTEIO DAS DESPESAS DE GESTÃO ESCOLAR, EM CONFORMIDADE COM A LEI Nº 1.256, DE 22 DE DEZEMBRO DE 2003, E SUAS ALTERAÇÕES PROMOVIDAS PELAS LEIS Nº 2.309, DE 09 DE MAIO DE 2017; Nº 3.067, DE 03 DE ABRIL DE 2024; E Nº 3.297, DE 13 DE NOVEMBRO DE 2025, BEM COMO PELA PORTARIA GAB/SEMED Nº 0340, DE 25 DE NOVEMBRO DE 2026. EMPENHO E LIQUIDAÇÃO REFERENTE A COMPLEMENTAÇÃO DA PARCELA DO MÊS DE ABRIL/2026.";;;0;1545;0,00;0,00;Empenho;60,00;0,00;0,00;0,00
[21021-20260481];1;21021;20260481;2900;2900;2026;21021.1;03/07/2026;28545522000198;ACCEI - CMEI JOAO E MARIA;3.649,57;3.649,57;"VALOR LIQUIDADO REFERENTE A: VALOR EMPENHADO REFERENTE A: VALOR EMPENHADO REFERENTE A: REPASSE DESTINADO AO CUSTEIO DAS DESPESAS DE GESTÃO ESCOLAR, EM CONFORMIDADE COM A LEI Nº 1.256, DE 22 DE DEZEMBRO DE 2003, E SUAS ALTERAÇÕES PROMOVIDAS PELAS LEIS Nº 2.309, DE 09 DE MAIO DE 2017; Nº 3.067, DE 03 DE ABRIL DE 2024; E Nº 3.297, DE 13 DE NOVEMBRO DE 2025, BEM COMO PELA PORTARIA GAB/SEMED Nº 0340, DE 25 DE NOVEMBRO DE 2026. EMPENHO E LIQUIDAÇÃO REFERENTE AO MÊS DE MAIO/2026.";;;0;1545;0,00;0,00;Liquidação;3.649,57;0,00;;3.649,57
[21021-20260481];0;21021;20260481;2900;2900;2026;21021;03/07/2026;28545522000198;ACCEI - CMEI JOAO E MARIA;3.649,57;0,00;"VALOR EMPENHADO REFERENTE A: VALOR EMPENHADO REFERENTE A: VALOR EMPENHADO REFERENTE A: REPASSE DESTINADO AO CUSTEIO DAS DESPESAS DE GESTÃO ESCOLAR, EM CONFORMIDADE COM A LEI Nº 1.256, DE 22 DE DEZEMBRO DE 2003, E SUAS ALTERAÇÕES PROMOVIDAS PELAS LEIS Nº 2.309, DE 09 DE MAIO DE 2017; Nº 3.067, DE 03 DE ABRIL DE 2024; E Nº 3.297, DE 13 DE NOVEMBRO DE 2025, BEM COMO PELA PORTARIA GAB/SEMED Nº 0340, DE 25 DE NOVEMBRO DE 2026. EMPENHO E LIQUIDAÇÃO REFERENTE AO MÊS DE MAIO/2026.";;;0;1545;0,00;0,00;Empenho;3.649,57;0,00;0,00;0,00
[21020-20260480];1;21020;20260480;2900;2900;2026;21020.1;03/07/2026;28545522000198;ACCEI - CMEI JOAO E MARIA;1.564,10;1.564,10;"VALOR LIQUIDADO REFERENTE A: VALOR EMPENHADO REFERENTE A: REPASSE DESTINADO AO CUSTEIO DAS DESPESAS DE GESTÃO ESCOLAR, EM CONFORMIDADE COM A LEI Nº 1.256, DE 22 DE DEZEMBRO DE 2003, E SUAS ALTERAÇÕES PROMOVIDAS PELAS LEIS Nº 2.309, DE 09 DE MAIO DE 2017; Nº 3.067, DE 03 DE ABRIL DE 2024; E Nº 3.297, DE 13 DE NOVEMBRO DE 2025, BEM COMO PELA PORTARIA GAB/SEMED Nº 0340, DE 25 DE NOVEMBRO DE 2026. EMPENHO E LIQUIDAÇÃO REFERENTE AO MÊS DE MAIO/2026.";;;0;1545;0,00;0,00;Liquidação;1.564,10;0,00;;1.564,10
[21020-20260480];0;21020;20260480;2900;2900;2026;21020;03/07/2026;28545522000198;ACCEI - CMEI JOAO E MARIA;1.564,10;0,00;"VALOR EMPENHADO REFERENTE A: VALOR EMPENHADO REFERENTE A: REPASSE DESTINADO AO CUSTEIO DAS DESPESAS DE GESTÃO ESCOLAR, EM CONFORMIDADE COM A LEI Nº 1.256, DE 22 DE DEZEMBRO DE 2003, E SUAS ALTERAÇÕES PROMOVIDAS PELAS LEIS Nº 2.309, DE 09 DE MAIO DE 2017; Nº 3.067, DE 03 DE ABRIL DE 2024; E Nº 3.297, DE 13 DE NOVEMBRO DE 2025, BEM COMO PELA PORTARIA GAB/SEMED Nº 0340, DE 25 DE NOVEMBRO DE 2026. EMPENHO E LIQUIDAÇÃO REFERENTE AO MÊS DE MAIO/2026.";;;0;1545;0,00;0,00;Empenho;1.564,10;0,00;0,00;0,00
[21019-20260481];1;21019;20260481;2900;2900;2026;21019.1;03/07/2026;28545522000198;ACCEI - CMEI JOAO E MARIA;5.165,73;5.165,73;"VALOR LIQUIDADO REFERENTE A: REPASSE DESTINADO AO CUSTEIO DAS DESPESAS DE GESTÃO ESCOLAR, EM CONFORMIDADE COM A LEI Nº 1.256, DE 22 DE DEZEMBRO DE 2003, E SUAS ALTERAÇÕES PROMOVIDAS PELAS LEIS Nº 2.309, DE 09 DE MAIO DE 2017; Nº 3.067, DE 03 DE ABRIL DE 2024; E Nº 3.297, DE 13 DE NOVEMBRO DE 2025, BEM COMO PELA PORTARIA GAB/SEMED Nº 0340, DE 25 DE NOVEMBRO DE 2026. EMPENHO E LIQUIDAÇÃO REFERENTE AO MÊS DE MAIO/2026.";;;0;1545;0,00;0,00;Liquidação;5.165,73;0,00;;5.165,73
[21019-20260481];0;21019;20260481;2900;2900;2026;21019;03/07/2026;28545522000198;ACCEI - CMEI JOAO E MARIA;5.165,73;0,00;"VALOR EMPENHADO REFERENTE A: REPASSE DESTINADO AO CUSTEIO DAS DESPESAS DE GESTÃO ESCOLAR, EM CONFORMIDADE COM A LEI Nº 1.256, DE 22 DE DEZEMBRO DE 2003, E SUAS ALTERAÇÕES PROMOVIDAS PELAS LEIS Nº 2.309, DE 09 DE MAIO DE 2017; Nº 3.067, DE 03 DE ABRIL DE 2024; E Nº 3.297, DE 13 DE NOVEMBRO DE 2025, BEM COMO PELA PORTARIA GAB/SEMED Nº 0340, DE 25 DE NOVEMBRO DE 2026. EMPENHO E LIQUIDAÇÃO REFERENTE AO MÊS DE MAIO/2026.";;;0;1545;0,00;0,00;Empenho;5.165,73;0,00;0,00;0,00
[21018-20260480];1;21018;20260480;2900;2900;2026;21018.1;03/07/2026;28545522000198;ACCEI - CMEI JOAO E MARIA;2.213,88;2.213,88;"REPASSE DESTINADO AO CUSTEIO DAS DESPESAS DE GESTÃO ESCOLAR, EM CONFORMIDADE COM A LEI Nº 1.256, DE 22 DE DEZEMBRO DE 2003, E SUAS ALTERAÇÕES PROMOVIDAS PELAS LEIS Nº 2.309, DE 09 DE MAIO DE 2017; Nº 3.067, DE 03 DE ABRIL DE 2024; E Nº 3.297, DE 13 DE NOVEMBRO DE 2025, BEM COMO PELA PORTARIA GAB/SEMED Nº 0340, DE 25 DE NOVEMBRO DE 2026. EMPENHO E LIQUIDAÇÃO REFERENTE AO MÊS DE MAIO/2026.";;;0;1545;0,00;0,00;Liquidação;2.213,88;0,00;;2.213,88
[21018-20260480];0;21018;20260480;2900;2900;2026;21018;03/07/2026;28545522000198;ACCEI - CMEI JOAO E MARIA;2.213,88;0,00;"REPASSE DESTINADO AO CUSTEIO DAS DESPESAS DE GESTÃO ESCOLAR, EM CONFORMIDADE COM A LEI Nº 1.256, DE 22 DE DEZEMBRO DE 2003, E SUAS ALTERAÇÕES PROMOVIDAS PELAS LEIS Nº 2.309, DE 09 DE MAIO DE 2017; Nº 3.067, DE 03 DE ABRIL DE 2024; E Nº 3.297, DE 13 DE NOVEMBRO DE 2025, BEM COMO PELA PORTARIA GAB/SEMED Nº 0340, DE 25 DE NOVEMBRO DE 2026. EMPENHO E LIQUIDAÇÃO REFERENTE AO MÊS DE MAIO/2026.";;;0;1545;0,00;0,00;Empenho;2.213,88;0,00;0,00;0,00
[21017-20260428];1;21017;20260428;2900;2900;2026;21017.1;03/07/2026;10413075000158;ACCEI -  CMEI CONTOS DE FADA;1.463,12;1.463,12;"VALOR LIQUIDADO REFERENTE A: VALOR EMPENHADO REFERENTE A: VALOR EMPENHADO REFERENTE A: VALOR EMPENHADO REFERENTE A: VALOR EMPENHADO REFERENTE A: REPASSE DESTINADO AO CUSTEIO DAS DESPESAS DE GESTÃO ESCOLAR, EM CONFORMIDADE COM A LEI Nº 1.256, DE 22 DE DEZEMBRO DE 2003, E SUAS ALTERAÇÕES PROMOVIDAS PELAS LEIS Nº 2.309, DE 09 DE MAIO DE 2017; Nº 3.067, DE 03 DE ABRIL DE 2024; E Nº 3.297, DE 13 DE NOVEMBRO DE 2025, BEM COMO PELA PORTARIA GAB/SEMED Nº 0340, DE 25 DE NOVEMBRO DE 2026. EMPENHO E LIQUIDAÇÃO REFERENTE AO MÊS DE MAIO/2026.";;;0;1545;0,00;0,00;Liquidação;1.463,12;0,00;;1.463,12
[21017-20260428];0;21017;20260428;2900;2900;2026;21017;03/07/2026;10413075000158;ACCEI -  CMEI CONTOS DE FADA;1.463,12;0,00;"VALOR EMPENHADO REFERENTE A: VALOR EMPENHADO REFERENTE A: VALOR EMPENHADO REFERENTE A: VALOR EMPENHADO REFERENTE A: VALOR EMPENHADO REFERENTE A: REPASSE DESTINADO AO CUSTEIO DAS DESPESAS DE GESTÃO ESCOLAR, EM CONFORMIDADE COM A LEI Nº 1.256, DE 22 DE DEZEMBRO DE 2003, E SUAS ALTERAÇÕES PROMOVIDAS PELAS LEIS Nº 2.309, DE 09 DE MAIO DE 2017; Nº 3.067, DE 03 DE ABRIL DE 2024; E Nº 3.297, DE 13 DE NOVEMBRO DE 2025, BEM COMO PELA PORTARIA GAB/SEMED Nº 0340, DE 25 DE NOVEMBRO DE 2026. EMPENHO E LIQUIDAÇÃO REFERENTE AO MÊS DE MAIO/2026.";;;0;1545;0,00;0,00;Empenho;1.463,12;0,00;0,00;0,00
[21016-20260427];1;21016;20260427;2900;2900;2026;21016.1;03/07/2026;10413075000158;ACCEI -  CMEI CONTOS DE FADA;627,05;627,05;"VALOR LIQUIDADO REFERENTE A: VALOR EMPENHADO REFERENTE A: VALOR EMPENHADO REFERENTE A: VALOR EMPENHADO REFERENTE A: REPASSE DESTINADO AO CUSTEIO DAS DESPESAS DE GESTÃO ESCOLAR, EM CONFORMIDADE COM A LEI Nº 1.256, DE 22 DE DEZEMBRO DE 2003, E SUAS ALTERAÇÕES PROMOVIDAS PELAS LEIS Nº 2.309, DE 09 DE MAIO DE 2017; Nº 3.067, DE 03 DE ABRIL DE 2024; E Nº 3.297, DE 13 DE NOVEMBRO DE 2025, BEM COMO PELA PORTARIA GAB/SEMED Nº 0340, DE 25 DE NOVEMBRO DE 2026. EMPENHO E LIQUIDAÇÃO REFERENTE AO MÊS DE MAIO/2026.";;;0;1545;0,00;0,00;Liquidação;627,05;0,00;;627,05
[21016-20260427];0;21016;20260427;2900;2900;2026;21016;03/07/2026;10413075000158;ACCEI -  CMEI CONTOS DE FADA;627,05;0,00;"VALOR EMPENHADO REFERENTE A: VALOR EMPENHADO REFERENTE A: VALOR EMPENHADO REFERENTE A: VALOR EMPENHADO REFERENTE A: REPASSE DESTINADO AO CUSTEIO DAS DESPESAS DE GESTÃO ESCOLAR, EM CONFORMIDADE COM A LEI Nº 1.256, DE 22 DE DEZEMBRO DE 2003, E SUAS ALTERAÇÕES PROMOVIDAS PELAS LEIS Nº 2.309, DE 09 DE MAIO DE 2017; Nº 3.067, DE 03 DE ABRIL DE 2024; E Nº 3.297, DE 13 DE NOVEMBRO DE 2025, BEM COMO PELA PORTARIA GAB/SEMED Nº 0340, DE 25 DE NOVEMBRO DE 2026. EMPENHO E LIQUIDAÇÃO REFERENTE AO MÊS DE MAIO/2026.";;;0;1545;0,00;0,00;Empenho;627,05;0,00;0,00;0,00
[21015-20260481];1;21015;20260481;2900;2900;2026;21015.1;03/07/2026;10413075000158;ACCEI -  CMEI CONTOS DE FADA;3.402,98;3.402,98;"VALOR LIQUIDADO REFERENTE A: VALOR EMPENHADO REFERENTE A: VALOR EMPENHADO REFERENTE A: REPASSE DESTINADO AO CUSTEIO DAS DESPESAS DE GESTÃO ESCOLAR, EM CONFORMIDADE COM A LEI Nº 1.256, DE 22 DE DEZEMBRO DE 2003, E SUAS ALTERAÇÕES PROMOVIDAS PELAS LEIS Nº 2.309, DE 09 DE MAIO DE 2017; Nº 3.067, DE 03 DE ABRIL DE 2024; E Nº 3.297, DE 13 DE NOVEMBRO DE 2025, BEM COMO PELA PORTARIA GAB/SEMED Nº 0340, DE 25 DE NOVEMBRO DE 2026. EMPENHO E LIQUIDAÇÃO REFERENTE AO MÊS DE MAIO/2026.";;;0;1545;0,00;0,00;Liquidação;3.402,98;0,00;;3.402,98
[21015-20260481];0;21015;20260481;2900;2900;2026;21015;03/07/2026;10413075000158;ACCEI -  CMEI CONTOS DE FADA;3.402,98;0,00;"VALOR EMPENHADO REFERENTE A: VALOR EMPENHADO REFERENTE A: VALOR EMPENHADO REFERENTE A: REPASSE DESTINADO AO CUSTEIO DAS DESPESAS DE GESTÃO ESCOLAR, EM CONFORMIDADE COM A LEI Nº 1.256, DE 22 DE DEZEMBRO DE 2003, E SUAS ALTERAÇÕES PROMOVIDAS PELAS LEIS Nº 2.309, DE 09 DE MAIO DE 2017; Nº 3.067, DE 03 DE ABRIL DE 2024; E Nº 3.297, DE 13 DE NOVEMBRO DE 2025, BEM COMO PELA PORTARIA GAB/SEMED Nº 0340, DE 25 DE NOVEMBRO DE 2026. EMPENHO E LIQUIDAÇÃO REFERENTE AO MÊS DE MAIO/2026.";;;0;1545;0,00;0,00;Empenho;3.402,98;0,00;0,00;0,00
[21014-20260480];1;21014;20260480;2900;2900;2026;21014.1;03/07/2026;10413075000158;ACCEI -  CMEI CONTOS DE FADA;1.458,42;1.458,42;"VALOR LIQUIDADO REFERENTE A: VALOR EMPENHADO REFERENTE A: REPASSE DESTINADO AO CUSTEIO DAS DESPESAS DE GESTÃO ESCOLAR, EM CONFORMIDADE COM A LEI Nº 1.256, DE 22 DE DEZEMBRO DE 2003, E SUAS ALTERAÇÕES PROMOVIDAS PELAS LEIS Nº 2.309, DE 09 DE MAIO DE 2017; Nº 3.067, DE 03 DE ABRIL DE 2024; E Nº 3.297, DE 13 DE NOVEMBRO DE 2025, BEM COMO PELA PORTARIA GAB/SEMED Nº 0340, DE 25 DE NOVEMBRO DE 2026. EMPENHO E LIQUIDAÇÃO REFERENTE AO MÊS DE MAIO/2026.";;;0;1545;0,00;0,00;Liquidação;1.458,42;0,00;;1.458,42
[21014-20260480];0;21014;20260480;2900;2900;2026;21014;03/07/2026;10413075000158;ACCEI -  CMEI CONTOS DE FADA;1.458,42;0,00;"VALOR EMPENHADO REFERENTE A: VALOR EMPENHADO REFERENTE A: REPASSE DESTINADO AO CUSTEIO DAS DESPESAS DE GESTÃO ESCOLAR, EM CONFORMIDADE COM A LEI Nº 1.256, DE 22 DE DEZEMBRO DE 2003, E SUAS ALTERAÇÕES PROMOVIDAS PELAS LEIS Nº 2.309, DE 09 DE MAIO DE 2017; Nº 3.067, DE 03 DE ABRIL DE 2024; E Nº 3.297, DE 13 DE NOVEMBRO DE 2025, BEM COMO PELA PORTARIA GAB/SEMED Nº 0340, DE 25 DE NOVEMBRO DE 2026. EMPENHO E LIQUIDAÇÃO REFERENTE AO MÊS DE MAIO/2026.";;;0;1545;0,00;0,00;Empenho;1.458,42;0,00;0,00;0,00
[21013-20260481];1;21013;20260481;2900;2900;2026;21013.1;03/07/2026;10413075000158;ACCEI -  CMEI CONTOS DE FADA;1.150,77;1.150,77;"VALOR LIQUIDADO REFERENTE A: REPASSE DESTINADO AO CUSTEIO DAS DESPESAS DE GESTÃO ESCOLAR, EM CONFORMIDADE COM A LEI Nº 1.256, DE 22 DE DEZEMBRO DE 2003, E SUAS ALTERAÇÕES PROMOVIDAS PELAS LEIS Nº 2.309, DE 09 DE MAIO DE 2017; Nº 3.067, DE 03 DE ABRIL DE 2024; E Nº 3.297, DE 13 DE NOVEMBRO DE 2025, BEM COMO PELA PORTARIA GAB/SEMED Nº 0340, DE 25 DE NOVEMBRO DE 2026. EMPENHO E LIQUIDAÇÃO REFERENTE AO MÊS DE MAIO/2026.";;;0;1545;0,00;0,00;Liquidação;1.150,77;0,00;;1.150,77
[21013-20260481];0;21013;20260481;2900;2900;2026;21013;03/07/2026;10413075000158;ACCEI -  CMEI CONTOS DE FADA;1.150,77;0,00;"VALOR EMPENHADO REFERENTE A: REPASSE DESTINADO AO CUSTEIO DAS DESPESAS DE GESTÃO ESCOLAR, EM CONFORMIDADE COM A LEI Nº 1.256, DE 22 DE DEZEMBRO DE 2003, E SUAS ALTERAÇÕES PROMOVIDAS PELAS LEIS Nº 2.309, DE 09 DE MAIO DE 2017; Nº 3.067, DE 03 DE ABRIL DE 2024; E Nº 3.297, DE 13 DE NOVEMBRO DE 2025, BEM COMO PELA PORTARIA GAB/SEMED Nº 0340, DE 25 DE NOVEMBRO DE 2026. EMPENHO E LIQUIDAÇÃO REFERENTE AO MÊS DE MAIO/2026.";;;0;1545;0,00;0,00;Empenho;1.150,77;0,00;0,00;0,00
[21012-20260480];1;21012;20260480;2900;2900;2026;21012.1;03/07/2026;10413075000158;ACCEI -  CMEI CONTOS DE FADA;493,19;493,19;"REPASSE DESTINADO AO CUSTEIO DAS DESPESAS DE GESTÃO ESCOLAR, EM CONFORMIDADE COM A LEI Nº 1.256, DE 22 DE DEZEMBRO DE 2003, E SUAS ALTERAÇÕES PROMOVIDAS PELAS LEIS Nº 2.309, DE 09 DE MAIO DE 2017; Nº 3.067, DE 03 DE ABRIL DE 2024; E Nº 3.297, DE 13 DE NOVEMBRO DE 2025, BEM COMO PELA PORTARIA GAB/SEMED Nº 0340, DE 25 DE NOVEMBRO DE 2026. EMPENHO E LIQUIDAÇÃO REFERENTE AO MÊS DE MAIO/2026.";;;0;1545;0,00;0,00;Liquidação;493,19;0,00;;493,19
[21012-20260480];0;21012;20260480;2900;2900;2026;21012;03/07/2026;10413075000158;ACCEI -  CMEI CONTOS DE FADA;493,19;0,00;"REPASSE DESTINADO AO CUSTEIO DAS DESPESAS DE GESTÃO ESCOLAR, EM CONFORMIDADE COM A LEI Nº 1.256, DE 22 DE DEZEMBRO DE 2003, E SUAS ALTERAÇÕES PROMOVIDAS PELAS LEIS Nº 2.309, DE 09 DE MAIO DE 2017; Nº 3.067, DE 03 DE ABRIL DE 2024; E Nº 3.297, DE 13 DE NOVEMBRO DE 2025, BEM COMO PELA PORTARIA GAB/SEMED Nº 0340, DE 25 DE NOVEMBRO DE 2026. EMPENHO E LIQUIDAÇÃO REFERENTE AO MÊS DE MAIO/2026.";;;0;1545;0,00;0,00;Empenho;493,19;0,00;0,00;0,00
[21011-20260481];1;21011;20260481;2900;2900;2026;21011.1;03/07/2026;5451274000110;ACCEI - CMEI CIRANDA CIRANDINHA;7.619,54;7.619,54;"VALOR LIQUIDADO REFERENTE A: REPASSE DESTINADO AO CUSTEIO DAS DESPESAS DE GESTÃO ESCOLAR, EM CONFORMIDADE COM A LEI Nº 1.256, DE 22 DE DEZEMBRO DE 2003, E SUAS ALTERAÇÕES PROMOVIDAS PELAS LEIS Nº 2.309, DE 09 DE MAIO DE 2017; Nº 3.067, DE 03 DE ABRIL DE 2024; E Nº 3.297, DE 13 DE NOVEMBRO DE 2025, BEM COMO PELA PORTARIA GAB/SEMED Nº 0340, DE 25 DE NOVEMBRO DE 2026. EMPENHO E LIQUIDAÇÃO REFERENTE AO MÊS DE MAIO/2026.";;;0;1545;0,00;0,00;Liquidação;7.619,54;0,00;;7.619,54
[21011-20260481];0;21011;20260481;2900;2900;2026;21011;03/07/2026;5451274000110;ACCEI - CMEI CIRANDA CIRANDINHA;7.619,54;0,00;"VALOR EMPENHADO REFERENTE A: REPASSE DESTINADO AO CUSTEIO DAS DESPESAS DE GESTÃO ESCOLAR, EM CONFORMIDADE COM A LEI Nº 1.256, DE 22 DE DEZEMBRO DE 2003, E SUAS ALTERAÇÕES PROMOVIDAS PELAS LEIS Nº 2.309, DE 09 DE MAIO DE 2017; Nº 3.067, DE 03 DE ABRIL DE 2024; E Nº 3.297, DE 13 DE NOVEMBRO DE 2025, BEM COMO PELA PORTARIA GAB/SEMED Nº 0340, DE 25 DE NOVEMBRO DE 2026. EMPENHO E LIQUIDAÇÃO REFERENTE AO MÊS DE MAIO/2026.";;;0;1545;0,00;0,00;Empenho;7.619,54;0,00;0,00;0,00
[21010-20260480];1;21010;20260480;2900;2900;2026;21010.1;03/07/2026;5451274000110;ACCEI - CMEI CIRANDA CIRANDINHA;3.265,52;3.265,52;"REPASSE DESTINADO AO CUSTEIO DAS DESPESAS DE GESTÃO ESCOLAR, EM CONFORMIDADE COM A LEI Nº 1.256, DE 22 DE DEZEMBRO DE 2003, E SUAS ALTERAÇÕES PROMOVIDAS PELAS LEIS Nº 2.309, DE 09 DE MAIO DE 2017; Nº 3.067, DE 03 DE ABRIL DE 2024; E Nº 3.297, DE 13 DE NOVEMBRO DE 2025, BEM COMO PELA PORTARIA GAB/SEMED Nº 0340, DE 25 DE NOVEMBRO DE 2026. EMPENHO E LIQUIDAÇÃO REFERENTE AO MÊS DE MAIO/2026.";;;0;1545;0,00;0,00;Liquidação;3.265,52;0,00;;3.265,52
[21010-20260480];0;21010;20260480;2900;2900;2026;21010;03/07/2026;5451274000110;ACCEI - CMEI CIRANDA CIRANDINHA;3.265,52;0,00;"REPASSE DESTINADO AO CUSTEIO DAS DESPESAS DE GESTÃO ESCOLAR, EM CONFORMIDADE COM A LEI Nº 1.256, DE 22 DE DEZEMBRO DE 2003, E SUAS ALTERAÇÕES PROMOVIDAS PELAS LEIS Nº 2.309, DE 09 DE MAIO DE 2017; Nº 3.067, DE 03 DE ABRIL DE 2024; E Nº 3.297, DE 13 DE NOVEMBRO DE 2025, BEM COMO PELA PORTARIA GAB/SEMED Nº 0340, DE 25 DE NOVEMBRO DE 2026. EMPENHO E LIQUIDAÇÃO REFERENTE AO MÊS DE MAIO/2026.";;;0;1545;0,00;0,00;Empenho;3.265,52;0,00;0,00;0,00
[21008-20260481];1;21008;20260481;2900;2900;2026;21008.1;03/07/2026;17068183000180;ACCEI -  CMEI CHAPEUZINHO VERMELHO;1.676,83;1.676,83;"VALOR LIQUIDADO REFERENTE A: VALOR EMPENHADO REFERENTE A: VALOR EMPENHADO REFERENTE A: REPASSE DESTINADO AO CUSTEIO DAS DESPESAS DE GESTÃO ESCOLAR, EM CONFORMIDADE COM A LEI Nº 1.256, DE 22 DE DEZEMBRO DE 2003, E SUAS ALTERAÇÕES PROMOVIDAS PELAS LEIS Nº 2.309, DE 09 DE MAIO DE 2017; Nº 3.067, DE 03 DE ABRIL DE 2024; E Nº 3.297, DE 13 DE NOVEMBRO DE 2025, BEM COMO PELA PORTARIA GAB/SEMED Nº 0340, DE 25 DE NOVEMBRO DE 2026. EMPENHO E LIQUIDAÇÃO REFERENTE AO MÊS DE MAIO/2026.";;;0;1545;0,00;0,00;Liquidação;1.676,83;0,00;;1.676,83
[21008-20260481];0;21008;20260481;2900;2900;2026;21008;03/07/2026;17068183000180;ACCEI -  CMEI CHAPEUZINHO VERMELHO;1.676,83;0,00;"VALOR EMPENHADO REFERENTE A: VALOR EMPENHADO REFERENTE A: VALOR EMPENHADO REFERENTE A: REPASSE DESTINADO AO CUSTEIO DAS DESPESAS DE GESTÃO ESCOLAR, EM CONFORMIDADE COM A LEI Nº 1.256, DE 22 DE DEZEMBRO DE 2003, E SUAS ALTERAÇÕES PROMOVIDAS PELAS LEIS Nº 2.309, DE 09 DE MAIO DE 2017; Nº 3.067, DE 03 DE ABRIL DE 2024; E Nº 3.297, DE 13 DE NOVEMBRO DE 2025, BEM COMO PELA PORTARIA GAB/SEMED Nº 0340, DE 25 DE NOVEMBRO DE 2026. EMPENHO E LIQUIDAÇÃO REFERENTE AO MÊS DE MAIO/2026.";;;0;1545;0,00;0,00;Empenho;1.676,83;0,00;0,00;0,00
[21007-20260480];1;21007;20260480;2900;2900;2026;21007.1;03/07/2026;17068183000180;ACCEI -  CMEI CHAPEUZINHO VERMELHO;718,64;718,64;"VALOR LIQUIDADO REFERENTE A: VALOR EMPENHADO REFERENTE A: REPASSE DESTINADO AO CUSTEIO DAS DESPESAS DE GESTÃO ESCOLAR, EM CONFORMIDADE COM A LEI Nº 1.256, DE 22 DE DEZEMBRO DE 2003, E SUAS ALTERAÇÕES PROMOVIDAS PELAS LEIS Nº 2.309, DE 09 DE MAIO DE 2017; Nº 3.067, DE 03 DE ABRIL DE 2024; E Nº 3.297, DE 13 DE NOVEMBRO DE 2025, BEM COMO PELA PORTARIA GAB/SEMED Nº 0340, DE 25 DE NOVEMBRO DE 2026. EMPENHO E LIQUIDAÇÃO REFERENTE AO MÊS DE MAIO/2026.";;;0;1545;0,00;0,00;Liquidação;718,64;0,00;;718,64
[21007-20260480];0;21007;20260480;2900;2900;2026;21007;03/07/2026;17068183000180;ACCEI -  CMEI CHAPEUZINHO VERMELHO;718,64;0,00;"VALOR EMPENHADO REFERENTE A: VALOR EMPENHADO REFERENTE A: REPASSE DESTINADO AO CUSTEIO DAS DESPESAS DE GESTÃO ESCOLAR, EM CONFORMIDADE COM A LEI Nº 1.256, DE 22 DE DEZEMBRO DE 2003, E SUAS ALTERAÇÕES PROMOVIDAS PELAS LEIS Nº 2.309, DE 09 DE MAIO DE 2017; Nº 3.067, DE 03 DE ABRIL DE 2024; E Nº 3.297, DE 13 DE NOVEMBRO DE 2025, BEM COMO PELA PORTARIA GAB/SEMED Nº 0340, DE 25 DE NOVEMBRO DE 2026. EMPENHO E LIQUIDAÇÃO REFERENTE AO MÊS DE MAIO/2026.";;;0;1545;0,00;0,00;Empenho;718,64;0,00;0,00;0,00
[21006-20260481];1;21006;20260481;2900;2900;2026;21006.1;03/07/2026;17068183000180;ACCEI -  CMEI CHAPEUZINHO VERMELHO;5.124,97;5.124,97;"VALOR LIQUIDADO REFERENTE A: REPASSE DESTINADO AO CUSTEIO DAS DESPESAS DE GESTÃO ESCOLAR, EM CONFORMIDADE COM A LEI Nº 1.256, DE 22 DE DEZEMBRO DE 2003, E SUAS ALTERAÇÕES PROMOVIDAS PELAS LEIS Nº 2.309, DE 09 DE MAIO DE 2017; Nº 3.067, DE 03 DE ABRIL DE 2024; E Nº 3.297, DE 13 DE NOVEMBRO DE 2025, BEM COMO PELA PORTARIA GAB/SEMED Nº 0340, DE 25 DE NOVEMBRO DE 2026. EMPENHO E LIQUIDAÇÃO REFERENTE AO MÊS DE MAIO/2026.";;;0;1545;0,00;0,00;Liquidação;5.124,97;0,00;;5.124,97
[21006-20260481];0;21006;20260481;2900;2900;2026;21006;03/07/2026;17068183000180;ACCEI -  CMEI CHAPEUZINHO VERMELHO;5.124,97;0,00;"VALOR EMPENHADO REFERENTE A: REPASSE DESTINADO AO CUSTEIO DAS DESPESAS DE GESTÃO ESCOLAR, EM CONFORMIDADE COM A LEI Nº 1.256, DE 22 DE DEZEMBRO DE 2003, E SUAS ALTERAÇÕES PROMOVIDAS PELAS LEIS Nº 2.309, DE 09 DE MAIO DE 2017; Nº 3.067, DE 03 DE ABRIL DE 2024; E Nº 3.297, DE 13 DE NOVEMBRO DE 2025, BEM COMO PELA PORTARIA GAB/SEMED Nº 0340, DE 25 DE NOVEMBRO DE 2026. EMPENHO E LIQUIDAÇÃO REFERENTE AO MÊS DE MAIO/2026.";;;0;1545;0,00;0,00;Empenho;5.124,97;0,00;0,00;0,00
[21005-20260480];1;21005;20260480;2900;2900;2026;21005.1;03/07/2026;17068183000180;ACCEI -  CMEI CHAPEUZINHO VERMELHO;2.196,42;2.196,42;"REPASSE DESTINADO AO CUSTEIO DAS DESPESAS DE GESTÃO ESCOLAR, EM CONFORMIDADE COM A LEI Nº 1.256, DE 22 DE DEZEMBRO DE 2003, E SUAS ALTERAÇÕES PROMOVIDAS PELAS LEIS Nº 2.309, DE 09 DE MAIO DE 2017; Nº 3.067, DE 03 DE ABRIL DE 2024; E Nº 3.297, DE 13 DE NOVEMBRO DE 2025, BEM COMO PELA PORTARIA GAB/SEMED Nº 0340, DE 25 DE NOVEMBRO DE 2026. EMPENHO E LIQUIDAÇÃO REFERENTE AO MÊS DE MAIO/2026.";;;0;1545;0,00;0,00;Liquidação;2.196,42;0,00;;2.196,42
[21005-20260480];0;21005;20260480;2900;2900;2026;21005;03/07/2026;17068183000180;ACCEI -  CMEI CHAPEUZINHO VERMELHO;2.196,42;0,00;"REPASSE DESTINADO AO CUSTEIO DAS DESPESAS DE GESTÃO ESCOLAR, EM CONFORMIDADE COM A LEI Nº 1.256, DE 22 DE DEZEMBRO DE 2003, E SUAS ALTERAÇÕES PROMOVIDAS PELAS LEIS Nº 2.309, DE 09 DE MAIO DE 2017; Nº 3.067, DE 03 DE ABRIL DE 2024; E Nº 3.297, DE 13 DE NOVEMBRO DE 2025, BEM COMO PELA PORTARIA GAB/SEMED Nº 0340, DE 25 DE NOVEMBRO DE 2026. EMPENHO E LIQUIDAÇÃO REFERENTE AO MÊS DE MAIO/2026.";;;0;1545;0,00;0,00;Empenho;2.196,42;0,00;0,00;0,00
[21003-20260481];1;21003;20260481;2900;2900;2026;21003.1;03/07/2026;20940846000119;ACCEI - CMEI CASTELO ENCANTADO;1.578,19;1.578,19;"VALOR LIQUIDADO REFERENTE A: VALOR EMPENHADO REFERENTE A: VALOR EMPENHADO REFERENTE A: REPASSE DESTINADO AO CUSTEIO DAS DESPESAS DE GESTÃO ESCOLAR, EM CONFORMIDADE COM A LEI Nº 1.256, DE 22 DE DEZEMBRO DE 2003, E SUAS ALTERAÇÕES PROMOVIDAS PELAS LEIS Nº 2.309, DE 09 DE MAIO DE 2017; Nº 3.067, DE 03 DE ABRIL DE 2024; E Nº 3.297, DE 13 DE NOVEMBRO DE 2025, BEM COMO PELA PORTARIA GAB/SEMED Nº 0340, DE 25 DE NOVEMBRO DE 2026. EMPENHO E LIQUIDAÇÃO REFERENTE AO MÊS DE MAIO/2026.";;;0;1545;0,00;0,00;Liquidação;1.578,19;0,00;;1.578,19
[21003-20260481];0;21003;20260481;2900;2900;2026;21003;03/07/2026;20940846000119;ACCEI - CMEI CASTELO ENCANTADO;1.578,19;0,00;"VALOR EMPENHADO REFERENTE A: VALOR EMPENHADO REFERENTE A: VALOR EMPENHADO REFERENTE A: REPASSE DESTINADO AO CUSTEIO DAS DESPESAS DE GESTÃO ESCOLAR, EM CONFORMIDADE COM A LEI Nº 1.256, DE 22 DE DEZEMBRO DE 2003, E SUAS ALTERAÇÕES PROMOVIDAS PELAS LEIS Nº 2.309, DE 09 DE MAIO DE 2017; Nº 3.067, DE 03 DE ABRIL DE 2024; E Nº 3.297, DE 13 DE NOVEMBRO DE 2025, BEM COMO PELA PORTARIA GAB/SEMED Nº 0340, DE 25 DE NOVEMBRO DE 2026. EMPENHO E LIQUIDAÇÃO REFERENTE AO MÊS DE MAIO/2026.";;;0;1545;0,00;0,00;Empenho;1.578,19;0,00;0,00;0,00
[21002-20260480];1;21002;20260480;2900;2900;2026;21002.1;03/07/2026;20940846000119;ACCEI - CMEI CASTELO ENCANTADO;676,37;676,37;"VALOR LIQUIDADO REFERENTE A: VALOR EMPENHADO REFERENTE A: REPASSE DESTINADO AO CUSTEIO DAS DESPESAS DE GESTÃO ESCOLAR, EM CONFORMIDADE COM A LEI Nº 1.256, DE 22 DE DEZEMBRO DE 2003, E SUAS ALTERAÇÕES PROMOVIDAS PELAS LEIS Nº 2.309, DE 09 DE MAIO DE 2017; Nº 3.067, DE 03 DE ABRIL DE 2024; E Nº 3.297, DE 13 DE NOVEMBRO DE 2025, BEM COMO PELA PORTARIA GAB/SEMED Nº 0340, DE 25 DE NOVEMBRO DE 2026. EMPENHO E LIQUIDAÇÃO REFERENTE AO MÊS DE MAIO/2026.";;;0;1545;0,00;0,00;Liquidação;676,37;0,00;;676,37
[21002-20260480];0;21002;20260480;2900;2900;2026;21002;03/07/2026;20940846000119;ACCEI - CMEI CASTELO ENCANTADO;676,37;0,00;"VALOR EMPENHADO REFERENTE A: VALOR EMPENHADO REFERENTE A: REPASSE DESTINADO AO CUSTEIO DAS DESPESAS DE GESTÃO ESCOLAR, EM CONFORMIDADE COM A LEI Nº 1.256, DE 22 DE DEZEMBRO DE 2003, E SUAS ALTERAÇÕES PROMOVIDAS PELAS LEIS Nº 2.309, DE 09 DE MAIO DE 2017; Nº 3.067, DE 03 DE ABRIL DE 2024; E Nº 3.297, DE 13 DE NOVEMBRO DE 2025, BEM COMO PELA PORTARIA GAB/SEMED Nº 0340, DE 25 DE NOVEMBRO DE 2026. EMPENHO E LIQUIDAÇÃO REFERENTE AO MÊS DE MAIO/2026.";;;0;1545;0,00;0,00;Empenho;676,37;0,00;0,00;0,00
[21000-20260481];1;21000;20260481;2900;2900;2026;21000.1;03/07/2026;20940846000119;ACCEI - CMEI CASTELO ENCANTADO;5.728,13;5.728,13;"VALOR LIQUIDADO REFERENTE A: REPASSE DESTINADO AO CUSTEIO DAS DESPESAS DE GESTÃO ESCOLAR, EM CONFORMIDADE COM A LEI Nº 1.256, DE 22 DE DEZEMBRO DE 2003, E SUAS ALTERAÇÕES PROMOVIDAS PELAS LEIS Nº 2.309, DE 09 DE MAIO DE 2017; Nº 3.067, DE 03 DE ABRIL DE 2024; E Nº 3.297, DE 13 DE NOVEMBRO DE 2025, BEM COMO PELA PORTARIA GAB/SEMED Nº 0340, DE 25 DE NOVEMBRO DE 2026. EMPENHO E LIQUIDAÇÃO REFERENTE AO MÊS DE MAIO/2026.";;;0;1545;0,00;0,00;Liquidação;5.728,13;0,00;;5.728,13
[21000-20260481];0;21000;20260481;2900;2900;2026;21000;03/07/2026;20940846000119;ACCEI - CMEI CASTELO ENCANTADO;5.728,13;0,00;"VALOR EMPENHADO REFERENTE A: REPASSE DESTINADO AO CUSTEIO DAS DESPESAS DE GESTÃO ESCOLAR, EM CONFORMIDADE COM A LEI Nº 1.256, DE 22 DE DEZEMBRO DE 2003, E SUAS ALTERAÇÕES PROMOVIDAS PELAS LEIS Nº 2.309, DE 09 DE MAIO DE 2017; Nº 3.067, DE 03 DE ABRIL DE 2024; E Nº 3.297, DE 13 DE NOVEMBRO DE 2025, BEM COMO PELA PORTARIA GAB/SEMED Nº 0340, DE 25 DE NOVEMBRO DE 2026. EMPENHO E LIQUIDAÇÃO REFERENTE AO MÊS DE MAIO/2026.";;;0;1545;0,00;0,00;Empenho;5.728,13;0,00;0,00;0,00
[20999-20260480];1;20999;20260480;2900;2900;2026;20999.1;03/07/2026;20940846000119;ACCEI - CMEI CASTELO ENCANTADO;2.454,91;2.454,91;"REPASSE DESTINADO AO CUSTEIO DAS DESPESAS DE GESTÃO ESCOLAR, EM CONFORMIDADE COM A LEI Nº 1.256, DE 22 DE DEZEMBRO DE 2003, E SUAS ALTERAÇÕES PROMOVIDAS PELAS LEIS Nº 2.309, DE 09 DE MAIO DE 2017; Nº 3.067, DE 03 DE ABRIL DE 2024; E Nº 3.297, DE 13 DE NOVEMBRO DE 2025, BEM COMO PELA PORTARIA GAB/SEMED Nº 0340, DE 25 DE NOVEMBRO DE 2026. EMPENHO E LIQUIDAÇÃO REFERENTE AO MÊS DE MAIO/2026.";;;0;1545;0,00;0,00;Liquidação;2.454,91;0,00;;2.454,91
[20999-20260480];0;20999;20260480;2900;2900;2026;20999;03/07/2026;20940846000119;ACCEI - CMEI CASTELO ENCANTADO;2.454,91;0,00;"REPASSE DESTINADO AO CUSTEIO DAS DESPESAS DE GESTÃO ESCOLAR, EM CONFORMIDADE COM A LEI Nº 1.256, DE 22 DE DEZEMBRO DE 2003, E SUAS ALTERAÇÕES PROMOVIDAS PELAS LEIS Nº 2.309, DE 09 DE MAIO DE 2017; Nº 3.067, DE 03 DE ABRIL DE 2024; E Nº 3.297, DE 13 DE NOVEMBRO DE 2025, BEM COMO PELA PORTARIA GAB/SEMED Nº 0340, DE 25 DE NOVEMBRO DE 2026. EMPENHO E LIQUIDAÇÃO REFERENTE AO MÊS DE MAIO/2026.";;;0;1545;0,00;0,00;Empenho;2.454,91;0,00;0,00;0,00
[20997-20260428];1;20997;20260428;2900;2900;2026;20997.1;03/07/2026;6007817000178;ACCEI - CMEI  MIUDINHOS;5.901,78;5.901,78;"VALOR LIQUIDADO REFERENTE A: REPASSE DESTINADO AO CUSTEIO DAS DESPESAS DE GESTÃO ESCOLAR, EM CONFORMIDADE COM A LEI Nº 1.256, DE 22 DE DEZEMBRO DE 2003, E SUAS ALTERAÇÕES PROMOVIDAS PELAS LEIS Nº 2.309, DE 09 DE MAIO DE 2017; Nº 3.067, DE 03 DE ABRIL DE 2024; E Nº 3.297, DE 13 DE NOVEMBRO DE 2025, BEM COMO PELA PORTARIA GAB/SEMED Nº 0340, DE 25 DE NOVEMBRO DE 2026. EMPENHO E LIQUIDAÇÃO REFERENTE AO MÊS DE MAIO/2026.";;;0;1545;0,00;0,00;Liquidação;5.901,78;0,00;;5.901,78
[20997-20260428];0;20997;20260428;2900;2900;2026;20997;03/07/2026;6007817000178;ACCEI - CMEI  MIUDINHOS;5.901,78;0,00;"VALOR EMPENHADO REFERENTE A: REPASSE DESTINADO AO CUSTEIO DAS DESPESAS DE GESTÃO ESCOLAR, EM CONFORMIDADE COM A LEI Nº 1.256, DE 22 DE DEZEMBRO DE 2003, E SUAS ALTERAÇÕES PROMOVIDAS PELAS LEIS Nº 2.309, DE 09 DE MAIO DE 2017; Nº 3.067, DE 03 DE ABRIL DE 2024; E Nº 3.297, DE 13 DE NOVEMBRO DE 2025, BEM COMO PELA PORTARIA GAB/SEMED Nº 0340, DE 25 DE NOVEMBRO DE 2026. EMPENHO E LIQUIDAÇÃO REFERENTE AO MÊS DE MAIO/2026.";;;0;1545;0,00;0,00;Empenho;5.901,78;0,00;0,00;0,00
[20996-20260427];1;20996;20260427;2900;2900;2026;20996.1;03/07/2026;6007817000178;ACCEI - CMEI  MIUDINHOS;2.529,33;2.529,33;"REPASSE DESTINADO AO CUSTEIO DAS DESPESAS DE GESTÃO ESCOLAR, EM CONFORMIDADE COM A LEI Nº 1.256, DE 22 DE DEZEMBRO DE 2003, E SUAS ALTERAÇÕES PROMOVIDAS PELAS LEIS Nº 2.309, DE 09 DE MAIO DE 2017; Nº 3.067, DE 03 DE ABRIL DE 2024; E Nº 3.297, DE 13 DE NOVEMBRO DE 2025, BEM COMO PELA PORTARIA GAB/SEMED Nº 0340, DE 25 DE NOVEMBRO DE 2026. EMPENHO E LIQUIDAÇÃO REFERENTE AO MÊS DE MAIO/2026.";;;0;1545;0,00;0,00;Liquidação;2.529,33;0,00;;2.529,33
[20996-20260427];0;20996;20260427;2900;2900;2026;20996;03/07/2026;6007817000178;ACCEI - CMEI  MIUDINHOS;2.529,33;0,00;"REPASSE DESTINADO AO CUSTEIO DAS DESPESAS DE GESTÃO ESCOLAR, EM CONFORMIDADE COM A LEI Nº 1.256, DE 22 DE DEZEMBRO DE 2003, E SUAS ALTERAÇÕES PROMOVIDAS PELAS LEIS Nº 2.309, DE 09 DE MAIO DE 2017; Nº 3.067, DE 03 DE ABRIL DE 2024; E Nº 3.297, DE 13 DE NOVEMBRO DE 2025, BEM COMO PELA PORTARIA GAB/SEMED Nº 0340, DE 25 DE NOVEMBRO DE 2026. EMPENHO E LIQUIDAÇÃO REFERENTE AO MÊS DE MAIO/2026.";;;0;1545;0,00;0,00;Empenho;2.529,33;0,00;0,00;0,00
[20995-20260428];1;20995;20260428;2900;2900;2026;20995.1;03/07/2026;19054996000146;ACCEI - CMEI CARROSSEL;3.813,96;3.813,96;"VALOR LIQUIDADO REFERENTE A: REPASSE DESTINADO AO CUSTEIO DAS DESPESAS DE GESTÃO ESCOLAR, EM CONFORMIDADE COM A LEI Nº 1.256, DE 22 DE DEZEMBRO DE 2003, E SUAS ALTERAÇÕES PROMOVIDAS PELAS LEIS Nº 2.309, DE 09 DE MAIO DE 2017; Nº 3.067, DE 03 DE ABRIL DE 2024; E Nº 3.297, DE 13 DE NOVEMBRO DE 2025, BEM COMO PELA PORTARIA GAB/SEMED Nº 0340, DE 25 DE NOVEMBRO DE 2026. EMPENHO E LIQUIDAÇÃO REFERENTE AO MÊS DE MAIO/2026.";;;0;1545;0,00;0,00;Liquidação;3.813,96;0,00;;3.813,96
[20995-20260428];0;20995;20260428;2900;2900;2026;20995;03/07/2026;19054996000146;ACCEI - CMEI CARROSSEL;3.813,96;0,00;"VALOR EMPENHADO REFERENTE A: REPASSE DESTINADO AO CUSTEIO DAS DESPESAS DE GESTÃO ESCOLAR, EM CONFORMIDADE COM A LEI Nº 1.256, DE 22 DE DEZEMBRO DE 2003, E SUAS ALTERAÇÕES PROMOVIDAS PELAS LEIS Nº 2.309, DE 09 DE MAIO DE 2017; Nº 3.067, DE 03 DE ABRIL DE 2024; E Nº 3.297, DE 13 DE NOVEMBRO DE 2025, BEM COMO PELA PORTARIA GAB/SEMED Nº 0340, DE 25 DE NOVEMBRO DE 2026. EMPENHO E LIQUIDAÇÃO REFERENTE AO MÊS DE MAIO/2026.";;;0;1545;0,00;0,00;Empenho;3.813,96;0,00;0,00;0,00
[20994-20260427];1;20994;20260427;2900;2900;2026;20994.1;03/07/2026;19054996000146;ACCEI - CMEI CARROSSEL;1.634,56;1.634,56;"REPASSE DESTINADO AO CUSTEIO DAS DESPESAS DE GESTÃO ESCOLAR, EM CONFORMIDADE COM A LEI Nº 1.256, DE 22 DE DEZEMBRO DE 2003, E SUAS ALTERAÇÕES PROMOVIDAS PELAS LEIS Nº 2.309, DE 09 DE MAIO DE 2017; Nº 3.067, DE 03 DE ABRIL DE 2024; E Nº 3.297, DE 13 DE NOVEMBRO DE 2025, BEM COMO PELA PORTARIA GAB/SEMED Nº 0340, DE 25 DE NOVEMBRO DE 2026. EMPENHO E LIQUIDAÇÃO REFERENTE AO MÊS DE MAIO/2026.";;;0;1545;0,00;0,00;Liquidação;1.634,56;0,00;;1.634,56
[20994-20260427];0;20994;20260427;2900;2900;2026;20994;03/07/2026;19054996000146;ACCEI - CMEI CARROSSEL;1.634,56;0,00;"REPASSE DESTINADO AO CUSTEIO DAS DESPESAS DE GESTÃO ESCOLAR, EM CONFORMIDADE COM A LEI Nº 1.256, DE 22 DE DEZEMBRO DE 2003, E SUAS ALTERAÇÕES PROMOVIDAS PELAS LEIS Nº 2.309, DE 09 DE MAIO DE 2017; Nº 3.067, DE 03 DE ABRIL DE 2024; E Nº 3.297, DE 13 DE NOVEMBRO DE 2025, BEM COMO PELA PORTARIA GAB/SEMED Nº 0340, DE 25 DE NOVEMBRO DE 2026. EMPENHO E LIQUIDAÇÃO REFERENTE AO MÊS DE MAIO/2026.";;;0;1545;0,00;0,00;Empenho;1.634,56;0,00;0,00;0,00
[20993-20260428];1;20993;20260428;2900;2900;2026;20993.1;03/07/2026;17073844000165;ACCEI - CMEI CANTINHO DO SABER;1.430,24;1.430,24;"VALOR LIQUIDADO REFERENTE A: VALOR EMPENHADO REFERENTE A: VALOR EMPENHADO REFERENTE A: VALOR EMPENHADO REFERENTE A: VALOR EMPENHADO REFERENTE A: REPASSE DESTINADO AO CUSTEIO DAS DESPESAS DE GESTÃO ESCOLAR, EM CONFORMIDADE COM A LEI Nº 1.256, DE 22 DE DEZEMBRO DE 2003, E SUAS ALTERAÇÕES PROMOVIDAS PELAS LEIS Nº 2.309, DE 09 DE MAIO DE 2017; Nº 3.067, DE 03 DE ABRIL DE 2024; E Nº 3.297, DE 13 DE NOVEMBRO DE 2025, BEM COMO PELA PORTARIA GAB/SEMED Nº 0340, DE 25 DE NOVEMBRO DE 2026. EMPENHO E LIQUIDAÇÃO REFERENTE AO MÊS DE MAIO/2026.";;;0;1545;0,00;0,00;Liquidação;1.430,24;0,00;;1.430,24
[20993-20260428];0;20993;20260428;2900;2900;2026;20993;03/07/2026;17073844000165;ACCEI - CMEI CANTINHO DO SABER;1.430,24;0,00;"VALOR EMPENHADO REFERENTE A: VALOR EMPENHADO REFERENTE A: VALOR EMPENHADO REFERENTE A: VALOR EMPENHADO REFERENTE A: VALOR EMPENHADO REFERENTE A: REPASSE DESTINADO AO CUSTEIO DAS DESPESAS DE GESTÃO ESCOLAR, EM CONFORMIDADE COM A LEI Nº 1.256, DE 22 DE DEZEMBRO DE 2003, E SUAS ALTERAÇÕES PROMOVIDAS PELAS LEIS Nº 2.309, DE 09 DE MAIO DE 2017; Nº 3.067, DE 03 DE ABRIL DE 2024; E Nº 3.297, DE 13 DE NOVEMBRO DE 2025, BEM COMO PELA PORTARIA GAB/SEMED Nº 0340, DE 25 DE NOVEMBRO DE 2026. EMPENHO E LIQUIDAÇÃO REFERENTE AO MÊS DE MAIO/2026.";;;0;1545;0,00;0,00;Empenho;1.430,24;0,00;0,00;0,00
[20992-20260427];1;20992;20260427;2900;2900;2026;20992.1;03/07/2026;17073844000165;ACCEI - CMEI CANTINHO DO SABER;612,96;612,96;"VALOR LIQUIDADO REFERENTE A: VALOR EMPENHADO REFERENTE A: VALOR EMPENHADO REFERENTE A: VALOR EMPENHADO REFERENTE A: REPASSE DESTINADO AO CUSTEIO DAS DESPESAS DE GESTÃO ESCOLAR, EM CONFORMIDADE COM A LEI Nº 1.256, DE 22 DE DEZEMBRO DE 2003, E SUAS ALTERAÇÕES PROMOVIDAS PELAS LEIS Nº 2.309, DE 09 DE MAIO DE 2017; Nº 3.067, DE 03 DE ABRIL DE 2024; E Nº 3.297, DE 13 DE NOVEMBRO DE 2025, BEM COMO PELA PORTARIA GAB/SEMED Nº 0340, DE 25 DE NOVEMBRO DE 2026. EMPENHO E LIQUIDAÇÃO REFERENTE AO MÊS DE MAIO/2026.";;;0;1545;0,00;0,00;Liquidação;612,96;0,00;;612,96
[20992-20260427];0;20992;20260427;2900;2900;2026;20992;03/07/2026;17073844000165;ACCEI - CMEI CANTINHO DO SABER;612,96;0,00;"VALOR EMPENHADO REFERENTE A: VALOR EMPENHADO REFERENTE A: VALOR EMPENHADO REFERENTE A: VALOR EMPENHADO REFERENTE A: REPASSE DESTINADO AO CUSTEIO DAS DESPESAS DE GESTÃO ESCOLAR, EM CONFORMIDADE COM A LEI Nº 1.256, DE 22 DE DEZEMBRO DE 2003, E SUAS ALTERAÇÕES PROMOVIDAS PELAS LEIS Nº 2.309, DE 09 DE MAIO DE 2017; Nº 3.067, DE 03 DE ABRIL DE 2024; E Nº 3.297, DE 13 DE NOVEMBRO DE 2025, BEM COMO PELA PORTARIA GAB/SEMED Nº 0340, DE 25 DE NOVEMBRO DE 2026. EMPENHO E LIQUIDAÇÃO REFERENTE AO MÊS DE MAIO/2026.";;;0;1545;0,00;0,00;Empenho;612,96;0,00;0,00;0,00
[20991-20260481];1;20991;20260481;2900;2900;2026;20991.1;03/07/2026;17073844000165;ACCEI - CMEI CANTINHO DO SABER;3.074,19;3.074,19;"VALOR LIQUIDADO REFERENTE A: VALOR EMPENHADO REFERENTE A: VALOR EMPENHADO REFERENTE A: REPASSE DESTINADO AO CUSTEIO DAS DESPESAS DE GESTÃO ESCOLAR, EM CONFORMIDADE COM A LEI Nº 1.256, DE 22 DE DEZEMBRO DE 2003, E SUAS ALTERAÇÕES PROMOVIDAS PELAS LEIS Nº 2.309, DE 09 DE MAIO DE 2017; Nº 3.067, DE 03 DE ABRIL DE 2024; E Nº 3.297, DE 13 DE NOVEMBRO DE 2025, BEM COMO PELA PORTARIA GAB/SEMED Nº 0340, DE 25 DE NOVEMBRO DE 2026. EMPENHO E LIQUIDAÇÃO REFERENTE AO MÊS DE MAIO/2026.";;;0;1545;0,00;0,00;Liquidação;3.074,19;0,00;;3.074,19
[20991-20260481];0;20991;20260481;2900;2900;2026;20991;03/07/2026;17073844000165;ACCEI - CMEI CANTINHO DO SABER;3.074,19;0,00;"VALOR EMPENHADO REFERENTE A: VALOR EMPENHADO REFERENTE A: VALOR EMPENHADO REFERENTE A: REPASSE DESTINADO AO CUSTEIO DAS DESPESAS DE GESTÃO ESCOLAR, EM CONFORMIDADE COM A LEI Nº 1.256, DE 22 DE DEZEMBRO DE 2003, E SUAS ALTERAÇÕES PROMOVIDAS PELAS LEIS Nº 2.309, DE 09 DE MAIO DE 2017; Nº 3.067, DE 03 DE ABRIL DE 2024; E Nº 3.297, DE 13 DE NOVEMBRO DE 2025, BEM COMO PELA PORTARIA GAB/SEMED Nº 0340, DE 25 DE NOVEMBRO DE 2026. EMPENHO E LIQUIDAÇÃO REFERENTE AO MÊS DE MAIO/2026.";;;0;1545;0,00;0,00;Empenho;3.074,19;0,00;0,00;0,00
[20990-20260480];1;20990;20260480;2900;2900;2026;20990.1;03/07/2026;17073844000165;ACCEI - CMEI CANTINHO DO SABER;1.317,51;1.317,51;"VALOR LIQUIDADO REFERENTE A: VALOR EMPENHADO REFERENTE A: REPASSE DESTINADO AO CUSTEIO DAS DESPESAS DE GESTÃO ESCOLAR, EM CONFORMIDADE COM A LEI Nº 1.256, DE 22 DE DEZEMBRO DE 2003, E SUAS ALTERAÇÕES PROMOVIDAS PELAS LEIS Nº 2.309, DE 09 DE MAIO DE 2017; Nº 3.067, DE 03 DE ABRIL DE 2024; E Nº 3.297, DE 13 DE NOVEMBRO DE 2025, BEM COMO PELA PORTARIA GAB/SEMED Nº 0340, DE 25 DE NOVEMBRO DE 2026. EMPENHO E LIQUIDAÇÃO REFERENTE AO MÊS DE MAIO/2026.";;;0;1545;0,00;0,00;Liquidação;1.317,51;0,00;;1.317,51
[20990-20260480];0;20990;20260480;2900;2900;2026;20990;03/07/2026;17073844000165;ACCEI - CMEI CANTINHO DO SABER;1.317,51;0,00;"VALOR EMPENHADO REFERENTE A: VALOR EMPENHADO REFERENTE A: REPASSE DESTINADO AO CUSTEIO DAS DESPESAS DE GESTÃO ESCOLAR, EM CONFORMIDADE COM A LEI Nº 1.256, DE 22 DE DEZEMBRO DE 2003, E SUAS ALTERAÇÕES PROMOVIDAS PELAS LEIS Nº 2.309, DE 09 DE MAIO DE 2017; Nº 3.067, DE 03 DE ABRIL DE 2024; E Nº 3.297, DE 13 DE NOVEMBRO DE 2025, BEM COMO PELA PORTARIA GAB/SEMED Nº 0340, DE 25 DE NOVEMBRO DE 2026. EMPENHO E LIQUIDAÇÃO REFERENTE AO MÊS DE MAIO/2026.";;;0;1545;0,00;0,00;Empenho;1.317,51;0,00;0,00;0,00
[20989-20260481];1;20989;20260481;2900;2900;2026;20989.1;03/07/2026;17073844000165;ACCEI - CMEI CANTINHO DO SABER;986,37;986,37;"VALOR LIQUIDADO REFERENTE A: REPASSE DESTINADO AO CUSTEIO DAS DESPESAS DE GESTÃO ESCOLAR, EM CONFORMIDADE COM A LEI Nº 1.256, DE 22 DE DEZEMBRO DE 2003, E SUAS ALTERAÇÕES PROMOVIDAS PELAS LEIS Nº 2.309, DE 09 DE MAIO DE 2017; Nº 3.067, DE 03 DE ABRIL DE 2024; E Nº 3.297, DE 13 DE NOVEMBRO DE 2025, BEM COMO PELA PORTARIA GAB/SEMED Nº 0340, DE 25 DE NOVEMBRO DE 2026. EMPENHO E LIQUIDAÇÃO REFERENTE AO MÊS DE MAIO/2026.";;;0;1545;0,00;0,00;Liquidação;986,37;0,00;;986,37
[20989-20260481];0;20989;20260481;2900;2900;2026;20989;03/07/2026;17073844000165;ACCEI - CMEI CANTINHO DO SABER;986,37;0,00;"VALOR EMPENHADO REFERENTE A: REPASSE DESTINADO AO CUSTEIO DAS DESPESAS DE GESTÃO ESCOLAR, EM CONFORMIDADE COM A LEI Nº 1.256, DE 22 DE DEZEMBRO DE 2003, E SUAS ALTERAÇÕES PROMOVIDAS PELAS LEIS Nº 2.309, DE 09 DE MAIO DE 2017; Nº 3.067, DE 03 DE ABRIL DE 2024; E Nº 3.297, DE 13 DE NOVEMBRO DE 2025, BEM COMO PELA PORTARIA GAB/SEMED Nº 0340, DE 25 DE NOVEMBRO DE 2026. EMPENHO E LIQUIDAÇÃO REFERENTE AO MÊS DE MAIO/2026.";;;0;1545;0,00;0,00;Empenho;986,37;0,00;0,00;0,00
[20988-20260480];1;20988;20260480;2900;2900;2026;20988.1;03/07/2026;17073844000165;ACCEI - CMEI CANTINHO DO SABER;422,73;422,73;"REPASSE DESTINADO AO CUSTEIO DAS DESPESAS DE GESTÃO ESCOLAR, EM CONFORMIDADE COM A LEI Nº 1.256, DE 22 DE DEZEMBRO DE 2003, E SUAS ALTERAÇÕES PROMOVIDAS PELAS LEIS Nº 2.309, DE 09 DE MAIO DE 2017; Nº 3.067, DE 03 DE ABRIL DE 2024; E Nº 3.297, DE 13 DE NOVEMBRO DE 2025, BEM COMO PELA PORTARIA GAB/SEMED Nº 0340, DE 25 DE NOVEMBRO DE 2026. EMPENHO E LIQUIDAÇÃO REFERENTE AO MÊS DE MAIO/2026.";;;0;1545;0,00;0,00;Liquidação;422,73;0,00;;422,73
[20988-20260480];0;20988;20260480;2900;2900;2026;20988;03/07/2026;17073844000165;ACCEI - CMEI CANTINHO DO SABER;422,73;0,00;"REPASSE DESTINADO AO CUSTEIO DAS DESPESAS DE GESTÃO ESCOLAR, EM CONFORMIDADE COM A LEI Nº 1.256, DE 22 DE DEZEMBRO DE 2003, E SUAS ALTERAÇÕES PROMOVIDAS PELAS LEIS Nº 2.309, DE 09 DE MAIO DE 2017; Nº 3.067, DE 03 DE ABRIL DE 2024; E Nº 3.297, DE 13 DE NOVEMBRO DE 2025, BEM COMO PELA PORTARIA GAB/SEMED Nº 0340, DE 25 DE NOVEMBRO DE 2026. EMPENHO E LIQUIDAÇÃO REFERENTE AO MÊS DE MAIO/2026.";;;0;1545;0,00;0,00;Empenho;422,73;0,00;0,00;0,00
[20987-20260428];1;20987;20260428;2900;2900;2026;20987.1;03/07/2026;11686247000120;ACCEI - CMEI CANTINHO DA ALEGRIA;2.317,97;2.317,97;"VALOR LIQUIDADO REFERENTE A: VALOR EMPENHADO REFERENTE A: VALOR EMPENHADO REFERENTE A: VALOR EMPENHADO REFERENTE A: VALOR EMPENHADO REFERENTE A: REPASSE DESTINADO AO CUSTEIO DAS DESPESAS DE GESTÃO ESCOLAR, EM CONFORMIDADE COM A LEI Nº 1.256, DE 22 DE DEZEMBRO DE 2003, E SUAS ALTERAÇÕES PROMOVIDAS PELAS LEIS Nº 2.309, DE 09 DE MAIO DE 2017; Nº 3.067, DE 03 DE ABRIL DE 2024; E Nº 3.297, DE 13 DE NOVEMBRO DE 2025, BEM COMO PELA PORTARIA GAB/SEMED Nº 0340, DE 25 DE NOVEMBRO DE 2026. EMPENHO E LIQUIDAÇÃO REFERENTE AO MÊS DE MAIO/2026.";;;0;1545;0,00;0,00;Liquidação;2.317,97;0,00;;2.317,97
[20987-20260428];0;20987;20260428;2900;2900;2026;20987;03/07/2026;11686247000120;ACCEI - CMEI CANTINHO DA ALEGRIA;2.317,97;0,00;"VALOR EMPENHADO REFERENTE A: VALOR EMPENHADO REFERENTE A: VALOR EMPENHADO REFERENTE A: VALOR EMPENHADO REFERENTE A: VALOR EMPENHADO REFERENTE A: REPASSE DESTINADO AO CUSTEIO DAS DESPESAS DE GESTÃO ESCOLAR, EM CONFORMIDADE COM A LEI Nº 1.256, DE 22 DE DEZEMBRO DE 2003, E SUAS ALTERAÇÕES PROMOVIDAS PELAS LEIS Nº 2.309, DE 09 DE MAIO DE 2017; Nº 3.067, DE 03 DE ABRIL DE 2024; E Nº 3.297, DE 13 DE NOVEMBRO DE 2025, BEM COMO PELA PORTARIA GAB/SEMED Nº 0340, DE 25 DE NOVEMBRO DE 2026. EMPENHO E LIQUIDAÇÃO REFERENTE AO MÊS DE MAIO/2026.";;;0;1545;0,00;0,00;Empenho;2.317,97;0,00;0,00;0,00
[20986-20260427];1;20986;20260427;2900;2900;2026;20986.1;03/07/2026;11686247000120;ACCEI - CMEI CANTINHO DA ALEGRIA;993,42;993,42;"VALOR LIQUIDADO REFERENTE A: VALOR EMPENHADO REFERENTE A: VALOR EMPENHADO REFERENTE A: VALOR EMPENHADO REFERENTE A: REPASSE DESTINADO AO CUSTEIO DAS DESPESAS DE GESTÃO ESCOLAR, EM CONFORMIDADE COM A LEI Nº 1.256, DE 22 DE DEZEMBRO DE 2003, E SUAS ALTERAÇÕES PROMOVIDAS PELAS LEIS Nº 2.309, DE 09 DE MAIO DE 2017; Nº 3.067, DE 03 DE ABRIL DE 2024; E Nº 3.297, DE 13 DE NOVEMBRO DE 2025, BEM COMO PELA PORTARIA GAB/SEMED Nº 0340, DE 25 DE NOVEMBRO DE 2026. EMPENHO E LIQUIDAÇÃO REFERENTE AO MÊS DE MAIO/2026.";;;0;1545;0,00;0,00;Liquidação;993,42;0,00;;993,42
[20986-20260427];0;20986;20260427;2900;2900;2026;20986;03/07/2026;11686247000120;ACCEI - CMEI CANTINHO DA ALEGRIA;993,42;0,00;"VALOR EMPENHADO REFERENTE A: VALOR EMPENHADO REFERENTE A: VALOR EMPENHADO REFERENTE A: VALOR EMPENHADO REFERENTE A: REPASSE DESTINADO AO CUSTEIO DAS DESPESAS DE GESTÃO ESCOLAR, EM CONFORMIDADE COM A LEI Nº 1.256, DE 22 DE DEZEMBRO DE 2003, E SUAS ALTERAÇÕES PROMOVIDAS PELAS LEIS Nº 2.309, DE 09 DE MAIO DE 2017; Nº 3.067, DE 03 DE ABRIL DE 2024; E Nº 3.297, DE 13 DE NOVEMBRO DE 2025, BEM COMO PELA PORTARIA GAB/SEMED Nº 0340, DE 25 DE NOVEMBRO DE 2026. EMPENHO E LIQUIDAÇÃO REFERENTE AO MÊS DE MAIO/2026.";;;0;1545;0,00;0,00;Empenho;993,42;0,00;0,00;0,00
[20985-20260481];1;20985;20260481;2900;2900;2026;20985.1;03/07/2026;11686247000120;ACCEI - CMEI CANTINHO DA ALEGRIA;4.175,63;4.175,63;"VALOR LIQUIDADO REFERENTE A: VALOR EMPENHADO REFERENTE A: VALOR EMPENHADO REFERENTE A: REPASSE DESTINADO AO CUSTEIO DAS DESPESAS DE GESTÃO ESCOLAR, EM CONFORMIDADE COM A LEI Nº 1.256, DE 22 DE DEZEMBRO DE 2003, E SUAS ALTERAÇÕES PROMOVIDAS PELAS LEIS Nº 2.309, DE 09 DE MAIO DE 2017; Nº 3.067, DE 03 DE ABRIL DE 2024; E Nº 3.297, DE 13 DE NOVEMBRO DE 2025, BEM COMO PELA PORTARIA GAB/SEMED Nº 0340, DE 25 DE NOVEMBRO DE 2026. EMPENHO E LIQUIDAÇÃO REFERENTE AO MÊS DE MAIO/2026.";;;0;1545;0,00;0,00;Liquidação;4.175,63;0,00;;4.175,63
[20985-20260481];0;20985;20260481;2900;2900;2026;20985;03/07/2026;11686247000120;ACCEI - CMEI CANTINHO DA ALEGRIA;4.175,63;0,00;"VALOR EMPENHADO REFERENTE A: VALOR EMPENHADO REFERENTE A: VALOR EMPENHADO REFERENTE A: REPASSE DESTINADO AO CUSTEIO DAS DESPESAS DE GESTÃO ESCOLAR, EM CONFORMIDADE COM A LEI Nº 1.256, DE 22 DE DEZEMBRO DE 2003, E SUAS ALTERAÇÕES PROMOVIDAS PELAS LEIS Nº 2.309, DE 09 DE MAIO DE 2017; Nº 3.067, DE 03 DE ABRIL DE 2024; E Nº 3.297, DE 13 DE NOVEMBRO DE 2025, BEM COMO PELA PORTARIA GAB/SEMED Nº 0340, DE 25 DE NOVEMBRO DE 2026. EMPENHO E LIQUIDAÇÃO REFERENTE AO MÊS DE MAIO/2026.";;;0;1545;0,00;0,00;Empenho;4.175,63;0,00;0,00;0,00
[20984-20260480];1;20984;20260480;2900;2900;2026;20984.1;03/07/2026;11686247000120;ACCEI - CMEI CANTINHO DA ALEGRIA;1.789,56;1.789,56;"VALOR LIQUIDADO REFERENTE A: VALOR EMPENHADO REFERENTE A: REPASSE DESTINADO AO CUSTEIO DAS DESPESAS DE GESTÃO ESCOLAR, EM CONFORMIDADE COM A LEI Nº 1.256, DE 22 DE DEZEMBRO DE 2003, E SUAS ALTERAÇÕES PROMOVIDAS PELAS LEIS Nº 2.309, DE 09 DE MAIO DE 2017; Nº 3.067, DE 03 DE ABRIL DE 2024; E Nº 3.297, DE 13 DE NOVEMBRO DE 2025, BEM COMO PELA PORTARIA GAB/SEMED Nº 0340, DE 25 DE NOVEMBRO DE 2026. EMPENHO E LIQUIDAÇÃO REFERENTE AO MÊS DE MAIO/2026.";;;0;1545;0,00;0,00;Liquidação;1.789,56;0,00;;1.789,56
[20984-20260480];0;20984;20260480;2900;2900;2026;20984;03/07/2026;11686247000120;ACCEI - CMEI CANTINHO DA ALEGRIA;1.789,56;0,00;"VALOR EMPENHADO REFERENTE A: VALOR EMPENHADO REFERENTE A: REPASSE DESTINADO AO CUSTEIO DAS DESPESAS DE GESTÃO ESCOLAR, EM CONFORMIDADE COM A LEI Nº 1.256, DE 22 DE DEZEMBRO DE 2003, E SUAS ALTERAÇÕES PROMOVIDAS PELAS LEIS Nº 2.309, DE 09 DE MAIO DE 2017; Nº 3.067, DE 03 DE ABRIL DE 2024; E Nº 3.297, DE 13 DE NOVEMBRO DE 2025, BEM COMO PELA PORTARIA GAB/SEMED Nº 0340, DE 25 DE NOVEMBRO DE 2026. EMPENHO E LIQUIDAÇÃO REFERENTE AO MÊS DE MAIO/2026.";;;0;1545;0,00;0,00;Empenho;1.789,56;0,00;0,00;0,00
[20983-20260481];1;20983;20260481;2900;2900;2026;20983.1;03/07/2026;11686247000120;ACCEI - CMEI CANTINHO DA ALEGRIA;5.830,75;5.830,75;"VALOR LIQUIDADO REFERENTE A: REPASSE DESTINADO AO CUSTEIO DAS DESPESAS DE GESTÃO ESCOLAR, EM CONFORMIDADE COM A LEI Nº 1.256, DE 22 DE DEZEMBRO DE 2003, E SUAS ALTERAÇÕES PROMOVIDAS PELAS LEIS Nº 2.309, DE 09 DE MAIO DE 2017; Nº 3.067, DE 03 DE ABRIL DE 2024; E Nº 3.297, DE 13 DE NOVEMBRO DE 2025, BEM COMO PELA PORTARIA GAB/SEMED Nº 0340, DE 25 DE NOVEMBRO DE 2026. EMPENHO E LIQUIDAÇÃO REFERENTE AO MÊS DE MAIO/2026.";;;0;1545;0,00;0,00;Liquidação;5.830,75;0,00;;5.830,75
[20983-20260481];0;20983;20260481;2900;2900;2026;20983;03/07/2026;11686247000120;ACCEI - CMEI CANTINHO DA ALEGRIA;5.830,75;0,00;"VALOR EMPENHADO REFERENTE A: REPASSE DESTINADO AO CUSTEIO DAS DESPESAS DE GESTÃO ESCOLAR, EM CONFORMIDADE COM A LEI Nº 1.256, DE 22 DE DEZEMBRO DE 2003, E SUAS ALTERAÇÕES PROMOVIDAS PELAS LEIS Nº 2.309, DE 09 DE MAIO DE 2017; Nº 3.067, DE 03 DE ABRIL DE 2024; E Nº 3.297, DE 13 DE NOVEMBRO DE 2025, BEM COMO PELA PORTARIA GAB/SEMED Nº 0340, DE 25 DE NOVEMBRO DE 2026. EMPENHO E LIQUIDAÇÃO REFERENTE AO MÊS DE MAIO/2026.";;;0;1545;0,00;0,00;Empenho;5.830,75;0,00;0,00;0,00
[20982-20260480];1;20982;20260480;2900;2900;2026;20982.1;03/07/2026;11686247000120;ACCEI - CMEI CANTINHO DA ALEGRIA;2.498,89;2.498,89;"REPASSE DESTINADO AO CUSTEIO DAS DESPESAS DE GESTÃO ESCOLAR, EM CONFORMIDADE COM A LEI Nº 1.256, DE 22 DE DEZEMBRO DE 2003, E SUAS ALTERAÇÕES PROMOVIDAS PELAS LEIS Nº 2.309, DE 09 DE MAIO DE 2017; Nº 3.067, DE 03 DE ABRIL DE 2024; E Nº 3.297, DE 13 DE NOVEMBRO DE 2025, BEM COMO PELA PORTARIA GAB/SEMED Nº 0340, DE 25 DE NOVEMBRO DE 2026. EMPENHO E LIQUIDAÇÃO REFERENTE AO MÊS DE MAIO/2026.";;;0;1545;0,00;0,00;Liquidação;2.498,89;0,00;;2.498,89
[20982-20260480];0;20982;20260480;2900;2900;2026;20982;03/07/2026;11686247000120;ACCEI - CMEI CANTINHO DA ALEGRIA;2.498,89;0,00;"REPASSE DESTINADO AO CUSTEIO DAS DESPESAS DE GESTÃO ESCOLAR, EM CONFORMIDADE COM A LEI Nº 1.256, DE 22 DE DEZEMBRO DE 2003, E SUAS ALTERAÇÕES PROMOVIDAS PELAS LEIS Nº 2.309, DE 09 DE MAIO DE 2017; Nº 3.067, DE 03 DE ABRIL DE 2024; E Nº 3.297, DE 13 DE NOVEMBRO DE 2025, BEM COMO PELA PORTARIA GAB/SEMED Nº 0340, DE 25 DE NOVEMBRO DE 2026. EMPENHO E LIQUIDAÇÃO REFERENTE AO MÊS DE MAIO/2026.";;;0;1545;0,00;0,00;Empenho;2.498,89;0,00;0,00;0,00
[20981-20260481];1;20981;20260481;2900;2900;2026;20981.1;03/07/2026;6307119000198;ACC DA CRECHE CANTIGA DE NINAR;7.102,73;7.102,73;"VALOR LIQUIDADO REFERENTE A: VALOR EMPENHADO REFERENTE A: VALOR EMPENHADO REFERENTE A: REPASSE DESTINADO AO CUSTEIO DAS DESPESAS DE GESTÃO ESCOLAR, EM CONFORMIDADE COM A LEI Nº 1.256, DE 22 DE DEZEMBRO DE 2003, E SUAS ALTERAÇÕES PROMOVIDAS PELAS LEIS Nº 2.309, DE 09 DE MAIO DE 2017; Nº 3.067, DE 03 DE ABRIL DE 2024; E Nº 3.297, DE 13 DE NOVEMBRO DE 2025, BEM COMO PELA PORTARIA GAB/SEMED Nº 0340, DE 25 DE NOVEMBRO DE 2026. EMPENHO E LIQUIDAÇÃO REFERENTE AO MÊS DE MAIO/2026.";;;0;1545;0,00;0,00;Liquidação;7.102,73;0,00;;7.102,73
[20981-20260481];0;20981;20260481;2900;2900;2026;20981;03/07/2026;6307119000198;ACC DA CRECHE CANTIGA DE NINAR;7.102,73;0,00;"VALOR EMPENHADO REFERENTE A: VALOR EMPENHADO REFERENTE A: VALOR EMPENHADO REFERENTE A: REPASSE DESTINADO AO CUSTEIO DAS DESPESAS DE GESTÃO ESCOLAR, EM CONFORMIDADE COM A LEI Nº 1.256, DE 22 DE DEZEMBRO DE 2003, E SUAS ALTERAÇÕES PROMOVIDAS PELAS LEIS Nº 2.309, DE 09 DE MAIO DE 2017; Nº 3.067, DE 03 DE ABRIL DE 2024; E Nº 3.297, DE 13 DE NOVEMBRO DE 2025, BEM COMO PELA PORTARIA GAB/SEMED Nº 0340, DE 25 DE NOVEMBRO DE 2026. EMPENHO E LIQUIDAÇÃO REFERENTE AO MÊS DE MAIO/2026.";;;0;1545;0,00;0,00;Empenho;7.102,73;0,00;0,00;0,00
[20980-20260480];1;20980;20260480;2900;2900;2026;20980.1;03/07/2026;6307119000198;ACC DA CRECHE CANTIGA DE NINAR;3.044,03;3.044,03;"VALOR LIQUIDADO REFERENTE A: VALOR EMPENHADO REFERENTE A: REPASSE DESTINADO AO CUSTEIO DAS DESPESAS DE GESTÃO ESCOLAR, EM CONFORMIDADE COM A LEI Nº 1.256, DE 22 DE DEZEMBRO DE 2003, E SUAS ALTERAÇÕES PROMOVIDAS PELAS LEIS Nº 2.309, DE 09 DE MAIO DE 2017; Nº 3.067, DE 03 DE ABRIL DE 2024; E Nº 3.297, DE 13 DE NOVEMBRO DE 2025, BEM COMO PELA PORTARIA GAB/SEMED Nº 0340, DE 25 DE NOVEMBRO DE 2026. EMPENHO E LIQUIDAÇÃO REFERENTE AO MÊS DE MAIO/2026.";;;0;1545;0,00;0,00;Liquidação;3.044,03;0,00;;3.044,03
[20980-20260480];0;20980;20260480;2900;2900;2026;20980;03/07/2026;6307119000198;ACC DA CRECHE CANTIGA DE NINAR;3.044,03;0,00;"VALOR EMPENHADO REFERENTE A: VALOR EMPENHADO REFERENTE A: REPASSE DESTINADO AO CUSTEIO DAS DESPESAS DE GESTÃO ESCOLAR, EM CONFORMIDADE COM A LEI Nº 1.256, DE 22 DE DEZEMBRO DE 2003, E SUAS ALTERAÇÕES PROMOVIDAS PELAS LEIS Nº 2.309, DE 09 DE MAIO DE 2017; Nº 3.067, DE 03 DE ABRIL DE 2024; E Nº 3.297, DE 13 DE NOVEMBRO DE 2025, BEM COMO PELA PORTARIA GAB/SEMED Nº 0340, DE 25 DE NOVEMBRO DE 2026. EMPENHO E LIQUIDAÇÃO REFERENTE AO MÊS DE MAIO/2026.";;;0;1545;0,00;0,00;Empenho;3.044,03;0,00;0,00;0,00
[20979-20260481];1;20979;20260481;2900;2900;2026;20979.1;03/07/2026;6307119000198;ACC DA CRECHE CANTIGA DE NINAR;2.433,05;2.433,05;"VALOR LIQUIDADO REFERENTE A: REPASSE DESTINADO AO CUSTEIO DAS DESPESAS DE GESTÃO ESCOLAR, EM CONFORMIDADE COM A LEI Nº 1.256, DE 22 DE DEZEMBRO DE 2003, E SUAS ALTERAÇÕES PROMOVIDAS PELAS LEIS Nº 2.309, DE 09 DE MAIO DE 2017; Nº 3.067, DE 03 DE ABRIL DE 2024; E Nº 3.297, DE 13 DE NOVEMBRO DE 2025, BEM COMO PELA PORTARIA GAB/SEMED Nº 0340, DE 25 DE NOVEMBRO DE 2026. EMPENHO E LIQUIDAÇÃO REFERENTE AO MÊS DE MAIO/2026.";;;0;1545;0,00;0,00;Liquidação;2.433,05;0,00;;2.433,05
[20979-20260481];0;20979;20260481;2900;2900;2026;20979;03/07/2026;6307119000198;ACC DA CRECHE CANTIGA DE NINAR;2.433,05;0,00;"VALOR EMPENHADO REFERENTE A: REPASSE DESTINADO AO CUSTEIO DAS DESPESAS DE GESTÃO ESCOLAR, EM CONFORMIDADE COM A LEI Nº 1.256, DE 22 DE DEZEMBRO DE 2003, E SUAS ALTERAÇÕES PROMOVIDAS PELAS LEIS Nº 2.309, DE 09 DE MAIO DE 2017; Nº 3.067, DE 03 DE ABRIL DE 2024; E Nº 3.297, DE 13 DE NOVEMBRO DE 2025, BEM COMO PELA PORTARIA GAB/SEMED Nº 0340, DE 25 DE NOVEMBRO DE 2026. EMPENHO E LIQUIDAÇÃO REFERENTE AO MÊS DE MAIO/2026.";;;0;1545;0,00;0,00;Empenho;2.433,05;0,00;0,00;0,00
[20978-20260480];1;20978;20260480;2900;2900;2026;20978.1;03/07/2026;6307119000198;ACC DA CRECHE CANTIGA DE NINAR;1.042,73;1.042,73;"REPASSE DESTINADO AO CUSTEIO DAS DESPESAS DE GESTÃO ESCOLAR, EM CONFORMIDADE COM A LEI Nº 1.256, DE 22 DE DEZEMBRO DE 2003, E SUAS ALTERAÇÕES PROMOVIDAS PELAS LEIS Nº 2.309, DE 09 DE MAIO DE 2017; Nº 3.067, DE 03 DE ABRIL DE 2024; E Nº 3.297, DE 13 DE NOVEMBRO DE 2025, BEM COMO PELA PORTARIA GAB/SEMED Nº 0340, DE 25 DE NOVEMBRO DE 2026. EMPENHO E LIQUIDAÇÃO REFERENTE AO MÊS DE MAIO/2026.";;;0;1545;0,00;0,00;Liquidação;1.042,73;0,00;;1.042,73
[20978-20260480];0;20978;20260480;2900;2900;2026;20978;03/07/2026;6307119000198;ACC DA CRECHE CANTIGA DE NINAR;1.042,73;0,00;"REPASSE DESTINADO AO CUSTEIO DAS DESPESAS DE GESTÃO ESCOLAR, EM CONFORMIDADE COM A LEI Nº 1.256, DE 22 DE DEZEMBRO DE 2003, E SUAS ALTERAÇÕES PROMOVIDAS PELAS LEIS Nº 2.309, DE 09 DE MAIO DE 2017; Nº 3.067, DE 03 DE ABRIL DE 2024; E Nº 3.297, DE 13 DE NOVEMBRO DE 2025, BEM COMO PELA PORTARIA GAB/SEMED Nº 0340, DE 25 DE NOVEMBRO DE 2026. EMPENHO E LIQUIDAÇÃO REFERENTE AO MÊS DE MAIO/2026.";;;0;1545;0,00;0,00;Empenho;1.042,73;0,00;0,00;0,00
[20977-20260481];1;20977;20260481;2900;2900;2026;20977.1;03/07/2026;36203095000198;ACCEI - CMEI ANA LUÍSA RODRIGUES VALDEVINO;3.008,43;3.008,43;"VALOR LIQUIDADO REFERENTE A: VALOR EMPENHADO REFERENTE A: VALOR EMPENHADO REFERENTE A: REPASSE DESTINADO AO CUSTEIO DAS DESPESAS DE GESTÃO ESCOLAR, EM CONFORMIDADE COM A LEI Nº 1.256, DE 22 DE DEZEMBRO DE 2003, E SUAS ALTERAÇÕES PROMOVIDAS PELAS LEIS Nº 2.309, DE 09 DE MAIO DE 2017; Nº 3.067, DE 03 DE ABRIL DE 2024; E Nº 3.297, DE 13 DE NOVEMBRO DE 2025, BEM COMO PELA PORTARIA GAB/SEMED Nº 0340, DE 25 DE NOVEMBRO DE 2026. EMPENHO E LIQUIDAÇÃO REFERENTE AO MÊS DE MAIO/2026.";;;0;1545;0,00;0,00;Liquidação;3.008,43;0,00;;3.008,43
[20977-20260481];0;20977;20260481;2900;2900;2026;20977;03/07/2026;36203095000198;ACCEI - CMEI ANA LUÍSA RODRIGUES VALDEVINO;3.008,43;0,00;"VALOR EMPENHADO REFERENTE A: VALOR EMPENHADO REFERENTE A: VALOR EMPENHADO REFERENTE A: REPASSE DESTINADO AO CUSTEIO DAS DESPESAS DE GESTÃO ESCOLAR, EM CONFORMIDADE COM A LEI Nº 1.256, DE 22 DE DEZEMBRO DE 2003, E SUAS ALTERAÇÕES PROMOVIDAS PELAS LEIS Nº 2.309, DE 09 DE MAIO DE 2017; Nº 3.067, DE 03 DE ABRIL DE 2024; E Nº 3.297, DE 13 DE NOVEMBRO DE 2025, BEM COMO PELA PORTARIA GAB/SEMED Nº 0340, DE 25 DE NOVEMBRO DE 2026. EMPENHO E LIQUIDAÇÃO REFERENTE AO MÊS DE MAIO/2026.";;;0;1545;0,00;0,00;Empenho;3.008,43;0,00;0,00;0,00
[20976-20260480];1;20976;20260480;2900;2900;2026;20976.1;03/07/2026;36203095000198;ACCEI - CMEI ANA LUÍSA RODRIGUES VALDEVINO;1.289,33;1.289,33;"VALOR LIQUIDADO REFERENTE A: VALOR EMPENHADO REFERENTE A: REPASSE DESTINADO AO CUSTEIO DAS DESPESAS DE GESTÃO ESCOLAR, EM CONFORMIDADE COM A LEI Nº 1.256, DE 22 DE DEZEMBRO DE 2003, E SUAS ALTERAÇÕES PROMOVIDAS PELAS LEIS Nº 2.309, DE 09 DE MAIO DE 2017; Nº 3.067, DE 03 DE ABRIL DE 2024; E Nº 3.297, DE 13 DE NOVEMBRO DE 2025, BEM COMO PELA PORTARIA GAB/SEMED Nº 0340, DE 25 DE NOVEMBRO DE 2026. EMPENHO E LIQUIDAÇÃO REFERENTE AO MÊS DE MAIO/2026.";;;0;1545;0,00;0,00;Liquidação;1.289,33;0,00;;1.289,33
[20976-20260480];0;20976;20260480;2900;2900;2026;20976;03/07/2026;36203095000198;ACCEI - CMEI ANA LUÍSA RODRIGUES VALDEVINO;1.289,33;0,00;"VALOR EMPENHADO REFERENTE A: VALOR EMPENHADO REFERENTE A: REPASSE DESTINADO AO CUSTEIO DAS DESPESAS DE GESTÃO ESCOLAR, EM CONFORMIDADE COM A LEI Nº 1.256, DE 22 DE DEZEMBRO DE 2003, E SUAS ALTERAÇÕES PROMOVIDAS PELAS LEIS Nº 2.309, DE 09 DE MAIO DE 2017; Nº 3.067, DE 03 DE ABRIL DE 2024; E Nº 3.297, DE 13 DE NOVEMBRO DE 2025, BEM COMO PELA PORTARIA GAB/SEMED Nº 0340, DE 25 DE NOVEMBRO DE 2026. EMPENHO E LIQUIDAÇÃO REFERENTE AO MÊS DE MAIO/2026.";;;0;1545;0,00;0,00;Empenho;1.289,33;0,00;0,00;0,00
[20975-20260481];1;20975;20260481;2900;2900;2026;20975.1;03/07/2026;36203095000198;ACCEI - CMEI ANA LUÍSA RODRIGUES VALDEVINO;5.330,64;5.330,64;"VALOR LIQUIDADO REFERENTE A: REPASSE DESTINADO AO CUSTEIO DAS DESPESAS DE GESTÃO ESCOLAR, EM CONFORMIDADE COM A LEI Nº 1.256, DE 22 DE DEZEMBRO DE 2003, E SUAS ALTERAÇÕES PROMOVIDAS PELAS LEIS Nº 2.309, DE 09 DE MAIO DE 2017; Nº 3.067, DE 03 DE ABRIL DE 2024; E Nº 3.297, DE 13 DE NOVEMBRO DE 2025, BEM COMO PELA PORTARIA GAB/SEMED Nº 0340, DE 25 DE NOVEMBRO DE 2026. EMPENHO E LIQUIDAÇÃO REFERENTE AO MÊS DE MAIO/2026.";;;0;1545;0,00;0,00;Liquidação;5.330,64;0,00;;5.330,64
[20975-20260481];0;20975;20260481;2900;2900;2026;20975;03/07/2026;36203095000198;ACCEI - CMEI ANA LUÍSA RODRIGUES VALDEVINO;5.330,64;0,00;"VALOR EMPENHADO REFERENTE A: REPASSE DESTINADO AO CUSTEIO DAS DESPESAS DE GESTÃO ESCOLAR, EM CONFORMIDADE COM A LEI Nº 1.256, DE 22 DE DEZEMBRO DE 2003, E SUAS ALTERAÇÕES PROMOVIDAS PELAS LEIS Nº 2.309, DE 09 DE MAIO DE 2017; Nº 3.067, DE 03 DE ABRIL DE 2024; E Nº 3.297, DE 13 DE NOVEMBRO DE 2025, BEM COMO PELA PORTARIA GAB/SEMED Nº 0340, DE 25 DE NOVEMBRO DE 2026. EMPENHO E LIQUIDAÇÃO REFERENTE AO MÊS DE MAIO/2026.";;;0;1545;0,00;0,00;Empenho;5.330,64;0,00;0,00;0,00
[20974-20260480];1;20974;20260480;2900;2900;2026;20974.1;03/07/2026;36203095000198;ACCEI - CMEI ANA LUÍSA RODRIGUES VALDEVINO;2.284,56;2.284,56;"REPASSE DESTINADO AO CUSTEIO DAS DESPESAS DE GESTÃO ESCOLAR, EM CONFORMIDADE COM A LEI Nº 1.256, DE 22 DE DEZEMBRO DE 2003, E SUAS ALTERAÇÕES PROMOVIDAS PELAS LEIS Nº 2.309, DE 09 DE MAIO DE 2017; Nº 3.067, DE 03 DE ABRIL DE 2024; E Nº 3.297, DE 13 DE NOVEMBRO DE 2025, BEM COMO PELA PORTARIA GAB/SEMED Nº 0340, DE 25 DE NOVEMBRO DE 2026. EMPENHO E LIQUIDAÇÃO REFERENTE AO MÊS DE MAIO/2026.";;;0;1545;0,00;0,00;Liquidação;2.284,56;0,00;;2.284,56
[20974-20260480];0;20974;20260480;2900;2900;2026;20974;03/07/2026;36203095000198;ACCEI - CMEI ANA LUÍSA RODRIGUES VALDEVINO;2.284,56;0,00;"REPASSE DESTINADO AO CUSTEIO DAS DESPESAS DE GESTÃO ESCOLAR, EM CONFORMIDADE COM A LEI Nº 1.256, DE 22 DE DEZEMBRO DE 2003, E SUAS ALTERAÇÕES PROMOVIDAS PELAS LEIS Nº 2.309, DE 09 DE MAIO DE 2017; Nº 3.067, DE 03 DE ABRIL DE 2024; E Nº 3.297, DE 13 DE NOVEMBRO DE 2025, BEM COMO PELA PORTARIA GAB/SEMED Nº 0340, DE 25 DE NOVEMBRO DE 2026. EMPENHO E LIQUIDAÇÃO REFERENTE AO MÊS DE MAIO/2026.";;;0;1545;0,00;0,00;Empenho;2.284,56;0,00;0,00;0,00
[20973-20260481];1;20973;20260481;2900;2900;2026;20973.1;03/07/2026;9503060000100;ACCEI - CMEI AMANCIO JOSE DE MORAES;3.616,69;3.616,69;"VALOR LIQUIDADO REFERENTE A: VALOR EMPENHADO REFERENTE A: VALOR EMPENHADO REFERENTE A: REPASSE DESTINADO AO CUSTEIO DAS DESPESAS DE GESTÃO ESCOLAR, EM CONFORMIDADE COM A LEI Nº 1.256, DE 22 DE DEZEMBRO DE 2003, E SUAS ALTERAÇÕES PROMOVIDAS PELAS LEIS Nº 2.309, DE 09 DE MAIO DE 2017; Nº 3.067, DE 03 DE ABRIL DE 2024; E Nº 3.297, DE 13 DE NOVEMBRO DE 2025, BEM COMO PELA PORTARIA GAB/SEMED Nº 0340, DE 25 DE NOVEMBRO DE 2026. EMPENHO E LIQUIDAÇÃO REFERENTE AO MÊS DE MAIO/2026.";;;0;1545;0,00;0,00;Liquidação;3.616,69;0,00;;3.616,69
[20973-20260481];0;20973;20260481;2900;2900;2026;20973;03/07/2026;9503060000100;ACCEI - CMEI AMANCIO JOSE DE MORAES;3.616,69;0,00;"VALOR EMPENHADO REFERENTE A: VALOR EMPENHADO REFERENTE A: VALOR EMPENHADO REFERENTE A: REPASSE DESTINADO AO CUSTEIO DAS DESPESAS DE GESTÃO ESCOLAR, EM CONFORMIDADE COM A LEI Nº 1.256, DE 22 DE DEZEMBRO DE 2003, E SUAS ALTERAÇÕES PROMOVIDAS PELAS LEIS Nº 2.309, DE 09 DE MAIO DE 2017; Nº 3.067, DE 03 DE ABRIL DE 2024; E Nº 3.297, DE 13 DE NOVEMBRO DE 2025, BEM COMO PELA PORTARIA GAB/SEMED Nº 0340, DE 25 DE NOVEMBRO DE 2026. EMPENHO E LIQUIDAÇÃO REFERENTE AO MÊS DE MAIO/2026.";;;0;1545;0,00;0,00;Empenho;3.616,69;0,00;0,00;0,00
[20972-20260480];1;20972;20260480;2900;2900;2026;20972.1;03/07/2026;9503060000100;ACCEI - CMEI AMANCIO JOSE DE MORAES;1.550,01;1.550,01;"VALOR LIQUIDADO REFERENTE A: VALOR EMPENHADO REFERENTE A: REPASSE DESTINADO AO CUSTEIO DAS DESPESAS DE GESTÃO ESCOLAR, EM CONFORMIDADE COM A LEI Nº 1.256, DE 22 DE DEZEMBRO DE 2003, E SUAS ALTERAÇÕES PROMOVIDAS PELAS LEIS Nº 2.309, DE 09 DE MAIO DE 2017; Nº 3.067, DE 03 DE ABRIL DE 2024; E Nº 3.297, DE 13 DE NOVEMBRO DE 2025, BEM COMO PELA PORTARIA GAB/SEMED Nº 0340, DE 25 DE NOVEMBRO DE 2026. EMPENHO E LIQUIDAÇÃO REFERENTE AO MÊS DE MAIO/2026.";;;0;1545;0,00;0,00;Liquidação;1.550,01;0,00;;1.550,01
[20972-20260480];0;20972;20260480;2900;2900;2026;20972;03/07/2026;9503060000100;ACCEI - CMEI AMANCIO JOSE DE MORAES;1.550,01;0,00;"VALOR EMPENHADO REFERENTE A: VALOR EMPENHADO REFERENTE A: REPASSE DESTINADO AO CUSTEIO DAS DESPESAS DE GESTÃO ESCOLAR, EM CONFORMIDADE COM A LEI Nº 1.256, DE 22 DE DEZEMBRO DE 2003, E SUAS ALTERAÇÕES PROMOVIDAS PELAS LEIS Nº 2.309, DE 09 DE MAIO DE 2017; Nº 3.067, DE 03 DE ABRIL DE 2024; E Nº 3.297, DE 13 DE NOVEMBRO DE 2025, BEM COMO PELA PORTARIA GAB/SEMED Nº 0340, DE 25 DE NOVEMBRO DE 2026. EMPENHO E LIQUIDAÇÃO REFERENTE AO MÊS DE MAIO/2026.";;;0;1545;0,00;0,00;Empenho;1.550,01;0,00;0,00;0,00
[20971-20260481];1;20971;20260481;2900;2900;2026;20971.1;03/07/2026;9503060000100;ACCEI - CMEI AMANCIO JOSE DE MORAES;4.858,48;4.858,48;"VALOR LIQUIDADO REFERENTE A: REPASSE DESTINADO AO CUSTEIO DAS DESPESAS DE GESTÃO ESCOLAR, EM CONFORMIDADE COM A LEI Nº 1.256, DE 22 DE DEZEMBRO DE 2003, E SUAS ALTERAÇÕES PROMOVIDAS PELAS LEIS Nº 2.309, DE 09 DE MAIO DE 2017; Nº 3.067, DE 03 DE ABRIL DE 2024; E Nº 3.297, DE 13 DE NOVEMBRO DE 2025, BEM COMO PELA PORTARIA GAB/SEMED Nº 0340, DE 25 DE NOVEMBRO DE 2026. EMPENHO E LIQUIDAÇÃO REFERENTE AO MÊS DE MAIO/2026.";;;0;1545;0,00;0,00;Liquidação;4.858,48;0,00;;4.858,48
[20971-20260481];0;20971;20260481;2900;2900;2026;20971;03/07/2026;9503060000100;ACCEI - CMEI AMANCIO JOSE DE MORAES;4.858,48;0,00;"VALOR EMPENHADO REFERENTE A: REPASSE DESTINADO AO CUSTEIO DAS DESPESAS DE GESTÃO ESCOLAR, EM CONFORMIDADE COM A LEI Nº 1.256, DE 22 DE DEZEMBRO DE 2003, E SUAS ALTERAÇÕES PROMOVIDAS PELAS LEIS Nº 2.309, DE 09 DE MAIO DE 2017; Nº 3.067, DE 03 DE ABRIL DE 2024; E Nº 3.297, DE 13 DE NOVEMBRO DE 2025, BEM COMO PELA PORTARIA GAB/SEMED Nº 0340, DE 25 DE NOVEMBRO DE 2026. EMPENHO E LIQUIDAÇÃO REFERENTE AO MÊS DE MAIO/2026.";;;0;1545;0,00;0,00;Empenho;4.858,48;0,00;0,00;0,00
[20970-20260480];1;20970;20260480;2900;2900;2026;20970.1;03/07/2026;9503060000100;ACCEI - CMEI AMANCIO JOSE DE MORAES;2.082,21;2.082,21;"REPASSE DESTINADO AO CUSTEIO DAS DESPESAS DE GESTÃO ESCOLAR, EM CONFORMIDADE COM A LEI Nº 1.256, DE 22 DE DEZEMBRO DE 2003, E SUAS ALTERAÇÕES PROMOVIDAS PELAS LEIS Nº 2.309, DE 09 DE MAIO DE 2017; Nº 3.067, DE 03 DE ABRIL DE 2024; E Nº 3.297, DE 13 DE NOVEMBRO DE 2025, BEM COMO PELA PORTARIA GAB/SEMED Nº 0340, DE 25 DE NOVEMBRO DE 2026. EMPENHO E LIQUIDAÇÃO REFERENTE AO MÊS DE MAIO/2026.";;;0;1545;0,00;0,00;Liquidação;2.082,21;0,00;;2.082,21
[20970-20260480];0;20970;20260480;2900;2900;2026;20970;03/07/2026;9503060000100;ACCEI - CMEI AMANCIO JOSE DE MORAES;2.082,21;0,00;"REPASSE DESTINADO AO CUSTEIO DAS DESPESAS DE GESTÃO ESCOLAR, EM CONFORMIDADE COM A LEI Nº 1.256, DE 22 DE DEZEMBRO DE 2003, E SUAS ALTERAÇÕES PROMOVIDAS PELAS LEIS Nº 2.309, DE 09 DE MAIO DE 2017; Nº 3.067, DE 03 DE ABRIL DE 2024; E Nº 3.297, DE 13 DE NOVEMBRO DE 2025, BEM COMO PELA PORTARIA GAB/SEMED Nº 0340, DE 25 DE NOVEMBRO DE 2026. EMPENHO E LIQUIDAÇÃO REFERENTE AO MÊS DE MAIO/2026.";;;0;1545;0,00;0,00;Empenho;2.082,21;0,00;0,00;0,00
[20969-20260481];1;20969;20260481;2900;2900;2026;20969.1;03/07/2026;6303920000165;ACCEI  - ACONCHEGO;3.107,07;3.107,07;"VALOR LIQUIDADO REFERENTE A: VALOR EMPENHADO REFERENTE A: VALOR EMPENHADO REFERENTE A: REPASSE DESTINADO AO CUSTEIO DAS DESPESAS DE GESTÃO ESCOLAR, EM CONFORMIDADE COM A LEI Nº 1.256, DE 22 DE DEZEMBRO DE 2003, E SUAS ALTERAÇÕES PROMOVIDAS PELAS LEIS Nº 2.309, DE 09 DE MAIO DE 2017; Nº 3.067, DE 03 DE ABRIL DE 2024; E Nº 3.297, DE 13 DE NOVEMBRO DE 2025, BEM COMO PELA PORTARIA GAB/SEMED Nº 0340, DE 25 DE NOVEMBRO DE 2026. EMPENHO E LIQUIDAÇÃO REFERENTE AO MÊS DE MAIO/2026.";;;0;1545;0,00;0,00;Liquidação;3.107,07;0,00;;3.107,07
[20969-20260481];0;20969;20260481;2900;2900;2026;20969;03/07/2026;6303920000165;ACCEI  - ACONCHEGO;3.107,07;0,00;"VALOR EMPENHADO REFERENTE A: VALOR EMPENHADO REFERENTE A: VALOR EMPENHADO REFERENTE A: REPASSE DESTINADO AO CUSTEIO DAS DESPESAS DE GESTÃO ESCOLAR, EM CONFORMIDADE COM A LEI Nº 1.256, DE 22 DE DEZEMBRO DE 2003, E SUAS ALTERAÇÕES PROMOVIDAS PELAS LEIS Nº 2.309, DE 09 DE MAIO DE 2017; Nº 3.067, DE 03 DE ABRIL DE 2024; E Nº 3.297, DE 13 DE NOVEMBRO DE 2025, BEM COMO PELA PORTARIA GAB/SEMED Nº 0340, DE 25 DE NOVEMBRO DE 2026. EMPENHO E LIQUIDAÇÃO REFERENTE AO MÊS DE MAIO/2026.";;;0;1545;0,00;0,00;Empenho;3.107,07;0,00;0,00;0,00
[20968-20260480];1;20968;20260480;2900;2900;2026;20968.1;03/07/2026;6303920000165;ACCEI  - ACONCHEGO;1.331,60;1.331,60;"VALOR LIQUIDADO REFERENTE A: VALOR EMPENHADO REFERENTE A: REPASSE DESTINADO AO CUSTEIO DAS DESPESAS DE GESTÃO ESCOLAR, EM CONFORMIDADE COM A LEI Nº 1.256, DE 22 DE DEZEMBRO DE 2003, E SUAS ALTERAÇÕES PROMOVIDAS PELAS LEIS Nº 2.309, DE 09 DE MAIO DE 2017; Nº 3.067, DE 03 DE ABRIL DE 2024; E Nº 3.297, DE 13 DE NOVEMBRO DE 2025, BEM COMO PELA PORTARIA GAB/SEMED Nº 0340, DE 25 DE NOVEMBRO DE 2026. EMPENHO E LIQUIDAÇÃO REFERENTE AO MÊS DE MAIO/2026.";;;0;1545;0,00;0,00;Liquidação;1.331,60;0,00;;1.331,60
[20968-20260480];0;20968;20260480;2900;2900;2026;20968;03/07/2026;6303920000165;ACCEI  - ACONCHEGO;1.331,60;0,00;"VALOR EMPENHADO REFERENTE A: VALOR EMPENHADO REFERENTE A: REPASSE DESTINADO AO CUSTEIO DAS DESPESAS DE GESTÃO ESCOLAR, EM CONFORMIDADE COM A LEI Nº 1.256, DE 22 DE DEZEMBRO DE 2003, E SUAS ALTERAÇÕES PROMOVIDAS PELAS LEIS Nº 2.309, DE 09 DE MAIO DE 2017; Nº 3.067, DE 03 DE ABRIL DE 2024; E Nº 3.297, DE 13 DE NOVEMBRO DE 2025, BEM COMO PELA PORTARIA GAB/SEMED Nº 0340, DE 25 DE NOVEMBRO DE 2026. EMPENHO E LIQUIDAÇÃO REFERENTE AO MÊS DE MAIO/2026.";;;0;1545;0,00;0,00;Empenho;1.331,60;0,00;0,00;0,00
[20967-20260481];1;20967;20260481;2900;2900;2026;20967.1;03/07/2026;6303920000165;ACCEI  - ACONCHEGO;2.268,65;2.268,65;"VALOR LIQUIDADO REFERENTE A: REPASSE DESTINADO AO CUSTEIO DAS DESPESAS DE GESTÃO ESCOLAR, EM CONFORMIDADE COM A LEI Nº 1.256, DE 22 DE DEZEMBRO DE 2003, E SUAS ALTERAÇÕES PROMOVIDAS PELAS LEIS Nº 2.309, DE 09 DE MAIO DE 2017; Nº 3.067, DE 03 DE ABRIL DE 2024; E Nº 3.297, DE 13 DE NOVEMBRO DE 2025, BEM COMO PELA PORTARIA GAB/SEMED Nº 0340, DE 25 DE NOVEMBRO DE 2026. EMPENHO E LIQUIDAÇÃO REFERENTE AO MÊS DE MAIO/2026.";;;0;1545;0,00;0,00;Liquidação;2.268,65;0,00;;2.268,65
[20967-20260481];0;20967;20260481;2900;2900;2026;20967;03/07/2026;6303920000165;ACCEI  - ACONCHEGO;2.268,65;0,00;"VALOR EMPENHADO REFERENTE A: REPASSE DESTINADO AO CUSTEIO DAS DESPESAS DE GESTÃO ESCOLAR, EM CONFORMIDADE COM A LEI Nº 1.256, DE 22 DE DEZEMBRO DE 2003, E SUAS ALTERAÇÕES PROMOVIDAS PELAS LEIS Nº 2.309, DE 09 DE MAIO DE 2017; Nº 3.067, DE 03 DE ABRIL DE 2024; E Nº 3.297, DE 13 DE NOVEMBRO DE 2025, BEM COMO PELA PORTARIA GAB/SEMED Nº 0340, DE 25 DE NOVEMBRO DE 2026. EMPENHO E LIQUIDAÇÃO REFERENTE AO MÊS DE MAIO/2026.";;;0;1545;0,00;0,00;Empenho;2.268,65;0,00;0,00;0,00
[20966-20260480];1;20966;20260480;2900;2900;2026;20966.1;03/07/2026;6303920000165;ACCEI  - ACONCHEGO;972,28;972,28;"REPASSE DESTINADO AO CUSTEIO DAS DESPESAS DE GESTÃO ESCOLAR, EM CONFORMIDADE COM A LEI Nº 1.256, DE 22 DE DEZEMBRO DE 2003, E SUAS ALTERAÇÕES PROMOVIDAS PELAS LEIS Nº 2.309, DE 09 DE MAIO DE 2017; Nº 3.067, DE 03 DE ABRIL DE 2024; E Nº 3.297, DE 13 DE NOVEMBRO DE 2025, BEM COMO PELA PORTARIA GAB/SEMED Nº 0340, DE 25 DE NOVEMBRO DE 2026. EMPENHO E LIQUIDAÇÃO REFERENTE AO MÊS DE MAIO/2026.";;;0;1545;0,00;0,00;Liquidação;972,28;0,00;;972,28
[20966-20260480];0;20966;20260480;2900;2900;2026;20966;03/07/2026;6303920000165;ACCEI  - ACONCHEGO;972,28;0,00;"REPASSE DESTINADO AO CUSTEIO DAS DESPESAS DE GESTÃO ESCOLAR, EM CONFORMIDADE COM A LEI Nº 1.256, DE 22 DE DEZEMBRO DE 2003, E SUAS ALTERAÇÕES PROMOVIDAS PELAS LEIS Nº 2.309, DE 09 DE MAIO DE 2017; Nº 3.067, DE 03 DE ABRIL DE 2024; E Nº 3.297, DE 13 DE NOVEMBRO DE 2025, BEM COMO PELA PORTARIA GAB/SEMED Nº 0340, DE 25 DE NOVEMBRO DE 2026. EMPENHO E LIQUIDAÇÃO REFERENTE AO MÊS DE MAIO/2026.";;;0;1545;0,00;0,00;Empenho;972,28;0,00;0,00;0,00
[20965-20260428];1;20965;20260428;2900;2900;2026;20965.1;03/07/2026;6064482000120;ACCEI - CMEI SONHO ENCANTADO;1.151,94;1.151,94;"VALOR LIQUIDADO REFERENTE A: VALOR EMPENHADO REFERENTE A: VALOR EMPENHADO REFERENTE A: VALOR EMPENHADO REFERENTE A: VALOR EMPENHADO REFERENTE A: REPASSE DESTINADO AO CUSTEIO DAS DESPESAS DE GESTÃO ESCOLAR, EM CONFORMIDADE COM A LEI Nº 1.256, DE 22 DE DEZEMBRO DE 2003, E SUAS ALTERAÇÕES PROMOVIDAS PELAS LEIS Nº 2.309, DE 09 DE MAIO DE 2017; Nº 3.067, DE 03 DE ABRIL DE 2024; E Nº 3.297, DE 13 DE NOVEMBRO DE 2025, BEM COMO PELA PORTARIA GAB/SEMED Nº 0340, DE 25 DE NOVEMBRO DE 2026. EMPENHO E LIQUIDAÇÃO REFERENTE AO MÊS DE MAIO/2026.";;;0;1545;0,00;0,00;Liquidação;1.151,94;0,00;;1.151,94
[20965-20260428];0;20965;20260428;2900;2900;2026;20965;03/07/2026;6064482000120;ACCEI - CMEI SONHO ENCANTADO;1.151,94;0,00;"VALOR EMPENHADO REFERENTE A: VALOR EMPENHADO REFERENTE A: VALOR EMPENHADO REFERENTE A: VALOR EMPENHADO REFERENTE A: VALOR EMPENHADO REFERENTE A: REPASSE DESTINADO AO CUSTEIO DAS DESPESAS DE GESTÃO ESCOLAR, EM CONFORMIDADE COM A LEI Nº 1.256, DE 22 DE DEZEMBRO DE 2003, E SUAS ALTERAÇÕES PROMOVIDAS PELAS LEIS Nº 2.309, DE 09 DE MAIO DE 2017; Nº 3.067, DE 03 DE ABRIL DE 2024; E Nº 3.297, DE 13 DE NOVEMBRO DE 2025, BEM COMO PELA PORTARIA GAB/SEMED Nº 0340, DE 25 DE NOVEMBRO DE 2026. EMPENHO E LIQUIDAÇÃO REFERENTE AO MÊS DE MAIO/2026.";;;0;1545;0,00;0,00;Empenho;1.151,94;0,00;0,00;0,00
[20964-20260427];1;20964;20260427;2900;2900;2026;20964.1;03/07/2026;6064482000120;ACCEI - CMEI SONHO ENCANTADO;1.407,93;1.407,93;"VALOR LIQUIDADO REFERENTE A: VALOR EMPENHADO REFERENTE A: VALOR EMPENHADO REFERENTE A: VALOR EMPENHADO REFERENTE A: REPASSE DESTINADO AO CUSTEIO DAS DESPESAS DE GESTÃO ESCOLAR, EM CONFORMIDADE COM A LEI Nº 1.256, DE 22 DE DEZEMBRO DE 2003, E SUAS ALTERAÇÕES PROMOVIDAS PELAS LEIS Nº 2.309, DE 09 DE MAIO DE 2017; Nº 3.067, DE 03 DE ABRIL DE 2024; E Nº 3.297, DE 13 DE NOVEMBRO DE 2025, BEM COMO PELA PORTARIA GAB/SEMED Nº 0340, DE 25 DE NOVEMBRO DE 2026. EMPENHO E LIQUIDAÇÃO REFERENTE AO MÊS DE MAIO/2026.";;;0;1545;0,00;0,00;Liquidação;1.407,93;0,00;;1.407,93
[20964-20260427];0;20964;20260427;2900;2900;2026;20964;03/07/2026;6064482000120;ACCEI - CMEI SONHO ENCANTADO;1.407,93;0,00;"VALOR EMPENHADO REFERENTE A: VALOR EMPENHADO REFERENTE A: VALOR EMPENHADO REFERENTE A: VALOR EMPENHADO REFERENTE A: REPASSE DESTINADO AO CUSTEIO DAS DESPESAS DE GESTÃO ESCOLAR, EM CONFORMIDADE COM A LEI Nº 1.256, DE 22 DE DEZEMBRO DE 2003, E SUAS ALTERAÇÕES PROMOVIDAS PELAS LEIS Nº 2.309, DE 09 DE MAIO DE 2017; Nº 3.067, DE 03 DE ABRIL DE 2024; E Nº 3.297, DE 13 DE NOVEMBRO DE 2025, BEM COMO PELA PORTARIA GAB/SEMED Nº 0340, DE 25 DE NOVEMBRO DE 2026. EMPENHO E LIQUIDAÇÃO REFERENTE AO MÊS DE MAIO/2026.";;;0;1545;0,00;0,00;Empenho;1.407,93;0,00;0,00;0,00
[20963-20260481];1;20963;20260481;2900;2900;2026;20963.1;03/07/2026;6064482000120;ACCEI - CMEI SONHO ENCANTADO;2.705,47;2.705,47;"VALOR LIQUIDADO REFERENTE A: VALOR EMPENHADO REFERENTE A: VALOR EMPENHADO REFERENTE A: REPASSE DESTINADO AO CUSTEIO DAS DESPESAS DE GESTÃO ESCOLAR, EM CONFORMIDADE COM A LEI Nº 1.256, DE 22 DE DEZEMBRO DE 2003, E SUAS ALTERAÇÕES PROMOVIDAS PELAS LEIS Nº 2.309, DE 09 DE MAIO DE 2017; Nº 3.067, DE 03 DE ABRIL DE 2024; E Nº 3.297, DE 13 DE NOVEMBRO DE 2025, BEM COMO PELA PORTARIA GAB/SEMED Nº 0340, DE 25 DE NOVEMBRO DE 2026. EMPENHO E LIQUIDAÇÃO REFERENTE AO MÊS DE MAIO/2026.";;;0;1545;0,00;0,00;Liquidação;2.705,47;0,00;;2.705,47
[20963-20260481];0;20963;20260481;2900;2900;2026;20963;03/07/2026;6064482000120;ACCEI - CMEI SONHO ENCANTADO;2.705,47;0,00;"VALOR EMPENHADO REFERENTE A: VALOR EMPENHADO REFERENTE A: VALOR EMPENHADO REFERENTE A: REPASSE DESTINADO AO CUSTEIO DAS DESPESAS DE GESTÃO ESCOLAR, EM CONFORMIDADE COM A LEI Nº 1.256, DE 22 DE DEZEMBRO DE 2003, E SUAS ALTERAÇÕES PROMOVIDAS PELAS LEIS Nº 2.309, DE 09 DE MAIO DE 2017; Nº 3.067, DE 03 DE ABRIL DE 2024; E Nº 3.297, DE 13 DE NOVEMBRO DE 2025, BEM COMO PELA PORTARIA GAB/SEMED Nº 0340, DE 25 DE NOVEMBRO DE 2026. EMPENHO E LIQUIDAÇÃO REFERENTE AO MÊS DE MAIO/2026.";;;0;1545;0,00;0,00;Empenho;2.705,47;0,00;0,00;0,00
[20962-20260480];1;20962;20260480;2900;2900;2026;20962.1;03/07/2026;6064482000120;ACCEI - CMEI SONHO ENCANTADO;3.306,69;3.306,69;"VALOR LIQUIDADO REFERENTE A: VALOR EMPENHADO REFERENTE A: REPASSE DESTINADO AO CUSTEIO DAS DESPESAS DE GESTÃO ESCOLAR, EM CONFORMIDADE COM A LEI Nº 1.256, DE 22 DE DEZEMBRO DE 2003, E SUAS ALTERAÇÕES PROMOVIDAS PELAS LEIS Nº 2.309, DE 09 DE MAIO DE 2017; Nº 3.067, DE 03 DE ABRIL DE 2024; E Nº 3.297, DE 13 DE NOVEMBRO DE 2025, BEM COMO PELA PORTARIA GAB/SEMED Nº 0340, DE 25 DE NOVEMBRO DE 2026. EMPENHO E LIQUIDAÇÃO REFERENTE AO MÊS DE MAIO/2026.";;;0;1545;0,00;0,00;Liquidação;3.306,69;0,00;;3.306,69
[20962-20260480];0;20962;20260480;2900;2900;2026;20962;03/07/2026;6064482000120;ACCEI - CMEI SONHO ENCANTADO;3.306,69;0,00;"VALOR EMPENHADO REFERENTE A: VALOR EMPENHADO REFERENTE A: REPASSE DESTINADO AO CUSTEIO DAS DESPESAS DE GESTÃO ESCOLAR, EM CONFORMIDADE COM A LEI Nº 1.256, DE 22 DE DEZEMBRO DE 2003, E SUAS ALTERAÇÕES PROMOVIDAS PELAS LEIS Nº 2.309, DE 09 DE MAIO DE 2017; Nº 3.067, DE 03 DE ABRIL DE 2024; E Nº 3.297, DE 13 DE NOVEMBRO DE 2025, BEM COMO PELA PORTARIA GAB/SEMED Nº 0340, DE 25 DE NOVEMBRO DE 2026. EMPENHO E LIQUIDAÇÃO REFERENTE AO MÊS DE MAIO/2026.";;;0;1545;0,00;0,00;Empenho;3.306,69;0,00;0,00;0,00
[20961-20260481];1;20961;20260481;2900;2900;2026;20961.1;03/07/2026;6064482000120;ACCEI - CMEI SONHO ENCANTADO;496,71;496,71;"VALOR LIQUIDADO REFERENTE A: REPASSE DESTINADO AO CUSTEIO DAS DESPESAS DE GESTÃO ESCOLAR, EM CONFORMIDADE COM A LEI Nº 1.256, DE 22 DE DEZEMBRO DE 2003, E SUAS ALTERAÇÕES PROMOVIDAS PELAS LEIS Nº 2.309, DE 09 DE MAIO DE 2017; Nº 3.067, DE 03 DE ABRIL DE 2024; E Nº 3.297, DE 13 DE NOVEMBRO DE 2025, BEM COMO PELA PORTARIA GAB/SEMED Nº 0340, DE 25 DE NOVEMBRO DE 2026. EMPENHO E LIQUIDAÇÃO REFERENTE AO MÊS DE MAIO/2026.";;;0;1545;0,00;0,00;Liquidação;496,71;0,00;;496,71
[20961-20260481];0;20961;20260481;2900;2900;2026;20961;03/07/2026;6064482000120;ACCEI - CMEI SONHO ENCANTADO;496,71;0,00;"VALOR EMPENHADO REFERENTE A: REPASSE DESTINADO AO CUSTEIO DAS DESPESAS DE GESTÃO ESCOLAR, EM CONFORMIDADE COM A LEI Nº 1.256, DE 22 DE DEZEMBRO DE 2003, E SUAS ALTERAÇÕES PROMOVIDAS PELAS LEIS Nº 2.309, DE 09 DE MAIO DE 2017; Nº 3.067, DE 03 DE ABRIL DE 2024; E Nº 3.297, DE 13 DE NOVEMBRO DE 2025, BEM COMO PELA PORTARIA GAB/SEMED Nº 0340, DE 25 DE NOVEMBRO DE 2026. EMPENHO E LIQUIDAÇÃO REFERENTE AO MÊS DE MAIO/2026.";;;0;1545;0,00;0,00;Empenho;496,71;0,00;0,00;0,00
[20960-20260480];1;20960;20260480;2900;2900;2026;20960.1;03/07/2026;6064482000120;ACCEI - CMEI SONHO ENCANTADO;607,09;607,09;"REPASSE DESTINADO AO CUSTEIO DAS DESPESAS DE GESTÃO ESCOLAR, EM CONFORMIDADE COM A LEI Nº 1.256, DE 22 DE DEZEMBRO DE 2003, E SUAS ALTERAÇÕES PROMOVIDAS PELAS LEIS Nº 2.309, DE 09 DE MAIO DE 2017; Nº 3.067, DE 03 DE ABRIL DE 2024; E Nº 3.297, DE 13 DE NOVEMBRO DE 2025, BEM COMO PELA PORTARIA GAB/SEMED Nº 0340, DE 25 DE NOVEMBRO DE 2026. EMPENHO E LIQUIDAÇÃO REFERENTE AO MÊS DE MAIO/2026.";;;0;1545;0,00;0,00;Liquidação;607,09;0,00;;607,09
[20960-20260480];0;20960;20260480;2900;2900;2026;20960;03/07/2026;6064482000120;ACCEI - CMEI SONHO ENCANTADO;607,09;0,00;"REPASSE DESTINADO AO CUSTEIO DAS DESPESAS DE GESTÃO ESCOLAR, EM CONFORMIDADE COM A LEI Nº 1.256, DE 22 DE DEZEMBRO DE 2003, E SUAS ALTERAÇÕES PROMOVIDAS PELAS LEIS Nº 2.309, DE 09 DE MAIO DE 2017; Nº 3.067, DE 03 DE ABRIL DE 2024; E Nº 3.297, DE 13 DE NOVEMBRO DE 2025, BEM COMO PELA PORTARIA GAB/SEMED Nº 0340, DE 25 DE NOVEMBRO DE 2026. EMPENHO E LIQUIDAÇÃO REFERENTE AO MÊS DE MAIO/2026.";;;0;1545;0,00;0,00;Empenho;607,09;0,00;0,00;0,00
[20959-20260481];1;20959;20260481;2900;2900;2026;20959.1;03/07/2026;20594625000136;ACCEI - CMEI SEMENTINHAS DO SABER;1.627,51;1.627,51;"VALOR LIQUIDADO REFERENTE A: VALOR EMPENHADO REFERENTE A: VALOR EMPENHADO REFERENTE A: REPASSE DESTINADO AO CUSTEIO DAS DESPESAS DE GESTÃO ESCOLAR, EM CONFORMIDADE COM A LEI Nº 1.256, DE 22 DE DEZEMBRO DE 2003, E SUAS ALTERAÇÕES PROMOVIDAS PELAS LEIS Nº 2.309, DE 09 DE MAIO DE 2017; Nº 3.067, DE 03 DE ABRIL DE 2024; E Nº 3.297, DE 13 DE NOVEMBRO DE 2025, BEM COMO PELA PORTARIA GAB/SEMED Nº 0340, DE 25 DE NOVEMBRO DE 2026. EMPENHO E LIQUIDAÇÃO REFERENTE AO MÊS DE MAIO/2026.";;;0;1545;0,00;0,00;Liquidação;1.627,51;0,00;;1.627,51
[20959-20260481];0;20959;20260481;2900;2900;2026;20959;03/07/2026;20594625000136;ACCEI - CMEI SEMENTINHAS DO SABER;1.627,51;0,00;"VALOR EMPENHADO REFERENTE A: VALOR EMPENHADO REFERENTE A: VALOR EMPENHADO REFERENTE A: REPASSE DESTINADO AO CUSTEIO DAS DESPESAS DE GESTÃO ESCOLAR, EM CONFORMIDADE COM A LEI Nº 1.256, DE 22 DE DEZEMBRO DE 2003, E SUAS ALTERAÇÕES PROMOVIDAS PELAS LEIS Nº 2.309, DE 09 DE MAIO DE 2017; Nº 3.067, DE 03 DE ABRIL DE 2024; E Nº 3.297, DE 13 DE NOVEMBRO DE 2025, BEM COMO PELA PORTARIA GAB/SEMED Nº 0340, DE 25 DE NOVEMBRO DE 2026. EMPENHO E LIQUIDAÇÃO REFERENTE AO MÊS DE MAIO/2026.";;;0;1545;0,00;0,00;Empenho;1.627,51;0,00;0,00;0,00
[20958-20260480];1;20958;20260480;2900;2900;2026;20958.1;03/07/2026;20594625000136;ACCEI - CMEI SEMENTINHAS DO SABER;1.989,18;1.989,18;"VALOR LIQUIDADO REFERENTE A: VALOR EMPENHADO REFERENTE A: REPASSE DESTINADO AO CUSTEIO DAS DESPESAS DE GESTÃO ESCOLAR, EM CONFORMIDADE COM A LEI Nº 1.256, DE 22 DE DEZEMBRO DE 2003, E SUAS ALTERAÇÕES PROMOVIDAS PELAS LEIS Nº 2.309, DE 09 DE MAIO DE 2017; Nº 3.067, DE 03 DE ABRIL DE 2024; E Nº 3.297, DE 13 DE NOVEMBRO DE 2025, BEM COMO PELA PORTARIA GAB/SEMED Nº 0340, DE 25 DE NOVEMBRO DE 2026. EMPENHO E LIQUIDAÇÃO REFERENTE AO MÊS DE MAIO/2026.";;;0;1545;0,00;0,00;Liquidação;1.989,18;0,00;;1.989,18
[20958-20260480];0;20958;20260480;2900;2900;2026;20958;03/07/2026;20594625000136;ACCEI - CMEI SEMENTINHAS DO SABER;1.989,18;0,00;"VALOR EMPENHADO REFERENTE A: VALOR EMPENHADO REFERENTE A: REPASSE DESTINADO AO CUSTEIO DAS DESPESAS DE GESTÃO ESCOLAR, EM CONFORMIDADE COM A LEI Nº 1.256, DE 22 DE DEZEMBRO DE 2003, E SUAS ALTERAÇÕES PROMOVIDAS PELAS LEIS Nº 2.309, DE 09 DE MAIO DE 2017; Nº 3.067, DE 03 DE ABRIL DE 2024; E Nº 3.297, DE 13 DE NOVEMBRO DE 2025, BEM COMO PELA PORTARIA GAB/SEMED Nº 0340, DE 25 DE NOVEMBRO DE 2026. EMPENHO E LIQUIDAÇÃO REFERENTE AO MÊS DE MAIO/2026.";;;0;1545;0,00;0,00;Empenho;1.989,18;0,00;0,00;0,00
[20957-20260481];1;20957;20260481;2900;2900;2026;20957.1;03/07/2026;20594625000136;ACCEI - CMEI SEMENTINHAS DO SABER;2.755,59;2.755,59;"VALOR LIQUIDADO REFERENTE A: REPASSE DESTINADO AO CUSTEIO DAS DESPESAS DE GESTÃO ESCOLAR, EM CONFORMIDADE COM A LEI Nº 1.256, DE 22 DE DEZEMBRO DE 2003, E SUAS ALTERAÇÕES PROMOVIDAS PELAS LEIS Nº 2.309, DE 09 DE MAIO DE 2017; Nº 3.067, DE 03 DE ABRIL DE 2024; E Nº 3.297, DE 13 DE NOVEMBRO DE 2025, BEM COMO PELA PORTARIA GAB/SEMED Nº 0340, DE 25 DE NOVEMBRO DE 2026. EMPENHO E LIQUIDAÇÃO REFERENTE AO MÊS DE MAIO/2026.";;;0;1545;0,00;0,00;Liquidação;2.755,59;0,00;;2.755,59
[20957-20260481];0;20957;20260481;2900;2900;2026;20957;03/07/2026;20594625000136;ACCEI - CMEI SEMENTINHAS DO SABER;2.755,59;0,00;"VALOR EMPENHADO REFERENTE A: REPASSE DESTINADO AO CUSTEIO DAS DESPESAS DE GESTÃO ESCOLAR, EM CONFORMIDADE COM A LEI Nº 1.256, DE 22 DE DEZEMBRO DE 2003, E SUAS ALTERAÇÕES PROMOVIDAS PELAS LEIS Nº 2.309, DE 09 DE MAIO DE 2017; Nº 3.067, DE 03 DE ABRIL DE 2024; E Nº 3.297, DE 13 DE NOVEMBRO DE 2025, BEM COMO PELA PORTARIA GAB/SEMED Nº 0340, DE 25 DE NOVEMBRO DE 2026. EMPENHO E LIQUIDAÇÃO REFERENTE AO MÊS DE MAIO/2026.";;;0;1545;0,00;0,00;Empenho;2.755,59;0,00;0,00;0,00
[20956-20260480];1;20956;20260480;2900;2900;2026;20956.1;03/07/2026;20594625000136;ACCEI - CMEI SEMENTINHAS DO SABER;3.367,95;3.367,95;"REPASSE DESTINADO AO CUSTEIO DAS DESPESAS DE GESTÃO ESCOLAR, EM CONFORMIDADE COM A LEI Nº 1.256, DE 22 DE DEZEMBRO DE 2003, E SUAS ALTERAÇÕES PROMOVIDAS PELAS LEIS Nº 2.309, DE 09 DE MAIO DE 2017; Nº 3.067, DE 03 DE ABRIL DE 2024; E Nº 3.297, DE 13 DE NOVEMBRO DE 2025, BEM COMO PELA PORTARIA GAB/SEMED Nº 0340, DE 25 DE NOVEMBRO DE 2026. EMPENHO E LIQUIDAÇÃO REFERENTE AO MÊS DE MAIO/2026.";;;0;1545;0,00;0,00;Liquidação;3.367,95;0,00;;3.367,95
[20956-20260480];0;20956;20260480;2900;2900;2026;20956;03/07/2026;20594625000136;ACCEI - CMEI SEMENTINHAS DO SABER;3.367,95;0,00;"REPASSE DESTINADO AO CUSTEIO DAS DESPESAS DE GESTÃO ESCOLAR, EM CONFORMIDADE COM A LEI Nº 1.256, DE 22 DE DEZEMBRO DE 2003, E SUAS ALTERAÇÕES PROMOVIDAS PELAS LEIS Nº 2.309, DE 09 DE MAIO DE 2017; Nº 3.067, DE 03 DE ABRIL DE 2024; E Nº 3.297, DE 13 DE NOVEMBRO DE 2025, BEM COMO PELA PORTARIA GAB/SEMED Nº 0340, DE 25 DE NOVEMBRO DE 2026. EMPENHO E LIQUIDAÇÃO REFERENTE AO MÊS DE MAIO/2026.";;;0;1545;0,00;0,00;Empenho;3.367,95;0,00;0,00;0,00
[20955-20260481];1;20955;20260481;2900;2900;2026;20955.1;03/07/2026;6021805000106;ACCEI - CMEI RECANTO INFANTIL;2.599,79;2.599,79;"VALOR LIQUIDADO REFERENTE A: VALOR EMPENHADO REFERENTE A: VALOR EMPENHADO REFERENTE A: REPASSE DESTINADO AO CUSTEIO DAS DESPESAS DE GESTÃO ESCOLAR, EM CONFORMIDADE COM A LEI Nº 1.256, DE 22 DE DEZEMBRO DE 2003, E SUAS ALTERAÇÕES PROMOVIDAS PELAS LEIS Nº 2.309, DE 09 DE MAIO DE 2017; Nº 3.067, DE 03 DE ABRIL DE 2024; E Nº 3.297, DE 13 DE NOVEMBRO DE 2025, BEM COMO PELA PORTARIA GAB/SEMED Nº 0340, DE 25 DE NOVEMBRO DE 2026. EMPENHO E LIQUIDAÇÃO REFERENTE AO MÊS DE MAIO/2026.";;;0;1545;0,00;0,00;Liquidação;2.599,79;0,00;;2.599,79
[20955-20260481];0;20955;20260481;2900;2900;2026;20955;03/07/2026;6021805000106;ACCEI - CMEI RECANTO INFANTIL;2.599,79;0,00;"VALOR EMPENHADO REFERENTE A: VALOR EMPENHADO REFERENTE A: VALOR EMPENHADO REFERENTE A: REPASSE DESTINADO AO CUSTEIO DAS DESPESAS DE GESTÃO ESCOLAR, EM CONFORMIDADE COM A LEI Nº 1.256, DE 22 DE DEZEMBRO DE 2003, E SUAS ALTERAÇÕES PROMOVIDAS PELAS LEIS Nº 2.309, DE 09 DE MAIO DE 2017; Nº 3.067, DE 03 DE ABRIL DE 2024; E Nº 3.297, DE 13 DE NOVEMBRO DE 2025, BEM COMO PELA PORTARIA GAB/SEMED Nº 0340, DE 25 DE NOVEMBRO DE 2026. EMPENHO E LIQUIDAÇÃO REFERENTE AO MÊS DE MAIO/2026.";;;0;1545;0,00;0,00;Empenho;2.599,79;0,00;0,00;0,00
[20954-20260480];1;20954;20260480;2900;2900;2026;20954.1;03/07/2026;6021805000106;ACCEI - CMEI RECANTO INFANTIL;3.177,52;3.177,52;"VALOR LIQUIDADO REFERENTE A: VALOR EMPENHADO REFERENTE A: REPASSE DESTINADO AO CUSTEIO DAS DESPESAS DE GESTÃO ESCOLAR, EM CONFORMIDADE COM A LEI Nº 1.256, DE 22 DE DEZEMBRO DE 2003, E SUAS ALTERAÇÕES PROMOVIDAS PELAS LEIS Nº 2.309, DE 09 DE MAIO DE 2017; Nº 3.067, DE 03 DE ABRIL DE 2024; E Nº 3.297, DE 13 DE NOVEMBRO DE 2025, BEM COMO PELA PORTARIA GAB/SEMED Nº 0340, DE 25 DE NOVEMBRO DE 2026. EMPENHO E LIQUIDAÇÃO REFERENTE AO MÊS DE MAIO/2026.";;;0;1545;0,00;0,00;Liquidação;3.177,52;0,00;;3.177,52
[20954-20260480];0;20954;20260480;2900;2900;2026;20954;03/07/2026;6021805000106;ACCEI - CMEI RECANTO INFANTIL;3.177,52;0,00;"VALOR EMPENHADO REFERENTE A: VALOR EMPENHADO REFERENTE A: REPASSE DESTINADO AO CUSTEIO DAS DESPESAS DE GESTÃO ESCOLAR, EM CONFORMIDADE COM A LEI Nº 1.256, DE 22 DE DEZEMBRO DE 2003, E SUAS ALTERAÇÕES PROMOVIDAS PELAS LEIS Nº 2.309, DE 09 DE MAIO DE 2017; Nº 3.067, DE 03 DE ABRIL DE 2024; E Nº 3.297, DE 13 DE NOVEMBRO DE 2025, BEM COMO PELA PORTARIA GAB/SEMED Nº 0340, DE 25 DE NOVEMBRO DE 2026. EMPENHO E LIQUIDAÇÃO REFERENTE AO MÊS DE MAIO/2026.";;;0;1545;0,00;0,00;Empenho;3.177,52;0,00;0,00;0,00
[20953-20260481];1;20953;20260481;2900;2900;2026;20953.1;03/07/2026;6021805000106;ACCEI - CMEI RECANTO INFANTIL;1.479,56;1.479,56;"VALOR LIQUIDADO REFERENTE A: REPASSE DESTINADO AO CUSTEIO DAS DESPESAS DE GESTÃO ESCOLAR, EM CONFORMIDADE COM A LEI Nº 1.256, DE 22 DE DEZEMBRO DE 2003, E SUAS ALTERAÇÕES PROMOVIDAS PELAS LEIS Nº 2.309, DE 09 DE MAIO DE 2017; Nº 3.067, DE 03 DE ABRIL DE 2024; E Nº 3.297, DE 13 DE NOVEMBRO DE 2025, BEM COMO PELA PORTARIA GAB/SEMED Nº 0340, DE 25 DE NOVEMBRO DE 2026. EMPENHO E LIQUIDAÇÃO REFERENTE AO MÊS DE MAIO/2026.";;;0;1545;0,00;0,00;Liquidação;1.479,56;0,00;;1.479,56
[20953-20260481];0;20953;20260481;2900;2900;2026;20953;03/07/2026;6021805000106;ACCEI - CMEI RECANTO INFANTIL;1.479,56;0,00;"VALOR EMPENHADO REFERENTE A: REPASSE DESTINADO AO CUSTEIO DAS DESPESAS DE GESTÃO ESCOLAR, EM CONFORMIDADE COM A LEI Nº 1.256, DE 22 DE DEZEMBRO DE 2003, E SUAS ALTERAÇÕES PROMOVIDAS PELAS LEIS Nº 2.309, DE 09 DE MAIO DE 2017; Nº 3.067, DE 03 DE ABRIL DE 2024; E Nº 3.297, DE 13 DE NOVEMBRO DE 2025, BEM COMO PELA PORTARIA GAB/SEMED Nº 0340, DE 25 DE NOVEMBRO DE 2026. EMPENHO E LIQUIDAÇÃO REFERENTE AO MÊS DE MAIO/2026.";;;0;1545;0,00;0,00;Empenho;1.479,56;0,00;0,00;0,00
[20952-20260480];1;20952;20260480;2900;2900;2026;20952.1;03/07/2026;6021805000106;ACCEI - CMEI RECANTO INFANTIL;1.808,35;1.808,35;"REPASSE DESTINADO AO CUSTEIO DAS DESPESAS DE GESTÃO ESCOLAR, EM CONFORMIDADE COM A LEI Nº 1.256, DE 22 DE DEZEMBRO DE 2003, E SUAS ALTERAÇÕES PROMOVIDAS PELAS LEIS Nº 2.309, DE 09 DE MAIO DE 2017; Nº 3.067, DE 03 DE ABRIL DE 2024; E Nº 3.297, DE 13 DE NOVEMBRO DE 2025, BEM COMO PELA PORTARIA GAB/SEMED Nº 0340, DE 25 DE NOVEMBRO DE 2026. EMPENHO E LIQUIDAÇÃO REFERENTE AO MÊS DE MAIO/2026.";;;0;1545;0,00;0,00;Liquidação;1.808,35;0,00;;1.808,35
[20952-20260480];0;20952;20260480;2900;2900;2026;20952;03/07/2026;6021805000106;ACCEI - CMEI RECANTO INFANTIL;1.808,35;0,00;"REPASSE DESTINADO AO CUSTEIO DAS DESPESAS DE GESTÃO ESCOLAR, EM CONFORMIDADE COM A LEI Nº 1.256, DE 22 DE DEZEMBRO DE 2003, E SUAS ALTERAÇÕES PROMOVIDAS PELAS LEIS Nº 2.309, DE 09 DE MAIO DE 2017; Nº 3.067, DE 03 DE ABRIL DE 2024; E Nº 3.297, DE 13 DE NOVEMBRO DE 2025, BEM COMO PELA PORTARIA GAB/SEMED Nº 0340, DE 25 DE NOVEMBRO DE 2026. EMPENHO E LIQUIDAÇÃO REFERENTE AO MÊS DE MAIO/2026.";;;0;1545;0,00;0,00;Empenho;1.808,35;0,00;0,00;0,00
[20951-20260428];1;20951;20260428;2900;2900;2026;20951.1;03/07/2026;9361649000102;ACCEI  - CMEI IRMA MARIA CUSTÓDIA DE JESUS;486,14;486,14;"VALOR LIQUIDADO REFERENTE A: VALOR EMPENHADO REFERENTE A: VALOR EMPENHADO REFERENTE A: VALOR EMPENHADO REFERENTE A: VALOR EMPENHADO REFERENTE A: REPASSE DESTINADO AO CUSTEIO DAS DESPESAS DE GESTÃO ESCOLAR, EM CONFORMIDADE COM A LEI Nº 1.256, DE 22 DE DEZEMBRO DE 2003, E SUAS ALTERAÇÕES PROMOVIDAS PELAS LEIS Nº 2.309, DE 09 DE MAIO DE 2017; Nº 3.067, DE 03 DE ABRIL DE 2024; E Nº 3.297, DE 13 DE NOVEMBRO DE 2025, BEM COMO PELA PORTARIA GAB/SEMED Nº 0340, DE 25 DE NOVEMBRO DE 2026. EMPENHO E LIQUIDAÇÃO REFERENTE AO MÊS DE MAIO/2026.";;;0;1545;0,00;0,00;Liquidação;486,14;0,00;;486,14
[20951-20260428];0;20951;20260428;2900;2900;2026;20951;03/07/2026;9361649000102;ACCEI  - CMEI IRMA MARIA CUSTÓDIA DE JESUS;486,14;0,00;"VALOR EMPENHADO REFERENTE A: VALOR EMPENHADO REFERENTE A: VALOR EMPENHADO REFERENTE A: VALOR EMPENHADO REFERENTE A: VALOR EMPENHADO REFERENTE A: REPASSE DESTINADO AO CUSTEIO DAS DESPESAS DE GESTÃO ESCOLAR, EM CONFORMIDADE COM A LEI Nº 1.256, DE 22 DE DEZEMBRO DE 2003, E SUAS ALTERAÇÕES PROMOVIDAS PELAS LEIS Nº 2.309, DE 09 DE MAIO DE 2017; Nº 3.067, DE 03 DE ABRIL DE 2024; E Nº 3.297, DE 13 DE NOVEMBRO DE 2025, BEM COMO PELA PORTARIA GAB/SEMED Nº 0340, DE 25 DE NOVEMBRO DE 2026. EMPENHO E LIQUIDAÇÃO REFERENTE AO MÊS DE MAIO/2026.";;;0;1545;0,00;0,00;Empenho;486,14;0,00;0,00;0,00
[20950-20260427];1;20950;20260427;2900;2900;2026;20950.1;03/07/2026;9361649000102;ACCEI  - CMEI IRMA MARIA CUSTÓDIA DE JESUS;594,17;594,17;"VALOR LIQUIDADO REFERENTE A: VALOR EMPENHADO REFERENTE A: VALOR EMPENHADO REFERENTE A: VALOR EMPENHADO REFERENTE A: REPASSE DESTINADO AO CUSTEIO DAS DESPESAS DE GESTÃO ESCOLAR, EM CONFORMIDADE COM A LEI Nº 1.256, DE 22 DE DEZEMBRO DE 2003, E SUAS ALTERAÇÕES PROMOVIDAS PELAS LEIS Nº 2.309, DE 09 DE MAIO DE 2017; Nº 3.067, DE 03 DE ABRIL DE 2024; E Nº 3.297, DE 13 DE NOVEMBRO DE 2025, BEM COMO PELA PORTARIA GAB/SEMED Nº 0340, DE 25 DE NOVEMBRO DE 2026. EMPENHO E LIQUIDAÇÃO REFERENTE AO MÊS DE MAIO/2026.";;;0;1545;0,00;0,00;Liquidação;594,17;0,00;;594,17
[20950-20260427];0;20950;20260427;2900;2900;2026;20950;03/07/2026;9361649000102;ACCEI  - CMEI IRMA MARIA CUSTÓDIA DE JESUS;594,17;0,00;"VALOR EMPENHADO REFERENTE A: VALOR EMPENHADO REFERENTE A: VALOR EMPENHADO REFERENTE A: VALOR EMPENHADO REFERENTE A: REPASSE DESTINADO AO CUSTEIO DAS DESPESAS DE GESTÃO ESCOLAR, EM CONFORMIDADE COM A LEI Nº 1.256, DE 22 DE DEZEMBRO DE 2003, E SUAS ALTERAÇÕES PROMOVIDAS PELAS LEIS Nº 2.309, DE 09 DE MAIO DE 2017; Nº 3.067, DE 03 DE ABRIL DE 2024; E Nº 3.297, DE 13 DE NOVEMBRO DE 2025, BEM COMO PELA PORTARIA GAB/SEMED Nº 0340, DE 25 DE NOVEMBRO DE 2026. EMPENHO E LIQUIDAÇÃO REFERENTE AO MÊS DE MAIO/2026.";;;0;1545;0,00;0,00;Empenho;594,17;0,00;0,00;0,00
[20949-20260481];1;20949;20260481;2900;2900;2026;20949.1;03/07/2026;9361649000102;ACCEI  - CMEI IRMA MARIA CUSTÓDIA DE JESUS;2.219,33;2.219,33;"VALOR LIQUIDADO REFERENTE A: VALOR EMPENHADO REFERENTE A: VALOR EMPENHADO REFERENTE A: REPASSE DESTINADO AO CUSTEIO DAS DESPESAS DE GESTÃO ESCOLAR, EM CONFORMIDADE COM A LEI Nº 1.256, DE 22 DE DEZEMBRO DE 2003, E SUAS ALTERAÇÕES PROMOVIDAS PELAS LEIS Nº 2.309, DE 09 DE MAIO DE 2017; Nº 3.067, DE 03 DE ABRIL DE 2024; E Nº 3.297, DE 13 DE NOVEMBRO DE 2025, BEM COMO PELA PORTARIA GAB/SEMED Nº 0340, DE 25 DE NOVEMBRO DE 2026. EMPENHO E LIQUIDAÇÃO REFERENTE AO MÊS DE MAIO/2026.";;;0;1545;0,00;0,00;Liquidação;2.219,33;0,00;;2.219,33
[20949-20260481];0;20949;20260481;2900;2900;2026;20949;03/07/2026;9361649000102;ACCEI  - CMEI IRMA MARIA CUSTÓDIA DE JESUS;2.219,33;0,00;"VALOR EMPENHADO REFERENTE A: VALOR EMPENHADO REFERENTE A: VALOR EMPENHADO REFERENTE A: REPASSE DESTINADO AO CUSTEIO DAS DESPESAS DE GESTÃO ESCOLAR, EM CONFORMIDADE COM A LEI Nº 1.256, DE 22 DE DEZEMBRO DE 2003, E SUAS ALTERAÇÕES PROMOVIDAS PELAS LEIS Nº 2.309, DE 09 DE MAIO DE 2017; Nº 3.067, DE 03 DE ABRIL DE 2024; E Nº 3.297, DE 13 DE NOVEMBRO DE 2025, BEM COMO PELA PORTARIA GAB/SEMED Nº 0340, DE 25 DE NOVEMBRO DE 2026. EMPENHO E LIQUIDAÇÃO REFERENTE AO MÊS DE MAIO/2026.";;;0;1545;0,00;0,00;Empenho;2.219,33;0,00;0,00;0,00
[20948-20260480];1;20948;20260480;2900;2900;2026;20948.1;03/07/2026;9361649000102;ACCEI  - CMEI IRMA MARIA CUSTÓDIA DE JESUS;2.712,52;2.712,52;"VALOR LIQUIDADO REFERENTE A: VALOR EMPENHADO REFERENTE A: REPASSE DESTINADO AO CUSTEIO DAS DESPESAS DE GESTÃO ESCOLAR, EM CONFORMIDADE COM A LEI Nº 1.256, DE 22 DE DEZEMBRO DE 2003, E SUAS ALTERAÇÕES PROMOVIDAS PELAS LEIS Nº 2.309, DE 09 DE MAIO DE 2017; Nº 3.067, DE 03 DE ABRIL DE 2024; E Nº 3.297, DE 13 DE NOVEMBRO DE 2025, BEM COMO PELA PORTARIA GAB/SEMED Nº 0340, DE 25 DE NOVEMBRO DE 2026. EMPENHO E LIQUIDAÇÃO REFERENTE AO MÊS DE MAIO/2026.";;;0;1545;0,00;0,00;Liquidação;2.712,52;0,00;;2.712,52
[20948-20260480];0;20948;20260480;2900;2900;2026;20948;03/07/2026;9361649000102;ACCEI  - CMEI IRMA MARIA CUSTÓDIA DE JESUS;2.712,52;0,00;"VALOR EMPENHADO REFERENTE A: VALOR EMPENHADO REFERENTE A: REPASSE DESTINADO AO CUSTEIO DAS DESPESAS DE GESTÃO ESCOLAR, EM CONFORMIDADE COM A LEI Nº 1.256, DE 22 DE DEZEMBRO DE 2003, E SUAS ALTERAÇÕES PROMOVIDAS PELAS LEIS Nº 2.309, DE 09 DE MAIO DE 2017; Nº 3.067, DE 03 DE ABRIL DE 2024; E Nº 3.297, DE 13 DE NOVEMBRO DE 2025, BEM COMO PELA PORTARIA GAB/SEMED Nº 0340, DE 25 DE NOVEMBRO DE 2026. EMPENHO E LIQUIDAÇÃO REFERENTE AO MÊS DE MAIO/2026.";;;0;1545;0,00;0,00;Empenho;2.712,52;0,00;0,00;0,00
[20947-20262576];0;20947;20262576;1900;1900;2026;20947;03/07/2026;18033786000290;EIXO NORTE LTDA;4.999.407,00;0,00;AQUISIÇÃO DE MASSA ASFÁLTICA DO TIPO CBUQ (CONCRETO BETUMINOSO USINADO A QUENTE) PARA ATENDER ÀS NECESSIDADES DA SECRETARIA MUNICIPAL DE ZELADORIA URBANA.;41551;;0;1545;0,00;0,00;Empenho;4.999.407,00;0,00;0,00;0,00
[20946-20260481];1;20946;20260481;2900;2900;2026;20946.1;03/07/2026;9361649000102;ACCEI  - CMEI IRMA MARIA CUSTÓDIA DE JESUS;1.289,33;1.289,33;"VALOR LIQUIDADO REFERENTE A: REPASSE DESTINADO AO CUSTEIO DAS DESPESAS DE GESTÃO ESCOLAR, EM CONFORMIDADE COM A LEI Nº 1.256, DE 22 DE DEZEMBRO DE 2003, E SUAS ALTERAÇÕES PROMOVIDAS PELAS LEIS Nº 2.309, DE 09 DE MAIO DE 2017; Nº 3.067, DE 03 DE ABRIL DE 2024; E Nº 3.297, DE 13 DE NOVEMBRO DE 2025, BEM COMO PELA PORTARIA GAB/SEMED Nº 0340, DE 25 DE NOVEMBRO DE 2026. EMPENHO E LIQUIDAÇÃO REFERENTE AO MÊS DE MAIO/2026.";;;0;1545;0,00;0,00;Liquidação;1.289,33;0,00;;1.289,33
[20946-20260481];0;20946;20260481;2900;2900;2026;20946;03/07/2026;9361649000102;ACCEI  - CMEI IRMA MARIA CUSTÓDIA DE JESUS;1.289,33;0,00;"VALOR EMPENHADO REFERENTE A: REPASSE DESTINADO AO CUSTEIO DAS DESPESAS DE GESTÃO ESCOLAR, EM CONFORMIDADE COM A LEI Nº 1.256, DE 22 DE DEZEMBRO DE 2003, E SUAS ALTERAÇÕES PROMOVIDAS PELAS LEIS Nº 2.309, DE 09 DE MAIO DE 2017; Nº 3.067, DE 03 DE ABRIL DE 2024; E Nº 3.297, DE 13 DE NOVEMBRO DE 2025, BEM COMO PELA PORTARIA GAB/SEMED Nº 0340, DE 25 DE NOVEMBRO DE 2026. EMPENHO E LIQUIDAÇÃO REFERENTE AO MÊS DE MAIO/2026.";;;0;1545;0,00;0,00;Empenho;1.289,33;0,00;0,00;0,00
[20945-20260480];1;20945;20260480;2900;2900;2026;20945.1;03/07/2026;9361649000102;ACCEI  - CMEI IRMA MARIA CUSTÓDIA DE JESUS;1.575,84;1.575,84;"REPASSE DESTINADO AO CUSTEIO DAS DESPESAS DE GESTÃO ESCOLAR, EM CONFORMIDADE COM A LEI Nº 1.256, DE 22 DE DEZEMBRO DE 2003, E SUAS ALTERAÇÕES PROMOVIDAS PELAS LEIS Nº 2.309, DE 09 DE MAIO DE 2017; Nº 3.067, DE 03 DE ABRIL DE 2024; E Nº 3.297, DE 13 DE NOVEMBRO DE 2025, BEM COMO PELA PORTARIA GAB/SEMED Nº 0340, DE 25 DE NOVEMBRO DE 2026. EMPENHO E LIQUIDAÇÃO REFERENTE AO MÊS DE MAIO/2026.";;;0;1545;0,00;0,00;Liquidação;1.575,84;0,00;;1.575,84
[20945-20260480];0;20945;20260480;2900;2900;2026;20945;03/07/2026;9361649000102;ACCEI  - CMEI IRMA MARIA CUSTÓDIA DE JESUS;1.575,84;0,00;"REPASSE DESTINADO AO CUSTEIO DAS DESPESAS DE GESTÃO ESCOLAR, EM CONFORMIDADE COM A LEI Nº 1.256, DE 22 DE DEZEMBRO DE 2003, E SUAS ALTERAÇÕES PROMOVIDAS PELAS LEIS Nº 2.309, DE 09 DE MAIO DE 2017; Nº 3.067, DE 03 DE ABRIL DE 2024; E Nº 3.297, DE 13 DE NOVEMBRO DE 2025, BEM COMO PELA PORTARIA GAB/SEMED Nº 0340, DE 25 DE NOVEMBRO DE 2026. EMPENHO E LIQUIDAÇÃO REFERENTE AO MÊS DE MAIO/2026.";;;0;1545;0,00;0,00;Empenho;1.575,84;0,00;0,00;0,00
[20944-20260428];1;20944;20260428;2900;2900;2026;20944.1;03/07/2026;10506312000125;ACCEI - CMEI FONTES DO SABER;535,12;535,12;"VALOR LIQUIDADO REFERENTE A: VALOR EMPENHADO REFERENTE A: VALOR EMPENHADO REFERENTE A: VALOR EMPENHADO REFERENTE A: VALOR EMPENHADO REFERENTE A: REPASSE DESTINADO AO CUSTEIO DAS DESPESAS DE GESTÃO ESCOLAR, EM CONFORMIDADE COM A LEI Nº 1.256, DE 22 DE DEZEMBRO DE 2003, E SUAS ALTERAÇÕES PROMOVIDAS PELAS LEIS Nº 2.309, DE 09 DE MAIO DE 2017; Nº 3.067, DE 03 DE ABRIL DE 2024; E Nº 3.297, DE 13 DE NOVEMBRO DE 2025, BEM COMO PELA PORTARIA GAB/SEMED Nº 0340, DE 25 DE NOVEMBRO DE 2026. EMPENHO E LIQUIDAÇÃO REFERENTE AO MÊS DE MAIO/2026.";;;0;1545;0,00;0,00;Liquidação;535,12;0,00;;535,12
[20944-20260428];0;20944;20260428;2900;2900;2026;20944;03/07/2026;10506312000125;ACCEI - CMEI FONTES DO SABER;535,12;0,00;"VALOR EMPENHADO REFERENTE A: VALOR EMPENHADO REFERENTE A: VALOR EMPENHADO REFERENTE A: VALOR EMPENHADO REFERENTE A: VALOR EMPENHADO REFERENTE A: REPASSE DESTINADO AO CUSTEIO DAS DESPESAS DE GESTÃO ESCOLAR, EM CONFORMIDADE COM A LEI Nº 1.256, DE 22 DE DEZEMBRO DE 2003, E SUAS ALTERAÇÕES PROMOVIDAS PELAS LEIS Nº 2.309, DE 09 DE MAIO DE 2017; Nº 3.067, DE 03 DE ABRIL DE 2024; E Nº 3.297, DE 13 DE NOVEMBRO DE 2025, BEM COMO PELA PORTARIA GAB/SEMED Nº 0340, DE 25 DE NOVEMBRO DE 2026. EMPENHO E LIQUIDAÇÃO REFERENTE AO MÊS DE MAIO/2026.";;;0;1545;0,00;0,00;Empenho;535,12;0,00;0,00;0,00
[20943-20260427];1;20943;20260427;2900;2900;2026;20943.1;03/07/2026;10506312000125;ACCEI - CMEI FONTES DO SABER;756,55;756,55;"VALOR LIQUIDADO REFERENTE A: VALOR EMPENHADO REFERENTE A: VALOR EMPENHADO REFERENTE A: VALOR EMPENHADO REFERENTE A: REPASSE DESTINADO AO CUSTEIO DAS DESPESAS DE GESTÃO ESCOLAR, EM CONFORMIDADE COM A LEI Nº 1.256, DE 22 DE DEZEMBRO DE 2003, E SUAS ALTERAÇÕES PROMOVIDAS PELAS LEIS Nº 2.309, DE 09 DE MAIO DE 2017; Nº 3.067, DE 03 DE ABRIL DE 2024; E Nº 3.297, DE 13 DE NOVEMBRO DE 2025, BEM COMO PELA PORTARIA GAB/SEMED Nº 0340, DE 25 DE NOVEMBRO DE 2026. EMPENHO E LIQUIDAÇÃO REFERENTE AO MÊS DE MAIO/2026.";;;0;1545;0,00;0,00;Liquidação;756,55;0,00;;756,55
[20943-20260427];0;20943;20260427;2900;2900;2026;20943;03/07/2026;10506312000125;ACCEI - CMEI FONTES DO SABER;756,55;0,00;"VALOR EMPENHADO REFERENTE A: VALOR EMPENHADO REFERENTE A: VALOR EMPENHADO REFERENTE A: VALOR EMPENHADO REFERENTE A: REPASSE DESTINADO AO CUSTEIO DAS DESPESAS DE GESTÃO ESCOLAR, EM CONFORMIDADE COM A LEI Nº 1.256, DE 22 DE DEZEMBRO DE 2003, E SUAS ALTERAÇÕES PROMOVIDAS PELAS LEIS Nº 2.309, DE 09 DE MAIO DE 2017; Nº 3.067, DE 03 DE ABRIL DE 2024; E Nº 3.297, DE 13 DE NOVEMBRO DE 2025, BEM COMO PELA PORTARIA GAB/SEMED Nº 0340, DE 25 DE NOVEMBRO DE 2026. EMPENHO E LIQUIDAÇÃO REFERENTE AO MÊS DE MAIO/2026.";;;0;1545;0,00;0,00;Empenho;756,55;0,00;0,00;0,00
[20942-20260481];1;20942;20260481;2900;2900;2026;20942.1;03/07/2026;10506312000125;ACCEI - CMEI FONTES DO SABER;4.718,81;4.718,81;"VALOR LIQUIDADO REFERENTE A: VALOR EMPENHADO REFERENTE A: VALOR EMPENHADO REFERENTE A: REPASSE DESTINADO AO CUSTEIO DAS DESPESAS DE GESTÃO ESCOLAR, EM CONFORMIDADE COM A LEI Nº 1.256, DE 22 DE DEZEMBRO DE 2003, E SUAS ALTERAÇÕES PROMOVIDAS PELAS LEIS Nº 2.309, DE 09 DE MAIO DE 2017; Nº 3.067, DE 03 DE ABRIL DE 2024; E Nº 3.297, DE 13 DE NOVEMBRO DE 2025, BEM COMO PELA PORTARIA GAB/SEMED Nº 0340, DE 25 DE NOVEMBRO DE 2026. EMPENHO E LIQUIDAÇÃO REFERENTE AO MÊS DE MAIO/2026.";;;0;1545;0,00;0,00;Liquidação;4.718,81;0,00;;4.718,81
[20942-20260481];0;20942;20260481;2900;2900;2026;20942;03/07/2026;10506312000125;ACCEI - CMEI FONTES DO SABER;4.718,81;0,00;"VALOR EMPENHADO REFERENTE A: VALOR EMPENHADO REFERENTE A: VALOR EMPENHADO REFERENTE A: REPASSE DESTINADO AO CUSTEIO DAS DESPESAS DE GESTÃO ESCOLAR, EM CONFORMIDADE COM A LEI Nº 1.256, DE 22 DE DEZEMBRO DE 2003, E SUAS ALTERAÇÕES PROMOVIDAS PELAS LEIS Nº 2.309, DE 09 DE MAIO DE 2017; Nº 3.067, DE 03 DE ABRIL DE 2024; E Nº 3.297, DE 13 DE NOVEMBRO DE 2025, BEM COMO PELA PORTARIA GAB/SEMED Nº 0340, DE 25 DE NOVEMBRO DE 2026. EMPENHO E LIQUIDAÇÃO REFERENTE AO MÊS DE MAIO/2026.";;;0;1545;0,00;0,00;Empenho;4.718,81;0,00;0,00;0,00
[20941-20260480];1;20941;20260480;2900;2900;2026;20941.1;03/07/2026;10506312000125;ACCEI - CMEI FONTES DO SABER;6.671,42;6.671,42;"VALOR LIQUIDADO REFERENTE A: VALOR EMPENHADO REFERENTE A: REPASSE DESTINADO AO CUSTEIO DAS DESPESAS DE GESTÃO ESCOLAR, EM CONFORMIDADE COM A LEI Nº 1.256, DE 22 DE DEZEMBRO DE 2003, E SUAS ALTERAÇÕES PROMOVIDAS PELAS LEIS Nº 2.309, DE 09 DE MAIO DE 2017; Nº 3.067, DE 03 DE ABRIL DE 2024; E Nº 3.297, DE 13 DE NOVEMBRO DE 2025, BEM COMO PELA PORTARIA GAB/SEMED Nº 0340, DE 25 DE NOVEMBRO DE 2026. EMPENHO E LIQUIDAÇÃO REFERENTE AO MÊS DE MAIO/2026.";;;0;1545;0,00;0,00;Liquidação;6.671,42;0,00;;6.671,42
[20941-20260480];0;20941;20260480;2900;2900;2026;20941;03/07/2026;10506312000125;ACCEI - CMEI FONTES DO SABER;6.671,42;0,00;"VALOR EMPENHADO REFERENTE A: VALOR EMPENHADO REFERENTE A: REPASSE DESTINADO AO CUSTEIO DAS DESPESAS DE GESTÃO ESCOLAR, EM CONFORMIDADE COM A LEI Nº 1.256, DE 22 DE DEZEMBRO DE 2003, E SUAS ALTERAÇÕES PROMOVIDAS PELAS LEIS Nº 2.309, DE 09 DE MAIO DE 2017; Nº 3.067, DE 03 DE ABRIL DE 2024; E Nº 3.297, DE 13 DE NOVEMBRO DE 2025, BEM COMO PELA PORTARIA GAB/SEMED Nº 0340, DE 25 DE NOVEMBRO DE 2026. EMPENHO E LIQUIDAÇÃO REFERENTE AO MÊS DE MAIO/2026.";;;0;1545;0,00;0,00;Empenho;6.671,42;0,00;0,00;0,00
[20940-20260481];1;20940;20260481;2900;2900;2026;20940.1;03/07/2026;10506312000125;ACCEI - CMEI FONTES DO SABER;651,87;651,87;"VALOR LIQUIDADO REFERENTE A: REPASSE DESTINADO AO CUSTEIO DAS DESPESAS DE GESTÃO ESCOLAR, EM CONFORMIDADE COM A LEI Nº 1.256, DE 22 DE DEZEMBRO DE 2003, E SUAS ALTERAÇÕES PROMOVIDAS PELAS LEIS Nº 2.309, DE 09 DE MAIO DE 2017; Nº 3.067, DE 03 DE ABRIL DE 2024; E Nº 3.297, DE 13 DE NOVEMBRO DE 2025, BEM COMO PELA PORTARIA GAB/SEMED Nº 0340, DE 25 DE NOVEMBRO DE 2026. EMPENHO E LIQUIDAÇÃO REFERENTE AO MÊS DE MAIO/2026.";;;0;1545;0,00;0,00;Liquidação;651,87;0,00;;651,87
[20940-20260481];0;20940;20260481;2900;2900;2026;20940;03/07/2026;10506312000125;ACCEI - CMEI FONTES DO SABER;651,87;0,00;"VALOR EMPENHADO REFERENTE A: REPASSE DESTINADO AO CUSTEIO DAS DESPESAS DE GESTÃO ESCOLAR, EM CONFORMIDADE COM A LEI Nº 1.256, DE 22 DE DEZEMBRO DE 2003, E SUAS ALTERAÇÕES PROMOVIDAS PELAS LEIS Nº 2.309, DE 09 DE MAIO DE 2017; Nº 3.067, DE 03 DE ABRIL DE 2024; E Nº 3.297, DE 13 DE NOVEMBRO DE 2025, BEM COMO PELA PORTARIA GAB/SEMED Nº 0340, DE 25 DE NOVEMBRO DE 2026. EMPENHO E LIQUIDAÇÃO REFERENTE AO MÊS DE MAIO/2026.";;;0;1545;0,00;0,00;Empenho;651,87;0,00;0,00;0,00
[20939-20260480];1;20939;20260480;2900;2900;2026;20939.1;03/07/2026;10506312000125;ACCEI - CMEI FONTES DO SABER;921,62;921,62;"REPASSE DESTINADO AO CUSTEIO DAS DESPESAS DE GESTÃO ESCOLAR, EM CONFORMIDADE COM A LEI Nº 1.256, DE 22 DE DEZEMBRO DE 2003, E SUAS ALTERAÇÕES PROMOVIDAS PELAS LEIS Nº 2.309, DE 09 DE MAIO DE 2017; Nº 3.067, DE 03 DE ABRIL DE 2024; E Nº 3.297, DE 13 DE NOVEMBRO DE 2025, BEM COMO PELA PORTARIA GAB/SEMED Nº 0340, DE 25 DE NOVEMBRO DE 2026. EMPENHO E LIQUIDAÇÃO REFERENTE AO MÊS DE MAIO/2026.";;;0;1545;0,00;0,00;Liquidação;921,62;0,00;;921,62
[20939-20260480];0;20939;20260480;2900;2900;2026;20939;03/07/2026;10506312000125;ACCEI - CMEI FONTES DO SABER;921,62;0,00;"REPASSE DESTINADO AO CUSTEIO DAS DESPESAS DE GESTÃO ESCOLAR, EM CONFORMIDADE COM A LEI Nº 1.256, DE 22 DE DEZEMBRO DE 2003, E SUAS ALTERAÇÕES PROMOVIDAS PELAS LEIS Nº 2.309, DE 09 DE MAIO DE 2017; Nº 3.067, DE 03 DE ABRIL DE 2024; E Nº 3.297, DE 13 DE NOVEMBRO DE 2025, BEM COMO PELA PORTARIA GAB/SEMED Nº 0340, DE 25 DE NOVEMBRO DE 2026. EMPENHO E LIQUIDAÇÃO REFERENTE AO MÊS DE MAIO/2026.";;;0;1545;0,00;0,00;Empenho;921,62;0,00;0,00;0,00
[20938-20260481];1;20938;20260481;2900;2900;2026;20938.1;03/07/2026;17347503000130;ACCEI - CMEI CRIANÇA FELIZ;2.483,54;2.483,54;"VALOR LIQUIDADO REFERENTE A: VALOR EMPENHADO REFERENTE A: VALOR EMPENHADO REFERENTE A: REPASSE DESTINADO AO CUSTEIO DAS DESPESAS DE GESTÃO ESCOLAR, EM CONFORMIDADE COM A LEI Nº 1.256, DE 22 DE DEZEMBRO DE 2003, E SUAS ALTERAÇÕES PROMOVIDAS PELAS LEIS Nº 2.309, DE 09 DE MAIO DE 2017; Nº 3.067, DE 03 DE ABRIL DE 2024; E Nº 3.297, DE 13 DE NOVEMBRO DE 2025, BEM COMO PELA PORTARIA GAB/SEMED Nº 0340, DE 25 DE NOVEMBRO DE 2026. EMPENHO E LIQUIDAÇÃO REFERENTE AO MÊS DE MAIO/2026.";;;0;1545;0,00;0,00;Liquidação;2.483,54;0,00;;2.483,54
[20938-20260481];0;20938;20260481;2900;2900;2026;20938;03/07/2026;17347503000130;ACCEI - CMEI CRIANÇA FELIZ;2.483,54;0,00;"VALOR EMPENHADO REFERENTE A: VALOR EMPENHADO REFERENTE A: VALOR EMPENHADO REFERENTE A: REPASSE DESTINADO AO CUSTEIO DAS DESPESAS DE GESTÃO ESCOLAR, EM CONFORMIDADE COM A LEI Nº 1.256, DE 22 DE DEZEMBRO DE 2003, E SUAS ALTERAÇÕES PROMOVIDAS PELAS LEIS Nº 2.309, DE 09 DE MAIO DE 2017; Nº 3.067, DE 03 DE ABRIL DE 2024; E Nº 3.297, DE 13 DE NOVEMBRO DE 2025, BEM COMO PELA PORTARIA GAB/SEMED Nº 0340, DE 25 DE NOVEMBRO DE 2026. EMPENHO E LIQUIDAÇÃO REFERENTE AO MÊS DE MAIO/2026.";;;0;1545;0,00;0,00;Empenho;2.483,54;0,00;0,00;0,00
[20937-20260480];1;20937;20260480;2900;2900;2026;20937.1;03/07/2026;17347503000130;ACCEI - CMEI CRIANÇA FELIZ;3.035,44;3.035,44;"VALOR LIQUIDADO REFERENTE A: VALOR EMPENHADO REFERENTE A: REPASSE DESTINADO AO CUSTEIO DAS DESPESAS DE GESTÃO ESCOLAR, EM CONFORMIDADE COM A LEI Nº 1.256, DE 22 DE DEZEMBRO DE 2003, E SUAS ALTERAÇÕES PROMOVIDAS PELAS LEIS Nº 2.309, DE 09 DE MAIO DE 2017; Nº 3.067, DE 03 DE ABRIL DE 2024; E Nº 3.297, DE 13 DE NOVEMBRO DE 2025, BEM COMO PELA PORTARIA GAB/SEMED Nº 0340, DE 25 DE NOVEMBRO DE 2026. EMPENHO E LIQUIDAÇÃO REFERENTE AO MÊS DE MAIO/2026.";;;0;1545;0,00;0,00;Liquidação;3.035,44;0,00;;3.035,44
[20937-20260480];0;20937;20260480;2900;2900;2026;20937;03/07/2026;17347503000130;ACCEI - CMEI CRIANÇA FELIZ;3.035,44;0,00;"VALOR EMPENHADO REFERENTE A: VALOR EMPENHADO REFERENTE A: REPASSE DESTINADO AO CUSTEIO DAS DESPESAS DE GESTÃO ESCOLAR, EM CONFORMIDADE COM A LEI Nº 1.256, DE 22 DE DEZEMBRO DE 2003, E SUAS ALTERAÇÕES PROMOVIDAS PELAS LEIS Nº 2.309, DE 09 DE MAIO DE 2017; Nº 3.067, DE 03 DE ABRIL DE 2024; E Nº 3.297, DE 13 DE NOVEMBRO DE 2025, BEM COMO PELA PORTARIA GAB/SEMED Nº 0340, DE 25 DE NOVEMBRO DE 2026. EMPENHO E LIQUIDAÇÃO REFERENTE AO MÊS DE MAIO/2026.";;;0;1545;0,00;0,00;Empenho;3.035,44;0,00;0,00;0,00
[20936-20260481];1;20936;20260481;2900;2900;2026;20936.1;03/07/2026;17347503000130;ACCEI - CMEI CRIANÇA FELIZ;1.321,03;1.321,03;"VALOR LIQUIDADO REFERENTE A: REPASSE DESTINADO AO CUSTEIO DAS DESPESAS DE GESTÃO ESCOLAR, EM CONFORMIDADE COM A LEI Nº 1.256, DE 22 DE DEZEMBRO DE 2003, E SUAS ALTERAÇÕES PROMOVIDAS PELAS LEIS Nº 2.309, DE 09 DE MAIO DE 2017; Nº 3.067, DE 03 DE ABRIL DE 2024; E Nº 3.297, DE 13 DE NOVEMBRO DE 2025, BEM COMO PELA PORTARIA GAB/SEMED Nº 0340, DE 25 DE NOVEMBRO DE 2026. EMPENHO E LIQUIDAÇÃO REFERENTE AO MÊS DE MAIO/2026.";;;0;1545;0,00;0,00;Liquidação;1.321,03;0,00;;1.321,03
[20936-20260481];0;20936;20260481;2900;2900;2026;20936;03/07/2026;17347503000130;ACCEI - CMEI CRIANÇA FELIZ;1.321,03;0,00;"VALOR EMPENHADO REFERENTE A: REPASSE DESTINADO AO CUSTEIO DAS DESPESAS DE GESTÃO ESCOLAR, EM CONFORMIDADE COM A LEI Nº 1.256, DE 22 DE DEZEMBRO DE 2003, E SUAS ALTERAÇÕES PROMOVIDAS PELAS LEIS Nº 2.309, DE 09 DE MAIO DE 2017; Nº 3.067, DE 03 DE ABRIL DE 2024; E Nº 3.297, DE 13 DE NOVEMBRO DE 2025, BEM COMO PELA PORTARIA GAB/SEMED Nº 0340, DE 25 DE NOVEMBRO DE 2026. EMPENHO E LIQUIDAÇÃO REFERENTE AO MÊS DE MAIO/2026.";;;0;1545;0,00;0,00;Empenho;1.321,03;0,00;0,00;0,00
[20935-20260480];1;20935;20260480;2900;2900;2026;20935.1;03/07/2026;17347503000130;ACCEI - CMEI CRIANÇA FELIZ;1.614,59;1.614,59;"REPASSE DESTINADO AO CUSTEIO DAS DESPESAS DE GESTÃO ESCOLAR, EM CONFORMIDADE COM A LEI Nº 1.256, DE 22 DE DEZEMBRO DE 2003, E SUAS ALTERAÇÕES PROMOVIDAS PELAS LEIS Nº 2.309, DE 09 DE MAIO DE 2017; Nº 3.067, DE 03 DE ABRIL DE 2024; E Nº 3.297, DE 13 DE NOVEMBRO DE 2025, BEM COMO PELA PORTARIA GAB/SEMED Nº 0340, DE 25 DE NOVEMBRO DE 2026. EMPENHO E LIQUIDAÇÃO REFERENTE AO MÊS DE MAIO/2026.";;;0;1545;0,00;0,00;Liquidação;1.614,59;0,00;;1.614,59
[20935-20260480];0;20935;20260480;2900;2900;2026;20935;03/07/2026;17347503000130;ACCEI - CMEI CRIANÇA FELIZ;1.614,59;0,00;"REPASSE DESTINADO AO CUSTEIO DAS DESPESAS DE GESTÃO ESCOLAR, EM CONFORMIDADE COM A LEI Nº 1.256, DE 22 DE DEZEMBRO DE 2003, E SUAS ALTERAÇÕES PROMOVIDAS PELAS LEIS Nº 2.309, DE 09 DE MAIO DE 2017; Nº 3.067, DE 03 DE ABRIL DE 2024; E Nº 3.297, DE 13 DE NOVEMBRO DE 2025, BEM COMO PELA PORTARIA GAB/SEMED Nº 0340, DE 25 DE NOVEMBRO DE 2026. EMPENHO E LIQUIDAÇÃO REFERENTE AO MÊS DE MAIO/2026.";;;0;1545;0,00;0,00;Empenho;1.614,59;0,00;0,00;0,00
[20934-20260481];1;20934;20260481;2900;2900;2026;20934.1;03/07/2026;6041287000184;ACCEI - CMEI CANTINHO FELIZ;1.905,35;1.905,35;"VALOR LIQUIDADO REFERENTE A: REPASSE DESTINADO AO CUSTEIO DAS DESPESAS DE GESTÃO ESCOLAR, EM CONFORMIDADE COM A LEI Nº 1.256, DE 22 DE DEZEMBRO DE 2003, E SUAS ALTERAÇÕES PROMOVIDAS PELAS LEIS Nº 2.309, DE 09 DE MAIO DE 2017; Nº 3.067, DE 03 DE ABRIL DE 2024; E Nº 3.297, DE 13 DE NOVEMBRO DE 2025, BEM COMO PELA PORTARIA GAB/SEMED Nº 0340, DE 25 DE NOVEMBRO DE 2026. EMPENHO E LIQUIDAÇÃO REFERENTE AO MÊS DE MAIO/2026.";;;0;1545;0,00;0,00;Liquidação;1.905,35;0,00;;1.905,35
[20934-20260481];0;20934;20260481;2900;2900;2026;20934;03/07/2026;6041287000184;ACCEI - CMEI CANTINHO FELIZ;1.905,35;0,00;"VALOR EMPENHADO REFERENTE A: REPASSE DESTINADO AO CUSTEIO DAS DESPESAS DE GESTÃO ESCOLAR, EM CONFORMIDADE COM A LEI Nº 1.256, DE 22 DE DEZEMBRO DE 2003, E SUAS ALTERAÇÕES PROMOVIDAS PELAS LEIS Nº 2.309, DE 09 DE MAIO DE 2017; Nº 3.067, DE 03 DE ABRIL DE 2024; E Nº 3.297, DE 13 DE NOVEMBRO DE 2025, BEM COMO PELA PORTARIA GAB/SEMED Nº 0340, DE 25 DE NOVEMBRO DE 2026. EMPENHO E LIQUIDAÇÃO REFERENTE AO MÊS DE MAIO/2026.";;;0;1545;0,00;0,00;Empenho;1.905,35;0,00;0,00;0,00
[20933-20260480];1;20933;20260480;2900;2900;2026;20933.1;03/07/2026;6041287000184;ACCEI - CMEI CANTINHO FELIZ;2.328,76;2.328,76;"REPASSE DESTINADO AO CUSTEIO DAS DESPESAS DE GESTÃO ESCOLAR, EM CONFORMIDADE COM A LEI Nº 1.256, DE 22 DE DEZEMBRO DE 2003, E SUAS ALTERAÇÕES PROMOVIDAS PELAS LEIS Nº 2.309, DE 09 DE MAIO DE 2017; Nº 3.067, DE 03 DE ABRIL DE 2024; E Nº 3.297, DE 13 DE NOVEMBRO DE 2025, BEM COMO PELA PORTARIA GAB/SEMED Nº 0340, DE 25 DE NOVEMBRO DE 2026. EMPENHO E LIQUIDAÇÃO REFERENTE AO MÊS DE MAIO/2026.";;;0;1545;0,00;0,00;Liquidação;2.328,76;0,00;;2.328,76
[20933-20260480];0;20933;20260480;2900;2900;2026;20933;03/07/2026;6041287000184;ACCEI - CMEI CANTINHO FELIZ;2.328,76;0,00;"REPASSE DESTINADO AO CUSTEIO DAS DESPESAS DE GESTÃO ESCOLAR, EM CONFORMIDADE COM A LEI Nº 1.256, DE 22 DE DEZEMBRO DE 2003, E SUAS ALTERAÇÕES PROMOVIDAS PELAS LEIS Nº 2.309, DE 09 DE MAIO DE 2017; Nº 3.067, DE 03 DE ABRIL DE 2024; E Nº 3.297, DE 13 DE NOVEMBRO DE 2025, BEM COMO PELA PORTARIA GAB/SEMED Nº 0340, DE 25 DE NOVEMBRO DE 2026. EMPENHO E LIQUIDAÇÃO REFERENTE AO MÊS DE MAIO/2026.";;;0;1545;0,00;0,00;Empenho;2.328,76;0,00;0,00;0,00
[20932-20260481];1;20932;20260481;2900;2900;2026;20932.1;03/07/2026;55699957000160;ACCEI CMEI ARARAS;2.414,50;2.414,50;"VALOR LIQUIDADO REFERENTE A: VALOR EMPENHADO REFERENTE A: VALOR EMPENHADO REFERENTE A: VALOR EMPENHADO REFERENTE A: VALOR EMPENHADO REFERENTE A: VALOR EMPENHADO REFERENTE A: VALOR EMPENHADO REFERENTE A: REPASSE DESTINADO AO CUSTEIO DAS DESPESAS DE GESTÃO ESCOLAR, EM CONFORMIDADE COM A LEI Nº 1.256, DE 22 DE DEZEMBRO DE 2003, E SUAS ALTERAÇÕES PROMOVIDAS PELAS LEIS Nº 2.309, DE 09 DE MAIO DE 2017; Nº 3.067, DE 03 DE ABRIL DE 2024; E Nº 3.297, DE 13 DE NOVEMBRO DE 2025, BEM COMO PELA PORTARIA GAB/SEMED Nº 0340, DE 25 DE NOVEMBRO DE 2026. EMPENHO E LIQUIDAÇÃO REFERENTE AO MÊS DE MAIO/2026.";;;0;1545;0,00;0,00;Liquidação;2.414,50;0,00;;2.414,50
[20932-20260481];0;20932;20260481;2900;2900;2026;20932;03/07/2026;55699957000160;ACCEI CMEI ARARAS;2.414,50;0,00;"VALOR EMPENHADO REFERENTE A: VALOR EMPENHADO REFERENTE A: VALOR EMPENHADO REFERENTE A: VALOR EMPENHADO REFERENTE A: VALOR EMPENHADO REFERENTE A: VALOR EMPENHADO REFERENTE A: VALOR EMPENHADO REFERENTE A: REPASSE DESTINADO AO CUSTEIO DAS DESPESAS DE GESTÃO ESCOLAR, EM CONFORMIDADE COM A LEI Nº 1.256, DE 22 DE DEZEMBRO DE 2003, E SUAS ALTERAÇÕES PROMOVIDAS PELAS LEIS Nº 2.309, DE 09 DE MAIO DE 2017; Nº 3.067, DE 03 DE ABRIL DE 2024; E Nº 3.297, DE 13 DE NOVEMBRO DE 2025, BEM COMO PELA PORTARIA GAB/SEMED Nº 0340, DE 25 DE NOVEMBRO DE 2026. EMPENHO E LIQUIDAÇÃO REFERENTE AO MÊS DE MAIO/2026.";;;0;1545;0,00;0,00;Empenho;2.414,50;0,00;0,00;0,00
[20931-20260480];1;20931;20260480;2900;2900;2026;20931.1;03/07/2026;55699957000160;ACCEI CMEI ARARAS;3.413,61;3.413,61;"VALOR LIQUIDADO REFERENTE A: VALOR EMPENHADO REFERENTE A: VALOR EMPENHADO REFERENTE A: VALOR EMPENHADO REFERENTE A: VALOR EMPENHADO REFERENTE A: VALOR EMPENHADO REFERENTE A: REPASSE DESTINADO AO CUSTEIO DAS DESPESAS DE GESTÃO ESCOLAR, EM CONFORMIDADE COM A LEI Nº 1.256, DE 22 DE DEZEMBRO DE 2003, E SUAS ALTERAÇÕES PROMOVIDAS PELAS LEIS Nº 2.309, DE 09 DE MAIO DE 2017; Nº 3.067, DE 03 DE ABRIL DE 2024; E Nº 3.297, DE 13 DE NOVEMBRO DE 2025, BEM COMO PELA PORTARIA GAB/SEMED Nº 0340, DE 25 DE NOVEMBRO DE 2026. EMPENHO E LIQUIDAÇÃO REFERENTE AO MÊS DE MAIO/2026.";;;0;1545;0,00;0,00;Liquidação;3.413,61;0,00;;3.413,61
[20931-20260480];0;20931;20260480;2900;2900;2026;20931;03/07/2026;55699957000160;ACCEI CMEI ARARAS;3.413,61;0,00;"VALOR EMPENHADO REFERENTE A: VALOR EMPENHADO REFERENTE A: VALOR EMPENHADO REFERENTE A: VALOR EMPENHADO REFERENTE A: VALOR EMPENHADO REFERENTE A: VALOR EMPENHADO REFERENTE A: REPASSE DESTINADO AO CUSTEIO DAS DESPESAS DE GESTÃO ESCOLAR, EM CONFORMIDADE COM A LEI Nº 1.256, DE 22 DE DEZEMBRO DE 2003, E SUAS ALTERAÇÕES PROMOVIDAS PELAS LEIS Nº 2.309, DE 09 DE MAIO DE 2017; Nº 3.067, DE 03 DE ABRIL DE 2024; E Nº 3.297, DE 13 DE NOVEMBRO DE 2025, BEM COMO PELA PORTARIA GAB/SEMED Nº 0340, DE 25 DE NOVEMBRO DE 2026. EMPENHO E LIQUIDAÇÃO REFERENTE AO MÊS DE MAIO/2026.";;;0;1545;0,00;0,00;Empenho;3.413,61;0,00;0,00;0,00
[20930-20260481];1;20930;20260481;2900;2900;2026;20930.1;03/07/2026;55699957000160;ACCEI CMEI ARARAS;3.198,71;3.198,71;"VALOR LIQUIDADO REFERENTE A: VALOR EMPENHADO REFERENTE A: VALOR EMPENHADO REFERENTE A: VALOR EMPENHADO REFERENTE A: VALOR EMPENHADO REFERENTE A: REPASSE DESTINADO AO CUSTEIO DAS DESPESAS DE GESTÃO ESCOLAR, EM CONFORMIDADE COM A LEI Nº 1.256, DE 22 DE DEZEMBRO DE 2003, E SUAS ALTERAÇÕES PROMOVIDAS PELAS LEIS Nº 2.309, DE 09 DE MAIO DE 2017; Nº 3.067, DE 03 DE ABRIL DE 2024; E Nº 3.297, DE 13 DE NOVEMBRO DE 2025, BEM COMO PELA PORTARIA GAB/SEMED Nº 0340, DE 25 DE NOVEMBRO DE 2026. EMPENHO E LIQUIDAÇÃO REFERENTE AO MÊS DE MAIO/2026.";;;0;1545;0,00;0,00;Liquidação;3.198,71;0,00;;3.198,71
[20930-20260481];0;20930;20260481;2900;2900;2026;20930;03/07/2026;55699957000160;ACCEI CMEI ARARAS;3.198,71;0,00;"VALOR EMPENHADO REFERENTE A: VALOR EMPENHADO REFERENTE A: VALOR EMPENHADO REFERENTE A: VALOR EMPENHADO REFERENTE A: VALOR EMPENHADO REFERENTE A: REPASSE DESTINADO AO CUSTEIO DAS DESPESAS DE GESTÃO ESCOLAR, EM CONFORMIDADE COM A LEI Nº 1.256, DE 22 DE DEZEMBRO DE 2003, E SUAS ALTERAÇÕES PROMOVIDAS PELAS LEIS Nº 2.309, DE 09 DE MAIO DE 2017; Nº 3.067, DE 03 DE ABRIL DE 2024; E Nº 3.297, DE 13 DE NOVEMBRO DE 2025, BEM COMO PELA PORTARIA GAB/SEMED Nº 0340, DE 25 DE NOVEMBRO DE 2026. EMPENHO E LIQUIDAÇÃO REFERENTE AO MÊS DE MAIO/2026.";;;0;1545;0,00;0,00;Empenho;3.198,71;0,00;0,00;0,00
[20929-20260481];0;20929;20260481;2900;2900;2026;20929;03/07/2026;55699957000160;ACCEI CMEI ARARAS;3.198,71;0,00;"VALOR EMPENHADO REFERENTE A: VALOR EMPENHADO REFERENTE A: VALOR EMPENHADO REFERENTE A: VALOR EMPENHADO REFERENTE A: REPASSE DESTINADO AO CUSTEIO DAS DESPESAS DE GESTÃO ESCOLAR, EM CONFORMIDADE COM A LEI Nº 1.256, DE 22 DE DEZEMBRO DE 2003, E SUAS ALTERAÇÕES PROMOVIDAS PELAS LEIS Nº 2.309, DE 09 DE MAIO DE 2017; Nº 3.067, DE 03 DE ABRIL DE 2024; E Nº 3.297, DE 13 DE NOVEMBRO DE 2025, BEM COMO PELA PORTARIA GAB/SEMED Nº 0340, DE 25 DE NOVEMBRO DE 2026. EMPENHO E LIQUIDAÇÃO REFERENTE AO MÊS DE MAIO/2026.";;;0;1545;0,00;0,00;Empenho;3.198,71;0,00;0,00;0,00
[20928-20260480];1;20928;20260480;2900;2900;2026;20928.1;03/07/2026;55699957000160;ACCEI CMEI ARARAS;4.522,31;4.522,31;"REPASSE DESTINADO AO CUSTEIO DAS DESPESAS DE GESTÃO ESCOLAR, EM CONFORMIDADE COM A LEI Nº 1.256, DE 22 DE DEZEMBRO DE 2003, E SUAS ALTERAÇÕES PROMOVIDAS PELAS LEIS Nº 2.309, DE 09 DE MAIO DE 2017; Nº 3.067, DE 03 DE ABRIL DE 2024; E Nº 3.297, DE 13 DE NOVEMBRO DE 2025, BEM COMO PELA PORTARIA GAB/SEMED Nº 0340, DE 25 DE NOVEMBRO DE 2026. EMPENHO E LIQUIDAÇÃO REFERENTE AO MÊS DE MAIO/2026.";;;0;1545;0,00;0,00;Liquidação;4.522,31;0,00;;4.522,31
[20928-20260480];0;20928;20260480;2900;2900;2026;20928;03/07/2026;55699957000160;ACCEI CMEI ARARAS;4.522,31;0,00;"REPASSE DESTINADO AO CUSTEIO DAS DESPESAS DE GESTÃO ESCOLAR, EM CONFORMIDADE COM A LEI Nº 1.256, DE 22 DE DEZEMBRO DE 2003, E SUAS ALTERAÇÕES PROMOVIDAS PELAS LEIS Nº 2.309, DE 09 DE MAIO DE 2017; Nº 3.067, DE 03 DE ABRIL DE 2024; E Nº 3.297, DE 13 DE NOVEMBRO DE 2025, BEM COMO PELA PORTARIA GAB/SEMED Nº 0340, DE 25 DE NOVEMBRO DE 2026. EMPENHO E LIQUIDAÇÃO REFERENTE AO MÊS DE MAIO/2026.";;;0;1545;0,00;0,00;Empenho;4.522,31;0,00;0,00;0,00
[20927-20260481];1;20927;20260481;2900;2900;2026;20927.1;03/07/2026;24578154000123;ACCEI - CMEI ANA LUIZA DE ARAUJO NAPUNUCENO;1.294,02;1.294,02;"VALOR LIQUIDADO REFERENTE A: VALOR EMPENHADO REFERENTE A: VALOR EMPENHADO REFERENTE A: REPASSE DESTINADO AO CUSTEIO DAS DESPESAS DE GESTÃO ESCOLAR, EM CONFORMIDADE COM A LEI Nº 1.256, DE 22 DE DEZEMBRO DE 2003, E SUAS ALTERAÇÕES PROMOVIDAS PELAS LEIS Nº 2.309, DE 09 DE MAIO DE 2017; Nº 3.067, DE 03 DE ABRIL DE 2024; E Nº 3.297, DE 13 DE NOVEMBRO DE 2025, BEM COMO PELA PORTARIA GAB/SEMED Nº 0340, DE 25 DE NOVEMBRO DE 2026. EMPENHO E LIQUIDAÇÃO REFERENTE AO MÊS DE MAIO/2026.";;;0;1545;0,00;0,00;Liquidação;1.294,02;0,00;;1.294,02
[20927-20260481];0;20927;20260481;2900;2900;2026;20927;03/07/2026;24578154000123;ACCEI - CMEI ANA LUIZA DE ARAUJO NAPUNUCENO;1.294,02;0,00;"VALOR EMPENHADO REFERENTE A: VALOR EMPENHADO REFERENTE A: VALOR EMPENHADO REFERENTE A: REPASSE DESTINADO AO CUSTEIO DAS DESPESAS DE GESTÃO ESCOLAR, EM CONFORMIDADE COM A LEI Nº 1.256, DE 22 DE DEZEMBRO DE 2003, E SUAS ALTERAÇÕES PROMOVIDAS PELAS LEIS Nº 2.309, DE 09 DE MAIO DE 2017; Nº 3.067, DE 03 DE ABRIL DE 2024; E Nº 3.297, DE 13 DE NOVEMBRO DE 2025, BEM COMO PELA PORTARIA GAB/SEMED Nº 0340, DE 25 DE NOVEMBRO DE 2026. EMPENHO E LIQUIDAÇÃO REFERENTE AO MÊS DE MAIO/2026.";;;0;1545;0,00;0,00;Empenho;1.294,02;0,00;0,00;0,00
[20926-20260480];1;20926;20260480;2900;2900;2026;20926.1;03/07/2026;24578154000123;ACCEI - CMEI ANA LUIZA DE ARAUJO NAPUNUCENO;1.829,48;1.829,48;"VALOR LIQUIDADO REFERENTE A: VALOR EMPENHADO REFERENTE A: REPASSE DESTINADO AO CUSTEIO DAS DESPESAS DE GESTÃO ESCOLAR, EM CONFORMIDADE COM A LEI Nº 1.256, DE 22 DE DEZEMBRO DE 2003, E SUAS ALTERAÇÕES PROMOVIDAS PELAS LEIS Nº 2.309, DE 09 DE MAIO DE 2017; Nº 3.067, DE 03 DE ABRIL DE 2024; E Nº 3.297, DE 13 DE NOVEMBRO DE 2025, BEM COMO PELA PORTARIA GAB/SEMED Nº 0340, DE 25 DE NOVEMBRO DE 2026. EMPENHO E LIQUIDAÇÃO REFERENTE AO MÊS DE MAIO/2026.";;;0;1545;0,00;0,00;Liquidação;1.829,48;0,00;;1.829,48
[20926-20260480];0;20926;20260480;2900;2900;2026;20926;03/07/2026;24578154000123;ACCEI - CMEI ANA LUIZA DE ARAUJO NAPUNUCENO;1.829,48;0,00;"VALOR EMPENHADO REFERENTE A: VALOR EMPENHADO REFERENTE A: REPASSE DESTINADO AO CUSTEIO DAS DESPESAS DE GESTÃO ESCOLAR, EM CONFORMIDADE COM A LEI Nº 1.256, DE 22 DE DEZEMBRO DE 2003, E SUAS ALTERAÇÕES PROMOVIDAS PELAS LEIS Nº 2.309, DE 09 DE MAIO DE 2017; Nº 3.067, DE 03 DE ABRIL DE 2024; E Nº 3.297, DE 13 DE NOVEMBRO DE 2025, BEM COMO PELA PORTARIA GAB/SEMED Nº 0340, DE 25 DE NOVEMBRO DE 2026. EMPENHO E LIQUIDAÇÃO REFERENTE AO MÊS DE MAIO/2026.";;;0;1545;0,00;0,00;Empenho;1.829,48;0,00;0,00;0,00
[20925-20260481];1;20925;20260481;2900;2900;2026;20925.1;03/07/2026;24578154000123;ACCEI - CMEI ANA LUIZA DE ARAUJO NAPUNUCENO;1.456,97;1.456,97;"VALOR LIQUIDADO REFERENTE A: REPASSE DESTINADO AO CUSTEIO DAS DESPESAS DE GESTÃO ESCOLAR, EM CONFORMIDADE COM A LEI Nº 1.256, DE 22 DE DEZEMBRO DE 2003, E SUAS ALTERAÇÕES PROMOVIDAS PELAS LEIS Nº 2.309, DE 09 DE MAIO DE 2017; Nº 3.067, DE 03 DE ABRIL DE 2024; E Nº 3.297, DE 13 DE NOVEMBRO DE 2025, BEM COMO PELA PORTARIA GAB/SEMED Nº 0340, DE 25 DE NOVEMBRO DE 2026. EMPENHO E LIQUIDAÇÃO REFERENTE AO MÊS DE MAIO/2026.";;;0;1545;0,00;0,00;Liquidação;1.456,97;0,00;;1.456,97
[20925-20260481];0;20925;20260481;2900;2900;2026;20925;03/07/2026;24578154000123;ACCEI - CMEI ANA LUIZA DE ARAUJO NAPUNUCENO;1.456,97;0,00;"VALOR EMPENHADO REFERENTE A: REPASSE DESTINADO AO CUSTEIO DAS DESPESAS DE GESTÃO ESCOLAR, EM CONFORMIDADE COM A LEI Nº 1.256, DE 22 DE DEZEMBRO DE 2003, E SUAS ALTERAÇÕES PROMOVIDAS PELAS LEIS Nº 2.309, DE 09 DE MAIO DE 2017; Nº 3.067, DE 03 DE ABRIL DE 2024; E Nº 3.297, DE 13 DE NOVEMBRO DE 2025, BEM COMO PELA PORTARIA GAB/SEMED Nº 0340, DE 25 DE NOVEMBRO DE 2026. EMPENHO E LIQUIDAÇÃO REFERENTE AO MÊS DE MAIO/2026.";;;0;1545;0,00;0,00;Empenho;1.456,97;0,00;0,00;0,00
[20924-20260480];1;20924;20260480;2900;2900;2026;20924.1;03/07/2026;24578154000123;ACCEI - CMEI ANA LUIZA DE ARAUJO NAPUNUCENO;2.059,85;2.059,85;"REPASSE DESTINADO AO CUSTEIO DAS DESPESAS DE GESTÃO ESCOLAR, EM CONFORMIDADE COM A LEI Nº 1.256, DE 22 DE DEZEMBRO DE 2003, E SUAS ALTERAÇÕES PROMOVIDAS PELAS LEIS Nº 2.309, DE 09 DE MAIO DE 2017; Nº 3.067, DE 03 DE ABRIL DE 2024; E Nº 3.297, DE 13 DE NOVEMBRO DE 2025, BEM COMO PELA PORTARIA GAB/SEMED Nº 0340, DE 25 DE NOVEMBRO DE 2026. EMPENHO E LIQUIDAÇÃO REFERENTE AO MÊS DE MAIO/2026.";;;0;1545;0,00;0,00;Liquidação;2.059,85;0,00;;2.059,85
[20924-20260480];0;20924;20260480;2900;2900;2026;20924;03/07/2026;24578154000123;ACCEI - CMEI ANA LUIZA DE ARAUJO NAPUNUCENO;2.059,85;0,00;"REPASSE DESTINADO AO CUSTEIO DAS DESPESAS DE GESTÃO ESCOLAR, EM CONFORMIDADE COM A LEI Nº 1.256, DE 22 DE DEZEMBRO DE 2003, E SUAS ALTERAÇÕES PROMOVIDAS PELAS LEIS Nº 2.309, DE 09 DE MAIO DE 2017; Nº 3.067, DE 03 DE ABRIL DE 2024; E Nº 3.297, DE 13 DE NOVEMBRO DE 2025, BEM COMO PELA PORTARIA GAB/SEMED Nº 0340, DE 25 DE NOVEMBRO DE 2026. EMPENHO E LIQUIDAÇÃO REFERENTE AO MÊS DE MAIO/2026.";;;0;1545;0,00;0,00;Empenho;2.059,85;0,00;0,00;0,00
[20919-20260555];2;20919;20260555;3200;3200;2026;20919.1.1;03/07/2026;9384382000179;GLOBAL PRODUÇÕES E EMPREENDIMENTOS LTDA-ME;96.862,33;15.449,98;"VALOR PAGO REFERENTE A: PRESTAÇÃO DE SERVIÇOS CONTINUADOS COM DEDICAÇÃO EXCLUSIVA DE MÃO DE OBRA DE SERVIÇOS DE LIMPEZA, COPEIRAGEM E RECEPÇÃO. REFERENTE AO MÊS DE ABRIL DE 2026. - GESTÃO
PROCESSO NUP: 021155/2024.";;;0;1545;0,00;0,00;Pagamento;15.449,98;15.449,98;96.862,33;96.862,33
[20919-20260555];2;20919;20260555;3200;3200;2026;20919.2.1;03/07/2026;9384382000179;GLOBAL PRODUÇÕES E EMPREENDIMENTOS LTDA-ME;96.862,33;81.412,35;"VALOR PAGO REFERENTE A: PRESTAÇÃO DE SERVIÇOS CONTINUADOS COM DEDICAÇÃO EXCLUSIVA DE MÃO DE OBRA DE SERVIÇOS DE LIMPEZA, COPEIRAGEM E RECEPÇÃO. REFERENTE AO MÊS DE ABRIL DE 2026. - GESTÃO
PROCESSO NUP: 021155/2024.";;;0;1545;0,00;0,00;Pagamento;81.412,35;81.412,35;96.862,33;96.862,33
[20904-20261912];2;20904;20261912;3200;3200;2026;20904.1.1;03/07/2026;9384382000179;GLOBAL PRODUÇÕES E EMPREENDIMENTOS LTDA-ME;74.208,78;27.257,27;"VALOR PAGO REFERENTE A: PRESTAÇÃO DE SERVIÇOS CONTINUADOS COM DEDICAÇÃO EXCLUSIVA DE MÃO DE OBRA DE SERVIÇOS DE LIMPEZA, COPEIRAGEM E RECEPÇÃO. REFERENTE AO MÊS DE ABRIL DE 2026. - VISA 
PROCESSO NUP: 021155/2024.";;;0;1545;0,00;0,00;Pagamento;27.257,27;27.257,27;67.963,45;108.669,63
[20904-20261912];2;20904;20261912;3200;3200;2026;20904.3.1;03/07/2026;9384382000179;GLOBAL PRODUÇÕES E EMPREENDIMENTOS LTDA-ME;74.208,78;40.706,18;"VALOR PAGO REFERENTE A: PRESTAÇÃO DE SERVIÇOS CONTINUADOS COM DEDICAÇÃO EXCLUSIVA DE MÃO DE OBRA DE SERVIÇOS DE LIMPEZA, COPEIRAGEM E RECEPÇÃO. REFERENTE AO MÊS DE ABRIL DE 2026. - VISA 
PROCESSO NUP: 021155/2024.";;;0;1545;0,00;0,00;Pagamento;40.706,18;40.706,18;67.963,45;108.669,63
[20879-20262564];2;20879;20262564;3200;3200;2026;20879.1.1;03/07/2026;9384382000179;GLOBAL PRODUÇÕES E EMPREENDIMENTOS LTDA-ME;644.432,92;20.599,97;"VALOR PAGO REFERENTE A: PRESTAÇÃO DE SERVIÇOS CONTINUADOS COM DEDICAÇÃO EXCLUSIVA DE MÃO DE OBRA DE SERVIÇOS DE LIMPEZA, COPEIRAGEM E RECEPÇÃO. REFERENTE AO MÊS DE ABRIL DE 2026. - MAC 
PROCESSO NUP: 021155/2024";;;0;1545;0,00;0,00;Pagamento;20.599,97;20.599,97;597.857,71;597.857,71
[20879-20262564];2;20879;20262564;3200;3200;2026;20879.10.1;03/07/2026;9384382000179;GLOBAL PRODUÇÕES E EMPREENDIMENTOS LTDA-ME;644.432,92;99.475,34;"VALOR PAGO REFERENTE A: PRESTAÇÃO DE SERVIÇOS CONTINUADOS COM DEDICAÇÃO EXCLUSIVA DE MÃO DE OBRA DE SERVIÇOS DE LIMPEZA, COPEIRAGEM E RECEPÇÃO. REFERENTE AO MÊS DE ABRIL DE 2026. - MAC 
PROCESSO NUP: 021155/2024";;;0;1545;0,00;0,00;Pagamento;99.475,34;99.475,34;597.857,71;597.857,71
[20879-20262564];2;20879;20262564;3200;3200;2026;20879.11.1;03/07/2026;9384382000179;GLOBAL PRODUÇÕES E EMPREENDIMENTOS LTDA-ME;644.432,92;43.611,64;"VALOR PAGO REFERENTE A: PRESTAÇÃO DE SERVIÇOS CONTINUADOS COM DEDICAÇÃO EXCLUSIVA DE MÃO DE OBRA DE SERVIÇOS DE LIMPEZA, COPEIRAGEM E RECEPÇÃO. REFERENTE AO MÊS DE ABRIL DE 2026. - MAC 
PROCESSO NUP: 021155/2024";;;0;1545;0,00;0,00;Pagamento;43.611,64;43.611,64;597.857,71;597.857,71
[20879-20262564];2;20879;20262564;3200;3200;2026;20879.2.1;03/07/2026;9384382000179;GLOBAL PRODUÇÕES E EMPREENDIMENTOS LTDA-ME;644.432,92;20.599,97;"VALOR PAGO REFERENTE A: VALOR EMPENHADO REFERENTE A: PRESTAÇÃO DE SERVIÇOS CONTINUADOS COM DEDICAÇÃO EXCLUSIVA DE MÃO DE OBRA DE SERVIÇOS DE LIMPEZA, COPEIRAGEM E RECEPÇÃO. REFERENTE AO MÊS DE ABRIL DE 2026. - MAC 
PROCESSO NUP: 021155/2024";;;0;1545;0,00;0,00;Pagamento;20.599,97;20.599,97;597.857,71;597.857,71
[20879-20262564];2;20879;20262564;3200;3200;2026;20879.3.1;03/07/2026;9384382000179;GLOBAL PRODUÇÕES E EMPREENDIMENTOS LTDA-ME;644.432,92;20.599,97;"VALOR PAGO REFERENTE A: VALOR EMPENHADO REFERENTE A: PRESTAÇÃO DE SERVIÇOS CONTINUADOS COM DEDICAÇÃO EXCLUSIVA DE MÃO DE OBRA DE SERVIÇOS DE LIMPEZA, COPEIRAGEM E RECEPÇÃO. REFERENTE AO MÊS DE ABRIL DE 2026. - MAC 
PROCESSO NUP: 021155/2024";;;0;1545;0,00;0,00;Pagamento;20.599,97;20.599,97;597.857,71;597.857,71
[20879-20262564];2;20879;20262564;3200;3200;2026;20879.4.1;03/07/2026;9384382000179;GLOBAL PRODUÇÕES E EMPREENDIMENTOS LTDA-ME;644.432,92;15.449,98;"VALOR PAGO REFERENTE A: VALOR EMPENHADO REFERENTE A: PRESTAÇÃO DE SERVIÇOS CONTINUADOS COM DEDICAÇÃO EXCLUSIVA DE MÃO DE OBRA DE SERVIÇOS DE LIMPEZA, COPEIRAGEM E RECEPÇÃO. REFERENTE AO MÊS DE ABRIL DE 2026. - MAC 
PROCESSO NUP: 021155/2024";;;0;1545;0,00;0,00;Pagamento;15.449,98;15.449,98;597.857,71;597.857,71
[20879-20262564];2;20879;20262564;3200;3200;2026;20879.5.1;03/07/2026;9384382000179;GLOBAL PRODUÇÕES E EMPREENDIMENTOS LTDA-ME;644.432,92;38.160,18;"VALOR PAGO REFERENTE A: PRESTAÇÃO DE SERVIÇOS CONTINUADOS COM DEDICAÇÃO EXCLUSIVA DE MÃO DE OBRA DE SERVIÇOS DE LIMPEZA, COPEIRAGEM E RECEPÇÃO. REFERENTE AO MÊS DE ABRIL DE 2026. - MAC 
PROCESSO NUP: 021155/2024";;;0;1545;0,00;0,00;Pagamento;38.160,18;38.160,18;597.857,71;597.857,71
[20879-20262564];2;20879;20262564;3200;3200;2026;20879.6.1;03/07/2026;9384382000179;GLOBAL PRODUÇÕES E EMPREENDIMENTOS LTDA-ME;644.432,92;51.222,10;"VALOR PAGO REFERENTE A: VALOR EMPENHADO REFERENTE A: PRESTAÇÃO DE SERVIÇOS CONTINUADOS COM DEDICAÇÃO EXCLUSIVA DE MÃO DE OBRA DE SERVIÇOS DE LIMPEZA, COPEIRAGEM E RECEPÇÃO. REFERENTE AO MÊS DE ABRIL DE 2026. - MAC 
PROCESSO NUP: 021155/2024";;;0;1545;0,00;0,00;Pagamento;51.222,10;51.222,10;597.857,71;597.857,71
[20879-20262564];2;20879;20262564;3200;3200;2026;20879.7.1;03/07/2026;9384382000179;GLOBAL PRODUÇÕES E EMPREENDIMENTOS LTDA-ME;644.432,92;127.459,58;"VALOR PAGO REFERENTE A: PRESTAÇÃO DE SERVIÇOS CONTINUADOS COM DEDICAÇÃO EXCLUSIVA DE MÃO DE OBRA DE SERVIÇOS DE LIMPEZA, COPEIRAGEM E RECEPÇÃO. REFERENTE AO MÊS DE ABRIL DE 2026. - MAC 
PROCESSO NUP: 021155/2024";;;0;1545;0,00;0,00;Pagamento;127.459,58;127.459,58;597.857,71;597.857,71
[20879-20262564];2;20879;20262564;3200;3200;2026;20879.8.1;03/07/2026;9384382000179;GLOBAL PRODUÇÕES E EMPREENDIMENTOS LTDA-ME;644.432,92;115.599,13;"VALOR PAGO REFERENTE A: PRESTAÇÃO DE SERVIÇOS CONTINUADOS COM DEDICAÇÃO EXCLUSIVA DE MÃO DE OBRA DE SERVIÇOS DE LIMPEZA, COPEIRAGEM E RECEPÇÃO. REFERENTE AO MÊS DE ABRIL DE 2026. - MAC 
PROCESSO NUP: 021155/2024";;;0;1545;0,00;0,00;Pagamento;115.599,13;115.599,13;597.857,71;597.857,71
[20879-20262564];2;20879;20262564;3200;3200;2026;20879.9.1;03/07/2026;9384382000179;GLOBAL PRODUÇÕES E EMPREENDIMENTOS LTDA-ME;644.432,92;45.079,85;"VALOR PAGO REFERENTE A: PRESTAÇÃO DE SERVIÇOS CONTINUADOS COM DEDICAÇÃO EXCLUSIVA DE MÃO DE OBRA DE SERVIÇOS DE LIMPEZA, COPEIRAGEM E RECEPÇÃO. REFERENTE AO MÊS DE ABRIL DE 2026. - MAC 
PROCESSO NUP: 021155/2024";;;0;1545;0,00;0,00;Pagamento;45.079,85;45.079,85;597.857,71;597.857,71
[20878-20262565];2;20878;20262565;3200;3200;2026;20878.1.1;03/07/2026;9384382000179;GLOBAL PRODUÇÕES E EMPREENDIMENTOS LTDA-ME;700.690,25;379.838,38;"VALOR PAGO REFERENTE A: PRESTAÇÃO DE SERVIÇOS CONTINUADOS COM DEDICAÇÃO EXCLUSIVA DE MÃO DE OBRA DE SERVIÇOS DE LIMPEZA, COPEIRAGEM E RECEPÇÃO. REFERENTE AO MÊS DE ABRIL DE 2026. - ATENÇÃO PRIMARIA.
PROCESSO NUP: 021155/2024
NF: 706";;;0;1545;0,00;0,00;Pagamento;379.838,38;379.838,38;641.508,21;641.508,21
[20878-20262565];2;20878;20262565;3200;3200;2026;20878.2.1;03/07/2026;9384382000179;GLOBAL PRODUÇÕES E EMPREENDIMENTOS LTDA-ME;700.690,25;261.669,83;"VALOR PAGO REFERENTE A: PRESTAÇÃO DE SERVIÇOS CONTINUADOS COM DEDICAÇÃO EXCLUSIVA DE MÃO DE OBRA DE SERVIÇOS DE LIMPEZA, COPEIRAGEM E RECEPÇÃO. REFERENTE AO MÊS DE ABRIL DE 2026. - ATENÇÃO PRIMARIA.
PROCESSO NUP: 021155/2024
NF: 707";;;0;1545;0,00;0,00;Pagamento;261.669,83;261.669,83;641.508,21;641.508,21
[20814-20262565];2;20814;20262565;3200;3200;2026;20814.1.1;03/07/2026;25086034000171;ENERGISA TOCANTINS - DISTRIBUIDORA DE ENERGISA S/A;257.599,42;257.599,42;"VALOR PAGO REFERENTE A: FORNECIMENTO DE ENERGIA ELÉTRICA
REF: MAIO DE 2026
NUP: 019803/2024
PRIMÁRIA";;;0;1545;0,00;0,00;Pagamento;257.599,42;257.599,42;257.599,42;257.599,42
[20813-20260555];2;20813;20260555;3200;3200;2026;20813.1.1;03/07/2026;25086034000171;ENERGISA TOCANTINS - DISTRIBUIDORA DE ENERGISA S/A;99.601,39;98.409,60;"VALOR PAGO REFERENTE A: FORNECIMENTO DE ENERGIA ELÉTRICA
REF: MAIO DE 2026
NUP: 019803/2024
GESTÃO";;;0;1545;0,00;0,00;Pagamento;98.409,60;98.409,60;99.601,39;99.601,39
[20813-20260555];2;20813;20260555;3200;3200;2026;20813.2.1;03/07/2026;25086034000171;ENERGISA TOCANTINS - DISTRIBUIDORA DE ENERGISA S/A;99.601,39;429,23;"VALOR PAGO REFERENTE A: FORNECIMENTO DE ENERGIA ELÉTRICA
REF: MAIO DE 2026
NUP: 019803/2024
FESP";;;0;1545;0,00;0,00;Pagamento;429,23;429,23;99.601,39;99.601,39
[20813-20260555];2;20813;20260555;3200;3200;2026;20813.3.1;03/07/2026;25086034000171;ENERGISA TOCANTINS - DISTRIBUIDORA DE ENERGISA S/A;99.601,39;762,56;"VALOR PAGO REFERENTE A: FORNECIMENTO DE ENERGIA ELÉTRICA
REF: MAIO DE 2026
NUP: 019803/2024
CONSELHO MUNICIPAL DE SAÚDE";;;0;1545;0,00;0,00;Pagamento;762,56;762,56;99.601,39;99.601,39
[20812-20261912];2;20812;20261912;3200;3200;2026;20812.1.1;03/07/2026;25086034000171;ENERGISA TOCANTINS - DISTRIBUIDORA DE ENERGISA S/A;51.882,28;41.195,98;"VALOR PAGO REFERENTE A: FORNECIMENTO DE ENERGIA ELÉTRICA
REF: MAIO DE 2026
NUP: 019803/2024
VISA";;;0;1545;0,00;0,00;Pagamento;41.195,98;41.195,98;51.882,28;51.882,28
[20812-20261912];2;20812;20261912;3200;3200;2026;20812.2.1;03/07/2026;25086034000171;ENERGISA TOCANTINS - DISTRIBUIDORA DE ENERGISA S/A;51.882,28;10.686,30;"VALOR PAGO REFERENTE A: FORNECIMENTO DE ENERGIA ELÉTRICA
REF: MAIO DE 2026
NUP: 019803/2024
VISA";;;0;1545;0,00;0,00;Pagamento;10.686,30;10.686,30;51.882,28;51.882,28
[20811-20262564];2;20811;20262564;3200;3200;2026;20811.1.1;03/07/2026;25086034000171;ENERGISA TOCANTINS - DISTRIBUIDORA DE ENERGISA S/A;248.769,96;35.167,59;"FORNECIMENTO DE ENERGIA ELÉTRICA
REF: MAIO DE 2026
NUP: 019803/2024
ESPECIALIZADA";;;0;1545;0,00;0,00;Pagamento;35.167,59;35.167,59;248.769,96;248.769,96
[20811-20262564];2;20811;20262564;3200;3200;2026;20811.2.1;03/07/2026;25086034000171;ENERGISA TOCANTINS - DISTRIBUIDORA DE ENERGISA S/A;248.769,96;24.507,89;"FORNECIMENTO DE ENERGIA ELÉTRICA
REF: MAIO  DE 2026
NUP: 019803/2024
ESPECIALIZADA";;;0;1545;0,00;0,00;Pagamento;24.507,89;24.507,89;248.769,96;248.769,96
[20811-20262564];2;20811;20262564;3200;3200;2026;20811.3.1;03/07/2026;25086034000171;ENERGISA TOCANTINS - DISTRIBUIDORA DE ENERGISA S/A;248.769,96;37.958,73;"FORNECIMENTO DE ENERGIA ELÉTRICA
REF: MAIO DE 2026
NUP: 019803/2024
CAPS";;;0;1545;0,00;0,00;Pagamento;37.958,73;37.958,73;248.769,96;248.769,96
[20811-20262564];2;20811;20262564;3200;3200;2026;20811.4.1;03/07/2026;25086034000171;ENERGISA TOCANTINS - DISTRIBUIDORA DE ENERGISA S/A;248.769,96;135.340,62;"FORNECIMENTO DE ENERGIA ELÉTRICA
REF: MAIO  DE 2026
NUP: 019803/2024
UPAS";;;0;1545;0,00;0,00;Pagamento;135.340,62;135.340,62;248.769,96;248.769,96
[20811-20262564];2;20811;20262564;3200;3200;2026;20811.5.1;03/07/2026;25086034000171;ENERGISA TOCANTINS - DISTRIBUIDORA DE ENERGISA S/A;248.769,96;15.795,13;"FORNECIMENTO DE ENERGIA ELÉTRICA
REF: MAIO DE 2026
NUP: 019803/2024
SAMU";;;0;1545;0,00;0,00;Pagamento;15.795,13;15.795,13;248.769,96;248.769,96
[20808-20260557];2;20808;20260557;3200;3200;2026;20808.2.1;03/07/2026;8202415000150;AHARDS SISTEMAS S/A;8.231,30;4.115,65;"REF. AO CONTRATO Nº 02/2023 - LOCAÇÃO DE EQUIPAMENTO DEDICADO PARA RECONHECIMENTO FACIAL DOS SERVIDORES - ITEM 6 DO CONTRATO  COMPETENCIA DOS MESES JANEIRO E FEVEREIRO DE 2026 - GESTÃO..
NUP: 0.028152/2024.";;;0;1545;0,00;0,00;Pagamento;4.115,65;4.115,65;8.231,30;8.231,30
[20806-20260631];1;20806;20260631;3200;3200;2026;20806.1;03/07/2026;10587568000104;MERIC AR CONDICIONADO EIRELI;444,00;444,00;"EMPENHO PARA PAGAMENTO REF. PRESTAÇÃO DE SERVIÇOS MANUT. PREVENTIVA E CORRETIVA GERADORES DE ENERGIA DO PRERIODO DE MARÇO DE 2026.
MAC.
NUP: 21891/2024.
NF 2663";;;0;1545;0,00;0,00;Liquidação;444,00;0,00;;444,00
[20771-20260788];2;20771;20260788;3500;3500;2026;20771.1.1;03/07/2026;21801010000104;VALOR ENGENHARIA EIRELI;872.288,76;872.288,76;VALOR LIQUIDADO REFERENTE A NF Nº2026000018 - BOLETIM DE MEDIÇÃO Nº 004 E ÚLTIMA MEDIÇÃO E O 1º TERMO ADITIVO ORÇAMENTÁRIO (PERÍODO DE 12/02/26 A 22/05/26) QUE TEM POR OBJETO A CONSTRUÇÃO DA PRAÇA NA QUADRA ARNE 53 ( 406 NORTE), NO MUNICÍPIO DE PALMAS-TO, CONTRATO Nº 026/2025, PROCESSO Nº 2022061390. CONFORME PREVISTO NA RELAÇÃO DE DESPESAS DE INVESTIMENTO DO CONTRATO DE FINANCIAMENTO NUMERO 40/00090-7.;;;0;1545;0,00;0,00;Pagamento;872.288,76;872.288,76;872.288,76;872.288,76
[20766-20261647];1;20766;20261647;5600;5600;2026;20766.1;03/07/2026;9597053000106;V3BR LOCAÇÕES E EVENTOS LTDA;125.000,00;124.953,36;"VALOR LIQUIDADO REFERENTE A: PROCESSO DE DESPESAS DE EXERCICIOS ANTERIORES - DEA - LOCAÇÃO DE ESTRUTURA TEMPORARIA NUP 017304.2024 / 2023037766 - EMENDA VER. DIAN CARLOS
EVENTO: NATAL DE LUZ PALMS (PARCIAL)";;;0;1545;0,00;0,00;Liquidação;124.953,36;0,00;;124.953,36
[20729-20262592];1;20729;20262592;5600;5600;2026;20729.11;03/07/2026;9597053000106;V3BR LOCAÇÕES E EVENTOS LTDA;600.000,00;7.800,00;VALOR LIQUIDADO REFERENTE A: PROCESSO DE DESPESAS DE EXERCICIOS ANTERIORES - DEA - LOCAÇÃO DE ESTRUTURA TEMPORARIA NUP 017304.2024 / 2023037766 EVENTO: FESTEJO DO DIVININONO ESPERITON SANTO;;;0;1545;0,00;0,00;Liquidação;7.800,00;0,00;;7.800,00
[20729-20262592];1;20729;20262592;5600;5600;2026;20729.12;03/07/2026;9597053000106;V3BR LOCAÇÕES E EVENTOS LTDA;600.000,00;2.226,25;VALOR LIQUIDADO REFERENTE A: PROCESSO DE DESPESAS DE EXERCICIOS ANTERIORES - DEA - LOCAÇÃO DE ESTRUTURA TEMPORARIA NUP 017304.2024 / 2023037766 EVENTIO: FEIOJADA BENEFICNETE;;;0;1545;0,00;0,00;Liquidação;2.226,25;0,00;;2.226,25
[20729-20262592];1;20729;20262592;5600;5600;2026;20729.13;03/07/2026;9597053000106;V3BR LOCAÇÕES E EVENTOS LTDA;600.000,00;3.010,00;VALOR LIQUIDADO REFERENTE A: PROCESSO DE DESPESAS DE EXERCICIOS ANTERIORES - DEA - LOCAÇÃO DE ESTRUTURA TEMPORARIA NUP 017304.2024 / 2023037766 EVNETO:AÇÃO EDUCAÇÃO TIVA MEIO AMBIENTE, SAUDE E PROTEÇÃO ANINAL;;;0;1545;0,00;0,00;Liquidação;3.010,00;0,00;;3.010,00
[20729-20262592];1;20729;20262592;5600;5600;2026;20729.14;03/07/2026;9597053000106;V3BR LOCAÇÕES E EVENTOS LTDA;600.000,00;520,00;VALOR LIQUIDADO REFERENTE A: PROCESSO DE DESPESAS DE EXERCICIOS ANTERIORES - DEA - LOCAÇÃO DE ESTRUTURA TEMPORARIA NUP 017304.2024 / 2023037766 EVENTO: ATUALIZAÇÃO DE CADASTRO ANUAL;;;0;1545;0,00;0,00;Liquidação;520,00;0,00;;520,00
[20729-20262592];1;20729;20262592;5600;5600;2026;20729.15;03/07/2026;9597053000106;V3BR LOCAÇÕES E EVENTOS LTDA;600.000,00;228,00;VALOR LIQUIDADO REFERENTE A: PROCESSO DE DESPESAS DE EXERCICIOS ANTERIORES - DEA - LOCAÇÃO DE ESTRUTURA TEMPORARIA NUP 017304.2024 / 2023037766) EVENTO: ANIVERSARIO DA VILA AGROTINS;;;0;1545;0,00;0,00;Liquidação;228,00;0,00;;228,00
[20729-20262592];1;20729;20262592;5600;5600;2026;20729.16;03/07/2026;9597053000106;V3BR LOCAÇÕES E EVENTOS LTDA;600.000,00;2.071,15;VALOR LIQUIDADO REFERENTE A: PROCESSO DE DESPESAS DE EXERCICIOS ANTERIORES - DEA - LOCAÇÃO DE ESTRUTURA TEMPORARIA NUP 017304.2024 / 2023037766 EVENTO? FEIRA DE ADOÇÃO;;;0;1545;0,00;0,00;Liquidação;2.071,15;0,00;;2.071,15
[20729-20262592];1;20729;20262592;5600;5600;2026;20729.17;03/07/2026;9597053000106;V3BR LOCAÇÕES E EVENTOS LTDA;600.000,00;53.648,14;VALOR LIQUIDADO REFERENTE A: PROCESSO DE DESPESAS DE EXERCICIOS ANTERIORES - DEA - LOCAÇÃO DE ESTRUTURA TEMPORARIA NUP 017304.2024 / 2023037766 EVENTO: MULTIRÃO DE NEGOCIAÇÃO FISCAL;;;0;1545;0,00;0,00;Liquidação;53.648,14;0,00;;53.648,14
[20729-20262592];1;20729;20262592;5600;5600;2026;20729.18;03/07/2026;9597053000106;V3BR LOCAÇÕES E EVENTOS LTDA;600.000,00;3.228,15;VALOR LIQUIDADO REFERENTE A: PROCESSO DE DESPESAS DE EXERCICIOS ANTERIORES - DEA - LOCAÇÃO DE ESTRUTURA TEMPORARIA NUP 017304.2024 / 2023037766 - VENTO: AQÇÃO  DE GRAÇAS ASSEEMBLEIA DE DEUS RUTE;;;0;1545;0,00;0,00;Liquidação;3.228,15;0,00;;3.228,15
[20729-20262592];1;20729;20262592;5600;5600;2026;20729.19;03/07/2026;9597053000106;V3BR LOCAÇÕES E EVENTOS LTDA;600.000,00;5.586,00;VALOR LIQUIDADO REFERENTE A: PROCESSO DE DESPESAS DE EXERCICIOS ANTERIORES - DEA - LOCAÇÃO DE ESTRUTURA TEMPORARIA NUP 017304.2024 / 2023037766 - EVNETO : II FORUM INTERSETIORIAL SOBRE TRABALAHO INFANTIKL;;;0;1545;0,00;0,00;Liquidação;5.586,00;0,00;;5.586,00
[20729-20262592];1;20729;20262592;5600;5600;2026;20729.20;03/07/2026;9597053000106;V3BR LOCAÇÕES E EVENTOS LTDA;600.000,00;5.586,00;VALOR LIQUIDADO REFERENTE A: PROCESSO DE DESPESAS DE EXERCICIOS ANTERIORES - DEA - LOCAÇÃO DE ESTRUTURA TEMPORARIA NUP 017304.2024 / 2023037766 - EVENTO: ENTREGA DOS REUSTARANTES COMUNITARIOS;;;0;1545;0,00;0,00;Liquidação;5.586,00;0,00;;5.586,00
[20729-20262592];1;20729;20262592;5600;5600;2026;20729.21;03/07/2026;9597053000106;V3BR LOCAÇÕES E EVENTOS LTDA;600.000,00;5.586,00;VALOR LIQUIDADO REFERENTE A: PROCESSO DE DESPESAS DE EXERCICIOS ANTERIORES - DEA - LOCAÇÃO DE ESTRUTURA TEMPORARIA NUP 017304.2024 / 2023037766 - EVENTO:ENTREGAS DOS REUSTARANTE COMUNITARIO;;;0;1545;0,00;0,00;Liquidação;5.586,00;0,00;;5.586,00
[20729-20262592];1;20729;20262592;5600;5600;2026;20729.22;03/07/2026;9597053000106;V3BR LOCAÇÕES E EVENTOS LTDA;600.000,00;780,00;VALOR LIQUIDADO REFERENTE A: PROCESSO DE DESPESAS DE EXERCICIOS ANTERIORES - DEA - LOCAÇÃO DE ESTRUTURA TEMPORARIA NUP 017304.2024 / 2023037766;;;0;1545;0,00;0,00;Liquidação;780,00;0,00;;780,00
[20729-20262592];1;20729;20262592;5600;5600;2026;20729.23;03/07/2026;9597053000106;V3BR LOCAÇÕES E EVENTOS LTDA;600.000,00;600,00;VALOR LIQUIDADO REFERENTE A: PROCESSO DE DESPESAS DE EXERCICIOS ANTERIORES - DEA - LOCAÇÃO DE ESTRUTURA TEMPORARIA NUP 017304.2024 / 2023037766 -  EVENTO: SÃO JOAO BATIDTA;;;0;1545;0,00;0,00;Liquidação;600,00;0,00;;600,00
[20729-20262592];1;20729;20262592;5600;5600;2026;20729.24;03/07/2026;9597053000106;V3BR LOCAÇÕES E EVENTOS LTDA;600.000,00;1.248,00;VALOR LIQUIDADO REFERENTE A: PROCESSO DE DESPESAS DE EXERCICIOS ANTERIORES - DEA - LOCAÇÃO DE ESTRUTURA TEMPORARIA NUP 017304.2024 / 2023037766 EVENTO: PMW FIOW;;;0;1545;0,00;0,00;Liquidação;1.248,00;0,00;;1.248,00
[20729-20262592];1;20729;20262592;5600;5600;2026;20729.25;03/07/2026;9597053000106;V3BR LOCAÇÕES E EVENTOS LTDA;600.000,00;3.782,50;VALOR LIQUIDADO REFERENTE A: PROCESSO DE DESPESAS DE EXERCICIOS ANTERIORES - DEA - LOCAÇÃO DE ESTRUTURA TEMPORARIA NUP 017304.2024 / 2023037766 EVENTO: 2º MULTIRAO POP JUD;;;0;1545;0,00;0,00;Liquidação;3.782,50;0,00;;3.782,50
[20729-20262592];1;20729;20262592;5600;5600;2026;20729.26;03/07/2026;9597053000106;V3BR LOCAÇÕES E EVENTOS LTDA;600.000,00;2.822,00;VALOR LIQUIDADO REFERENTE A: PROCESSO DE DESPESAS DE EXERCICIOS ANTERIORES - DEA - LOCAÇÃO DE ESTRUTURA TEMPORARIA NUP 017304.2024 / 2023037766 EVENTO: CAPACITAÇÃO DO SERVIÇO DE INSPEÇÃO MUNICIPAL;;;0;1545;0,00;0,00;Liquidação;2.822,00;0,00;;2.822,00
[20729-20262592];1;20729;20262592;5600;5600;2026;20729.27;03/07/2026;9597053000106;V3BR LOCAÇÕES E EVENTOS LTDA;600.000,00;5.405,85;VALOR LIQUIDADO REFERENTE A: PROCESSO DE DESPESAS DE EXERCICIOS ANTERIORES - DEA - LOCAÇÃO DE ESTRUTURA TEMPORARIA NUP 017304.2024 / 2023037766 EVENTO: TAÇA CIDADE PALMAS;;;0;1545;0,00;0,00;Liquidação;5.405,85;0,00;;5.405,85
[20729-20262592];1;20729;20262592;5600;5600;2026;20729.28;03/07/2026;9597053000106;V3BR LOCAÇÕES E EVENTOS LTDA;600.000,00;3.774,65;VALOR LIQUIDADO REFERENTE A: PROCESSO DE DESPESAS DE EXERCICIOS ANTERIORES - DEA - LOCAÇÃO DE ESTRUTURA TEMPORARIA NUP 017304.2024 / 2023037766 EVENTO: ESCOLINHA DO PROJETOI DA ASSOCIAÇÃO ESPORTIVA AURENY III;;;0;1545;0,00;0,00;Liquidação;3.774,65;0,00;;3.774,65
[20729-20262592];1;20729;20262592;5600;5600;2026;20729.29;03/07/2026;9597053000106;V3BR LOCAÇÕES E EVENTOS LTDA;600.000,00;780,00;VALOR LIQUIDADO REFERENTE A: PROCESSO DE DESPESAS DE EXERCICIOS ANTERIORES - DEA - LOCAÇÃO DE ESTRUTURA TEMPORARIA NUP 017304.2024 / 2023037766 - EVENTO: FESTA JUNINA 9º ANO COLEGIO MILITAR;;;0;1545;0,00;0,00;Liquidação;780,00;0,00;;780,00
[20729-20262592];1;20729;20262592;5600;5600;2026;20729.30;03/07/2026;9597053000106;V3BR LOCAÇÕES E EVENTOS LTDA;600.000,00;600,00;VALOR LIQUIDADO REFERENTE A: PROCESSO DE DESPESAS DE EXERCICIOS ANTERIORES - DEA - LOCAÇÃO DE ESTRUTURA TEMPORARIA NUP 017304.2024 / 2023037766 EVENTO: FESTEJO DE SAOA JOA BATISTA;;;0;1545;0,00;0,00;Liquidação;600,00;0,00;;600,00
[20729-20262592];1;20729;20262592;5600;5600;2026;20729.31;03/07/2026;9597053000106;V3BR LOCAÇÕES E EVENTOS LTDA;600.000,00;1.248,00;VALOR LIQUIDADO REFERENTE A: PROCESSO DE DESPESAS DE EXERCICIOS ANTERIORES - DEA - LOCAÇÃO DE ESTRUTURA TEMPORARIA NUP 017304.2024 / 2023037766 - EVENTO: PMW FLOW;;;0;1545;0,00;0,00;Liquidação;1.248,00;0,00;;1.248,00
[20729-20262592];1;20729;20262592;5600;5600;2026;20729.32;03/07/2026;9597053000106;V3BR LOCAÇÕES E EVENTOS LTDA;600.000,00;3.782,50;VALOR LIQUIDADO REFERENTE A: PROCESSO DE DESPESAS DE EXERCICIOS ANTERIORES - DEA - LOCAÇÃO DE ESTRUTURA TEMPORARIA NUP 017304.2024 / 2023037766 - EVENTO: 2º MULTIRAO POP RUA JUD;;;0;1545;0,00;0,00;Liquidação;3.782,50;0,00;;3.782,50
[20729-20262592];1;20729;20262592;5600;5600;2026;20729.33;03/07/2026;9597053000106;V3BR LOCAÇÕES E EVENTOS LTDA;600.000,00;4.184,20;VALOR LIQUIDADO REFERENTE A: PROCESSO DE DESPESAS DE EXERCICIOS ANTERIORES - DEA - LOCAÇÃO DE ESTRUTURA TEMPORARIA NUP 017304.2024 / 2023037766 -  EVENTO: 1 CORRIDA INCLUSIVA DA ASSPMETO;;;0;1545;0,00;0,00;Liquidação;4.184,20;0,00;;4.184,20
[20729-20262592];1;20729;20262592;5600;5600;2026;20729.34;03/07/2026;9597053000106;V3BR LOCAÇÕES E EVENTOS LTDA;600.000,00;8.000,00;VALOR LIQUIDADO REFERENTE A: PROCESSO DE DESPESAS DE EXERCICIOS ANTERIORES - DEA - LOCAÇÃO DE ESTRUTURA TEMPORARIA NUP 017304.2024 / 2023037766 EVENTO: EVENTO CULTURAL ADORAI;;;0;1545;0,00;0,00;Liquidação;8.000,00;0,00;;8.000,00
[20729-20262592];1;20729;20262592;5600;5600;2026;20729.35;03/07/2026;9597053000106;V3BR LOCAÇÕES E EVENTOS LTDA;600.000,00;8.080,10;VALOR LIQUIDADO REFERENTE A: PROCESSO DE DESPESAS DE EXERCICIOS ANTERIORES - DEA - LOCAÇÃO DE ESTRUTURA TEMPORARIA NUP 017304.2024 / 2023037766 EVFENTO: 8ª EDIÇAO DO FESTIVAL CANTO VIDA E ARTE;;;0;1545;0,00;0,00;Liquidação;8.080,10;0,00;;8.080,10
[20729-20262592];1;20729;20262592;5600;5600;2026;20729.36;03/07/2026;9597053000106;V3BR LOCAÇÕES E EVENTOS LTDA;600.000,00;4.061,20;VALOR LIQUIDADO REFERENTE A: PROCESSO DE DESPESAS DE EXERCICIOS ANTERIORES - DEA - LOCAÇÃO DE ESTRUTURA TEMPORARIA NUP 017304.2024 / 2023037766 - CORRIDA E E CAMINHADA INCLUSIVA DA INDEPENDENCIA;;;0;1545;0,00;0,00;Liquidação;4.061,20;0,00;;4.061,20
[20729-20262592];1;20729;20262592;5600;5600;2026;20729.37;03/07/2026;9597053000106;V3BR LOCAÇÕES E EVENTOS LTDA;600.000,00;3.350,00;VALOR LIQUIDADO REFERENTE A: PROCESSO DE DESPESAS DE EXERCICIOS ANTERIORES - DEA - LOCAÇÃO DE ESTRUTURA TEMPORARIA NUP 017304.2024 / 2023037766 EVENTO: CORRIDA DO FOGO;;;0;1545;0,00;0,00;Liquidação;3.350,00;0,00;;3.350,00
[20729-20262592];1;20729;20262592;5600;5600;2026;20729.38;03/07/2026;9597053000106;V3BR LOCAÇÕES E EVENTOS LTDA;600.000,00;657,60;VALOR LIQUIDADO REFERENTE A: PROCESSO DE DESPESAS DE EXERCICIOS ANTERIORES - DEA - LOCAÇÃO DE ESTRUTURA TEMPORARIA NUP 017304.2024 / 2023037766 EVENTO: AULAO DANÇA SETEMBRO AMARELO;;;0;1545;0,00;0,00;Liquidação;657,60;0,00;;657,60
[20729-20262592];1;20729;20262592;5600;5600;2026;20729.39;03/07/2026;9597053000106;V3BR LOCAÇÕES E EVENTOS LTDA;600.000,00;7.928,00;VALOR LIQUIDADO REFERENTE A: PROCESSO DE DESPESAS DE EXERCICIOS ANTERIORES - DEA - LOCAÇÃO DE ESTRUTURA TEMPORARIA NUP 017304.2024 / 2023037766 - EVENTO: 1ª EDIÇÃO IKIGAI BJJ DE JIU JITSU;;;0;1545;0,00;0,00;Liquidação;7.928,00;0,00;;7.928,00
[20729-20262592];1;20729;20262592;5600;5600;2026;20729.40;03/07/2026;9597053000106;V3BR LOCAÇÕES E EVENTOS LTDA;600.000,00;5.586,00;VALOR LIQUIDADO REFERENTE A: PROCESSO DE DESPESAS DE EXERCICIOS ANTERIORES - DEA - LOCAÇÃO DE ESTRUTURA TEMPORARIA NUP 017304.2024 / 2023037766 EVENTO: PARAOQUIA SAO FRANCISCO DE ASSIS;;;0;1545;0,00;0,00;Liquidação;5.586,00;0,00;;5.586,00
[20729-20262592];1;20729;20262592;5600;5600;2026;20729.41;03/07/2026;9597053000106;V3BR LOCAÇÕES E EVENTOS LTDA;600.000,00;3.000,00;VALOR LIQUIDADO REFERENTE A: PROCESSO DE DESPESAS DE EXERCICIOS ANTERIORES - DEA - LOCAÇÃO DE ESTRUTURA TEMPORARIA NUP 017304.2024 / 2023037766 EVENTO: PARTIDA DE FUTSAL DA COMPETIÇÃO SERIE OURO;;;0;1545;0,00;0,00;Liquidação;3.000,00;0,00;;3.000,00
[20729-20262592];1;20729;20262592;5600;5600;2026;20729.42;03/07/2026;9597053000106;V3BR LOCAÇÕES E EVENTOS LTDA;600.000,00;2.468,50;VALOR LIQUIDADO REFERENTE A: PROCESSO DE DESPESAS DE EXERCICIOS ANTERIORES - DEA - LOCAÇÃO DE ESTRUTURA TEMPORARIA NUP 017304.2024 / 2023037766 - EVENTO: FESTA ANUAL DO EXU MARABO;;;0;1545;0,00;0,00;Liquidação;2.468,50;0,00;;2.468,50
[20729-20262592];1;20729;20262592;5600;5600;2026;20729.43;03/07/2026;9597053000106;V3BR LOCAÇÕES E EVENTOS LTDA;600.000,00;2.620,50;VALOR LIQUIDADO REFERENTE A: PROCESSO DE DESPESAS DE EXERCICIOS ANTERIORES - DEA - LOCAÇÃO DE ESTRUTURA TEMPORARIA NUP 017304.2024 / 2023037766 EFVENTO: CALVAGADA DO SÃO JOÃO;;;0;1545;0,00;0,00;Liquidação;2.620,50;0,00;;2.620,50
[20729-20262592];1;20729;20262592;5600;5600;2026;20729.44;03/07/2026;9597053000106;V3BR LOCAÇÕES E EVENTOS LTDA;600.000,00;1.282,50;VALOR LIQUIDADO REFERENTE A: PROCESSO DE DESPESAS DE EXERCICIOS ANTERIORES - DEA - LOCAÇÃO DE ESTRUTURA TEMPORARIA NUP 017304.2024 / 2023037766 - EVENTO: FESTEJO DE SÃO BENEDITO;;;0;1545;0,00;0,00;Liquidação;1.282,50;0,00;;1.282,50
[20729-20262592];1;20729;20262592;5600;5600;2026;20729.45;03/07/2026;9597053000106;V3BR LOCAÇÕES E EVENTOS LTDA;600.000,00;110.584,62;VALOR LIQUIDADO REFERENTE A: PROCESSO DE DESPESAS DE EXERCICIOS ANTERIORES - DEA - LOCAÇÃO DE ESTRUTURA TEMPORARIA NUP 017304.2024 / 2023037766 - EVENTO: NATAL LUZ DE PALMAS;;;0;1545;0,00;0,00;Liquidação;110.584,62;0,00;;110.584,62
[20729-20262592];1;20729;20262592;5600;5600;2026;20729.46;03/07/2026;9597053000106;V3BR LOCAÇÕES E EVENTOS LTDA;600.000,00;5.152,80;VALOR LIQUIDADO REFERENTE A: PROCESSO DE DESPESAS DE EXERCICIOS ANTERIORES - DEA - LOCAÇÃO DE ESTRUTURA TEMPORARIA NUP 017304.2024 / 2023037766 EVENTO: APOIO AO VELORIO;;;0;1545;0,00;0,00;Liquidação;5.152,80;0,00;;5.152,80
[20729-20262592];1;20729;20262592;5600;5600;2026;20729.47;03/07/2026;9597053000106;V3BR LOCAÇÕES E EVENTOS LTDA;600.000,00;5.586,00;VALOR LIQUIDADO REFERENTE A: PROCESSO DE DESPESAS DE EXERCICIOS ANTERIORES - DEA - LOCAÇÃO DE ESTRUTURA TEMPORARIA NUP 017304.2024 / 2023037766 EVENTO: ENTREGA DA USF DA ARNE 53(406 NORTE);;;0;1545;0,00;0,00;Liquidação;5.586,00;0,00;;5.586,00
[20729-20262592];1;20729;20262592;5600;5600;2026;20729.48;03/07/2026;9597053000106;V3BR LOCAÇÕES E EVENTOS LTDA;600.000,00;7.410,00;VALOR LIQUIDADO REFERENTE A: PROCESSO DE DESPESAS DE EXERCICIOS ANTERIORES - DEA - LOCAÇÃO DE ESTRUTURA TEMPORARIA NUP 017304.2024 / 2023037766 EVENTO: ULTIMA ETAPA DO CAMPEONATO DE KART;;;0;1545;0,00;0,00;Liquidação;7.410,00;0,00;;7.410,00
[20729-20262592];1;20729;20262592;5600;5600;2026;20729.49;03/07/2026;9597053000106;V3BR LOCAÇÕES E EVENTOS LTDA;600.000,00;4.751,00;VALOR LIQUIDADO REFERENTE A: PROCESSO DE DESPESAS DE EXERCICIOS ANTERIORES - DEA - LOCAÇÃO DE ESTRUTURA TEMPORARIA NUP 017304.2024 / 2023037766 EVENTO: SEMINARIO PRATICAS QUIE TRASFORMAM VIDAS;;;0;1545;0,00;0,00;Liquidação;4.751,00;0,00;;4.751,00
[20729-20262592];1;20729;20262592;5600;5600;2026;20729.50;03/07/2026;9597053000106;V3BR LOCAÇÕES E EVENTOS LTDA;600.000,00;3.724,00;VALOR LIQUIDADO REFERENTE A: PROCESSO DE DESPESAS DE EXERCICIOS ANTERIORES - DEA - LOCAÇÃO DE ESTRUTURA TEMPORARIA NUP 017304.2024 / 2023037766 EVENTO: ENTREGA DA USF TAQUARUÇU GRANDE;;;0;1545;0,00;0,00;Liquidação;3.724,00;0,00;;3.724,00
[20729-20262592];1;20729;20262592;5600;5600;2026;20729.51;03/07/2026;9597053000106;V3BR LOCAÇÕES E EVENTOS LTDA;600.000,00;3.724,00;VALOR LIQUIDADO REFERENTE A: PROCESSO DE DESPESAS DE EXERCICIOS ANTERIORES - DEA - LOCAÇÃO DE ESTRUTURA TEMPORARIA NUP 017304.2024 / 2023037766 EVENTO: ENTREGA DA USF SANTA BARBARA;;;0;1545;0,00;0,00;Liquidação;3.724,00;0,00;;3.724,00
[20729-20262592];1;20729;20262592;5600;5600;2026;20729.52;03/07/2026;9597053000106;V3BR LOCAÇÕES E EVENTOS LTDA;600.000,00;552,00;VALOR LIQUIDADO REFERENTE A: PROCESSO DE DESPESAS DE EXERCICIOS ANTERIORES - DEA - LOCAÇÃO DE ESTRUTURA TEMPORARIA NUP 017304.2024 / 2023037766 EVENTO: PALESTRA MOTIVACIONAL DA AGRICULTURA;;;0;1545;0,00;0,00;Liquidação;552,00;0,00;;552,00
[20729-20262592];1;20729;20262592;5600;5600;2026;20729.53;03/07/2026;9597053000106;V3BR LOCAÇÕES E EVENTOS LTDA;600.000,00;3.864,60;VALOR LIQUIDADO REFERENTE A: PROCESSO DE DESPESAS DE EXERCICIOS ANTERIORES - DEA - LOCAÇÃO DE ESTRUTURA TEMPORARIA NUP 017304.2024 / 2023037766 EVENTO: CONGRESSO ANUAL DOS ADOLESCENTES DA IGREJA ASSEMBLEIA DE DEUS;;;0;1545;0,00;0,00;Liquidação;3.864,60;0,00;;3.864,60
[20718-20261942];2;20718;20261942;2500;2500;2026;20718.1.1;03/07/2026;22731610263;MARIA PAIXAO FERREIRA SOUZA;3.924,38;3.924,38;"VALOR PAGO REFERENTE A: PARTICIPAÇÃO DO CONGRESSO BRASILEIRO DE BIBLIOTECONOMIA E DOCUMENTAÇÃO - CBBD  2026, A SER REALIZADO DE 13 A 17 DE JULHO DE 2026 COM O TEMA ""AS  BIBLIOTECAS NOS LIMIARES DO ANTROPOCENO"" NA CIDADE DE CURITIBA/PR.";;;0;1545;0,00;0,00;Pagamento;3.924,38;3.924,38;3.924,38;3.924,38
[20659-20261448];2;20659;20261448;3200;3200;2026;20659.1.1;03/07/2026;29979036006424;INSS-INST.NACIONAL DO SEG. SOCIAL;20,84;20,84;Liquidação Automática dos servidores da Folha Complementar 1, competência Junho/2026, Entidade: FUNDO MUNICIPAL DE SAÚDE.;;;0;1545;0,00;0,00;Pagamento;20,84;20,84;20,84;20,84
[20658-20261448];2;20658;20261448;3200;3200;2026;20658.1.1;03/07/2026;29979036006424;INSS-INST.NACIONAL DO SEG. SOCIAL;200,00;200,00;Liquidação Automática dos servidores da Folha Complementar 1, competência Junho/2026, Entidade: FUNDO MUNICIPAL DE SAÚDE.;;;0;1545;0,00;0,00;Pagamento;200,00;200,00;200,00;200,00
[20638-20262615];2;20638;20262615;3200;3200;2026;20638.1.1;03/07/2026;29979036006424;INSS-INST.NACIONAL DO SEG. SOCIAL;875,21;875,21;Liquidação Automática dos servidores da Folha Normal, competência Junho/2026, Entidade: FUNDO MUNICIPAL DE SAÚDE.;;;0;1545;0,00;0,00;Pagamento;875,21;875,21;875,21;875,21
[20637-20262615];2;20637;20262615;3200;3200;2026;20637.1.1;03/07/2026;29979036006424;INSS-INST.NACIONAL DO SEG. SOCIAL;8.399,41;8.399,41;Liquidação Automática dos servidores da Folha Normal, competência Junho/2026, Entidade: FUNDO MUNICIPAL DE SAÚDE.;;;0;1545;0,00;0,00;Pagamento;8.399,41;8.399,41;8.399,41;8.399,41
[20608-20262588];2;20608;20262588;3200;3200;2026;20608.1.1;03/07/2026;29979036006424;INSS-INST.NACIONAL DO SEG. SOCIAL;53,86;53,86;Liquidação Automática dos servidores da Folha Normal, competência Junho/2026, Entidade: FUNDO MUNICIPAL DE SAÚDE.;;;0;1545;0,00;0,00;Pagamento;53,86;53,86;53,86;53,86
[20607-20262588];2;20607;20262588;3200;3200;2026;20607.1.1;03/07/2026;29979036006424;INSS-INST.NACIONAL DO SEG. SOCIAL;516,91;516,91;Liquidação Automática dos servidores da Folha Normal, competência Junho/2026, Entidade: FUNDO MUNICIPAL DE SAÚDE.;;;0;1545;0,00;0,00;Pagamento;516,91;516,91;516,91;516,91
[20605-20262588];2;20605;20262588;3200;3200;2026;20605.1.1;03/07/2026;29979036006424;INSS-INST.NACIONAL DO SEG. SOCIAL;4.842,91;4.842,91;Liquidação Automática dos servidores da Folha Normal, competência Junho/2026, Entidade: FUNDO MUNICIPAL DE SAÚDE.;;;0;1545;0,00;0,00;Pagamento;4.842,91;4.842,91;4.842,91;4.842,91
[20604-20262588];2;20604;20262588;3200;3200;2026;20604.1.1;03/07/2026;29979036006424;INSS-INST.NACIONAL DO SEG. SOCIAL;46.477,44;46.477,44;Liquidação Automática dos servidores da Folha Normal, competência Junho/2026, Entidade: FUNDO MUNICIPAL DE SAÚDE.;;;0;1545;0,00;0,00;Pagamento;46.477,44;46.477,44;46.477,44;46.477,44
[20522-20262615];2;20522;20262615;3200;3200;2026;20522.1.1;03/07/2026;29979036006424;INSS-INST.NACIONAL DO SEG. SOCIAL;2.334,62;2.334,62;Liquidação Automática dos servidores da Folha Normal, competência Junho/2026, Entidade: FUNDO MUNICIPAL DE SAÚDE.;;;0;1545;0,00;0,00;Pagamento;2.334,62;2.334,62;2.334,62;2.334,62
[20521-20262615];2;20521;20262615;3200;3200;2026;20521.1.1;03/07/2026;29979036006424;INSS-INST.NACIONAL DO SEG. SOCIAL;22.405,53;22.405,53;Liquidação Automática dos servidores da Folha Normal, competência Junho/2026, Entidade: FUNDO MUNICIPAL DE SAÚDE.;;;0;1545;0,00;0,00;Pagamento;22.405,53;22.405,53;22.405,53;22.405,53
[20455-20262615];2;20455;20262615;3200;3200;2026;20455.1.1;03/07/2026;29979036006424;INSS-INST.NACIONAL DO SEG. SOCIAL;509,39;509,39;Liquidação Automática dos servidores da Folha Normal, competência Junho/2026, Entidade: FUNDO MUNICIPAL DE SAÚDE.;;;0;1545;0,00;0,00;Pagamento;509,39;509,39;509,39;509,39
[20454-20262615];2;20454;20262615;3200;3200;2026;20454.1.1;03/07/2026;29979036006424;INSS-INST.NACIONAL DO SEG. SOCIAL;4.888,66;4.888,66;Liquidação Automática dos servidores da Folha Normal, competência Junho/2026, Entidade: FUNDO MUNICIPAL DE SAÚDE.;;;0;1545;0,00;0,00;Pagamento;4.888,66;4.888,66;4.888,66;4.888,66
[20408-20260542];2;20408;20260542;3200;3200;2026;20408.1.1;03/07/2026;29979036006424;INSS-INST.NACIONAL DO SEG. SOCIAL;260,24;260,24;Liquidação Automática dos servidores da Folha Normal, competência Junho/2026, Entidade: FUNDO MUNICIPAL DE SAÚDE.;;;0;1545;0,00;0,00;Pagamento;260,24;260,24;260,24;260,24
[20407-20260542];2;20407;20260542;3200;3200;2026;20407.1.1;03/07/2026;29979036006424;INSS-INST.NACIONAL DO SEG. SOCIAL;2.497,51;2.497,51;Liquidação Automática dos servidores da Folha Normal, competência Junho/2026, Entidade: FUNDO MUNICIPAL DE SAÚDE.;;;0;1545;0,00;0,00;Pagamento;2.497,51;2.497,51;2.497,51;2.497,51
[20406-20260542];2;20406;20260542;3200;3200;2026;20406.1.1;03/07/2026;29979036006424;INSS-INST.NACIONAL DO SEG. SOCIAL;1.030,35;1.030,35;Liquidação Automática dos servidores da Folha Normal, competência Junho/2026, Entidade: FUNDO MUNICIPAL DE SAÚDE.;;;0;1545;0,00;0,00;Pagamento;1.030,35;1.030,35;1.030,35;1.030,35
[20405-20260542];2;20405;20260542;3200;3200;2026;20405.1.1;03/07/2026;29979036006424;INSS-INST.NACIONAL DO SEG. SOCIAL;107,36;107,36;Liquidação Automática dos servidores da Folha Normal, competência Junho/2026, Entidade: FUNDO MUNICIPAL DE SAÚDE.;;;0;1545;0,00;0,00;Pagamento;107,36;107,36;107,36;107,36
[20402-20260542];2;20402;20260542;3200;3200;2026;20402.1.1;03/07/2026;29979036006424;INSS-INST.NACIONAL DO SEG. SOCIAL;2.039,14;2.039,14;Liquidação Automática dos servidores da Folha Normal, competência Junho/2026, Entidade: FUNDO MUNICIPAL DE SAÚDE.;;;0;1545;0,00;0,00;Pagamento;2.039,14;2.039,14;2.039,14;2.039,14
[20401-20260542];2;20401;20260542;3200;3200;2026;20401.1.1;03/07/2026;29979036006424;INSS-INST.NACIONAL DO SEG. SOCIAL;19.569,78;19.569,78;Liquidação Automática dos servidores da Folha Normal, competência Junho/2026, Entidade: FUNDO MUNICIPAL DE SAÚDE.;;;0;1545;0,00;0,00;Pagamento;19.569,78;19.569,78;19.569,78;19.569,78
[20321-20261473];2;20321;20261473;3200;3200;2026;20321.1.1;03/07/2026;29979036006424;INSS-INST.NACIONAL DO SEG. SOCIAL;54,62;54,62;Liquidação Automática dos servidores da Folha Normal, competência Junho/2026, Entidade: FUNDO MUNICIPAL DE SAÚDE.;;;0;1545;0,00;0,00;Pagamento;54,62;54,62;54,62;54,62
[20320-20261473];2;20320;20261473;3200;3200;2026;20320.1.1;03/07/2026;29979036006424;INSS-INST.NACIONAL DO SEG. SOCIAL;524,17;524,17;Liquidação Automática dos servidores da Folha Normal, competência Junho/2026, Entidade: FUNDO MUNICIPAL DE SAÚDE.;;;0;1545;0,00;0,00;Pagamento;524,17;524,17;524,17;524,17
[20319-20261473];2;20319;20261473;3200;3200;2026;20319.1.1;03/07/2026;29979036006424;INSS-INST.NACIONAL DO SEG. SOCIAL;421,91;421,91;Liquidação Automática dos servidores da Folha Normal, competência Junho/2026, Entidade: FUNDO MUNICIPAL DE SAÚDE.;;;0;1545;0,00;0,00;Pagamento;421,91;421,91;421,91;421,91
[20318-20261473];2;20318;20261473;3200;3200;2026;20318.1.1;03/07/2026;29979036006424;INSS-INST.NACIONAL DO SEG. SOCIAL;4.049,20;4.049,20;Liquidação Automática dos servidores da Folha Normal, competência Junho/2026, Entidade: FUNDO MUNICIPAL DE SAÚDE.;;;0;1545;0,00;0,00;Pagamento;4.049,20;4.049,20;4.049,20;4.049,20
[20276-20260655];2;20276;20260655;3200;3200;2026;20276.1.1;03/07/2026;29979036006424;INSS-INST.NACIONAL DO SEG. SOCIAL;233,32;233,32;Liquidação Automática dos servidores da Folha Normal, competência Junho/2026, Entidade: FUNDO MUNICIPAL DE SAÚDE.;;;0;1545;0,00;0,00;Pagamento;233,32;233,32;233,32;233,32
[20275-20260655];2;20275;20260655;3200;3200;2026;20275.1.1;03/07/2026;29979036006424;INSS-INST.NACIONAL DO SEG. SOCIAL;2.239,22;2.239,22;Liquidação Automática dos servidores da Folha Normal, competência Junho/2026, Entidade: FUNDO MUNICIPAL DE SAÚDE.;;;0;1545;0,00;0,00;Pagamento;2.239,22;2.239,22;2.239,22;2.239,22
[20194-20261768];2;20194;20261768;6110;6110;2026;20194.1.1;03/07/2026;25091307000176;INST.DE GESTÃO.PREVID.  DO EST.  DO TO-  I;413,06;413,06;VALOR PAGO REFERENTE A: COMPENSAÇÕE PREVIDENCIÁRIAS, REF. A MAIO DE 2026;;;0;1545;0,00;0,00;Pagamento;413,06;413,06;413,06;413,06
[20192-20261767];2;20192;20261767;6109;6109;2026;20192.1.1;03/07/2026;25091307000176;INST.DE GESTÃO.PREVID.  DO EST.  DO TO-  I;2.496,83;2.496,83;COMPENSAÇÕE PREVIDENCIÁRIAS, REF. A MAIO DE 2026;;;0;1545;0,00;0,00;Pagamento;2.496,83;2.496,83;2.496,83;2.496,83
[20191-20262566];1;20191;20262566;3200;3200;2026;20191.1;03/07/2026;12955953000192;HOSPITAL PALMAS MEDICAL LTDA.;46.265,31;37.290,08;LIQUIDAÇÃO PARA PAGAMENTO DA NOTA FISCAL Nº 7402, REFERENTE A MARÇO/2026;;;0;1545;0,00;0,00;Liquidação;37.290,08;0,00;;37.290,08
[20170-20262566];1;20170;20262566;3200;3200;2026;20170.3;03/07/2026;577777000113;COOPERATIVA DOS MÉDICOS ANESTESIOLOGISTA DO TOCANTINS;55.905,09;24.643,66;LIQUIDAÇÃO PARA PAGAMENTO DA NOTA FISCAL Nº 174, REFERENTE A JANEIRO/2026;;;0;1545;0,00;0,00;Liquidação;24.643,66;0,00;;24.643,66
[20170-20262566];1;20170;20262566;3200;3200;2026;20170.4;03/07/2026;577777000113;COOPERATIVA DOS MÉDICOS ANESTESIOLOGISTA DO TOCANTINS;55.905,09;13.952,72;LIQUIDAÇÃO PARA PAGAMENTO DA NOTA FISCAL Nº 306, REFERENTE A FEVEREIRO/2026;;;0;1545;0,00;0,00;Liquidação;13.952,72;0,00;;13.952,72
[20170-20262566];1;20170;20262566;3200;3200;2026;20170.5;03/07/2026;577777000113;COOPERATIVA DOS MÉDICOS ANESTESIOLOGISTA DO TOCANTINS;55.905,09;17.308,71;LIQUIDAÇÃO PARA PAGAMENTO DA NOTA FISCAL Nº 383, REFERENTE A MARÇO/2026;;;0;1545;0,00;0,00;Liquidação;17.308,71;0,00;;17.308,71
[20165-20262566];1;20165;20262566;3200;3200;2026;20165.1;03/07/2026;12955953000192;HOSPITAL PALMAS MEDICAL LTDA.;34.136,58;21.098,82;LIQUIDAÇÃO PARA PAGAMENTO DA NOTA FISCAL Nº 3608, REFERENTE A JANEIRO/2026;;;0;1545;0,00;0,00;Liquidação;21.098,82;0,00;;21.098,82
[20165-20262566];1;20165;20262566;3200;3200;2026;20165.2;03/07/2026;12955953000192;HOSPITAL PALMAS MEDICAL LTDA.;34.136,58;13.037,76;LIQUIDAÇÃO PARA PAGAMENTO DA NOTA FISCAL Nº 5279, REFERENTE A FEVEREIRO/2026;;;0;1545;0,00;0,00;Liquidação;13.037,76;0,00;;13.037,76
[1982-20260290];1;1982;20260290;2500;2500;2026;1982.38;03/07/2026;4196645000100;IMPRENSA NACIONAL;35.000,00;269,28;CONTRATAÇÃO DE EMPRESA ESPECIALIZADA PARA REALIZAR PUBLICAÇÃO DE ATOS ADMINISTRATIVOS NO DIÁRIO OFICIAL DA UNIÃO - DOU, PARA ATENDIMENTO DA PREFEITURA MUNICIPAL DE PALMAS.;;;0;1545;0,00;0,00;Liquidação;269,28;10.754,20;;269,28
[1982-20260290];1;1982;20260290;2500;2500;2026;1982.39;03/07/2026;4196645000100;IMPRENSA NACIONAL;35.000,00;403,92;CONTRATAÇÃO DE EMPRESA ESPECIALIZADA PARA REALIZAR PUBLICAÇÃO DE ATOS ADMINISTRATIVOS NO DIÁRIO OFICIAL DA UNIÃO - DOU, PARA ATENDIMENTO DA PREFEITURA MUNICIPAL DE PALMAS.;;;0;1545;0,00;0,00;Liquidação;403,92;10.754,20;;403,92
[1982-20260290];1;1982;20260290;2500;2500;2026;1982.40;03/07/2026;4196645000100;IMPRENSA NACIONAL;35.000,00;403,92;CONTRATAÇÃO DE EMPRESA ESPECIALIZADA PARA REALIZAR PUBLICAÇÃO DE ATOS ADMINISTRATIVOS NO DIÁRIO OFICIAL DA UNIÃO - DOU, PARA ATENDIMENTO DA PREFEITURA MUNICIPAL DE PALMAS.;;;0;1545;0,00;0,00;Liquidação;403,92;10.754,20;;403,92
[1982-20260290];1;1982;20260290;2500;2500;2026;1982.41;03/07/2026;4196645000100;IMPRENSA NACIONAL;35.000,00;403,92;CONTRATAÇÃO DE EMPRESA ESPECIALIZADA PARA REALIZAR PUBLICAÇÃO DE ATOS ADMINISTRATIVOS NO DIÁRIO OFICIAL DA UNIÃO - DOU, PARA ATENDIMENTO DA PREFEITURA MUNICIPAL DE PALMAS.;;;0;1545;0,00;0,00;Liquidação;403,92;10.754,20;;403,92
[1982-20260290];1;1982;20260290;2500;2500;2026;1982.42;03/07/2026;4196645000100;IMPRENSA NACIONAL;35.000,00;403,92;CONTRATAÇÃO DE EMPRESA ESPECIALIZADA PARA REALIZAR PUBLICAÇÃO DE ATOS ADMINISTRATIVOS NO DIÁRIO OFICIAL DA UNIÃO - DOU, PARA ATENDIMENTO DA PREFEITURA MUNICIPAL DE PALMAS.;;;0;1545;0,00;0,00;Liquidação;403,92;10.754,20;;403,92
[1982-20260290];1;1982;20260290;2500;2500;2026;1982.43;03/07/2026;4196645000100;IMPRENSA NACIONAL;35.000,00;314,16;CONTRATAÇÃO DE EMPRESA ESPECIALIZADA PARA REALIZAR PUBLICAÇÃO DE ATOS ADMINISTRATIVOS NO DIÁRIO OFICIAL DA UNIÃO - DOU, PARA ATENDIMENTO DA PREFEITURA MUNICIPAL DE PALMAS.;;;0;1545;0,00;0,00;Liquidação;314,16;10.754,20;;314,16
[1982-20260290];1;1982;20260290;2500;2500;2026;1982.44;03/07/2026;4196645000100;IMPRENSA NACIONAL;35.000,00;314,16;CONTRATAÇÃO DE EMPRESA ESPECIALIZADA PARA REALIZAR PUBLICAÇÃO DE ATOS ADMINISTRATIVOS NO DIÁRIO OFICIAL DA UNIÃO - DOU, PARA ATENDIMENTO DA PREFEITURA MUNICIPAL DE PALMAS.;;;0;1545;0,00;0,00;Liquidação;314,16;10.754,20;;314,16
[18620-20262511];2;18620;20262511;5300;5300;2026;18620.1.1;03/07/2026;60263873234;NEWTON CESAR DA SILVA LOPES;5.253,95;5.253,95;PAGAMENTO DE RPV EM FAVOR DE NEWTON CESAR DA SILVA LOPES, PROCESSO JUDICIAL N° 0001998-18.2023.5.10.0802.;;;0;1545;0,00;0,00;Pagamento;5.253,95;5.253,95;5.253,95;5.253,95
[18544-20262511];2;18544;20262511;5300;5300;2026;18544.1.1;03/07/2026;1257779141;LEANDRO   FREIRE  DE SOUZA;5.095,45;5.095,45;PAGAMENTO DE RPV EM FAVOR DE LEANDRO FREIRE DE SOUZA, PROCESSO JUDICIAL N° 0019619-25.2015.8.27.2729.;;;0;1545;0,00;0,00;Pagamento;5.095,45;5.095,45;5.095,45;5.095,45
[18497-20260386];2;18497;20260386;2700;2700;2026;18497.1.1;03/07/2026;55440770615;ADELINO AUGUSTO GUIMARAES;714,29;714,29;VALOR PAGO REFERENTE A: NOTA PREMIADA MÊS MAIO 2026;;;0;1545;0,00;0,00;Pagamento;714,29;714,29;714,29;714,29
[18494-20260386];2;18494;20260386;2700;2700;2026;18494.1.1;03/07/2026;4324710147;LUANA PAULA FEITOZA SOARES;714,29;714,29;VALOR PAGO REFERENTE A: NOTA PREMIADA MÊS DE MAIO 2026.;;;0;1545;0,00;0,00;Pagamento;714,29;714,29;714,29;714,29
[18442-20261088];1;18442;20261088;7100;7100;2026;18442.1;03/07/2026;59601071000192;59.601.071 JOSE HUMBERTO DE ALMEIDA;28.077,00;8.232,00;VALOR LIQUIDADO REFERENTE A: CONTRATAÇÃO DE EMPRESA ESPECIALIZADA EM REFEIÇÕES PREPARADAS (RESTAURANTE), COM SERVIÇOS DE ?A LA CARTE? E ACONDICIONADAS EM EMBALAGENS DESCARTÁVEIS (MARMITEX COM DIVISÓRIAS), INCLUINDO-SE SERVIÇOS INERENTES À RESTAURANTE COMPLETO, COM FORNECIMENTO DE TODO O SUPORTE, ABARCANDO ESPAÇO FÍSICO, PESSOAL E MATERIAL, PARA ATENDER AS DEMANDAS DA FUNDAÇÃO CULTURAL DE PALMAS;;;0;1545;0,00;0,00;Liquidação;8.232,00;0,00;;8.232,00
[17726-20260386];2;17726;20260386;2700;2700;2026;17726.1.1;03/07/2026;3347951174;CAIO CÉSAR BRUM;714,29;714,29;VALOR PAGO REFERENTE A: NOTA PREMIADA SORTEIO DE MAIO DE 2026;;;0;1545;0,00;0,00;Pagamento;714,29;714,29;714,29;714,29
[17724-20260386];2;17724;20260386;2700;2700;2026;17724.1.1;03/07/2026;68769792534;MONALISA SELMA MOTA DE QUEIROZ TEIXEIRA;714,29;714,29;VALOR PAGO REFERENTE A: NOTA PREMIADA SORTEIO DE MAIO DE 2026;;;0;1545;0,00;0,00;Pagamento;714,29;714,29;714,29;714,29
[17722-20260386];2;17722;20260386;2700;2700;2026;17722.1.1;03/07/2026;488947103;MARCELY PEREIRA DA SILVEIRA RODRIGUES;714,29;714,29;VALOR LIQUIDADO REFERENTE A NOTA PREMIADA SORTEIRO DE ABRIL DE 2026;;;0;1545;0,00;0,00;Pagamento;714,29;714,29;714,29;714,29
[17614-20262415];2;17614;20262415;5300;5300;2026;17614.1.1;03/07/2026;99609576168;DORVANDRO BISPO CORREIA;5.531,39;5.531,39;"VALOR PAGO REFERENTE A: REQUISIÇÃO DE PEQUENO VALOR - RPV AO BENFICIÁRIO DORVANDRO BISPO CORREIA, REFERENTE AO PROCESSO JUDICIAL N° 0055034-54.2024.8.27.2729, VALOR DE R$ 5.531,39 (CINCO MIL, QUINHENTOS E TRINTA E UM REAIS E TRINTA E NOVE 
CENTAVOS).";;;0;1545;0,00;0,00;Pagamento;5.531,39;5.531,39;5.531,39;5.531,39
[17310-20260289];1;17310;20260289;2500;2500;2026;17310.5;03/07/2026;19200109000109;MONTANA SEGURANÇA LTDA EPP;112.708,72;2.858,45;PAGAMENTO REFERENTE AO MÊS DE MARÇO/2026.;;;0;1545;0,00;0,00;Liquidação;2.858,45;2.858,45;;2.858,45
[17057-20260386];2;17057;20260386;2700;2700;2026;17057.1.1;03/07/2026;79765882149;DANIELLA MOURA MATOS SILVA;714,29;714,29;VALOR LIQUIDADO REFERENTE A NOTA PREMIADA PALMENSE - SORTEIO DE MAIO  DE 2026;;;0;1545;0,00;0,00;Pagamento;714,29;714,29;714,29;714,29
[17055-20260386];2;17055;20260386;2700;2700;2026;17055.1.1;03/07/2026;6685014130;MARIA EDUARDA FERNANDES AIRES GOMES;714,29;714,29;VALOR LIQUIDADO REFERENTE A NOTA PREMIADA PALMENSE - SORTEIO DE MAIO  DE 2026;;;0;1545;0,00;0,00;Pagamento;714,29;714,29;714,29;714,29
[17053-20260386];2;17053;20260386;2700;2700;2026;17053.1.1;03/07/2026;56103387191;SUZI CECILIANA DE ALMEIDA NUNES;714,29;714,29;VALOR LIQUIDADO REFERENTE A  NOTA PREMIADA SORTEIO  MAIO DE 2026;;;0;1545;0,00;0,00;Pagamento;714,29;714,29;714,29;714,29
[17048-20260386];2;17048;20260386;2700;2700;2026;17048.1.1;03/07/2026;163581126;ALCIVIA ARAUJO DE ABREU;714,29;714,29;VALOR LIQUIDADO REFERENTE A NOTA PREMIADA PALMENSE - SORTEIO DE MAIO  DE 2026;;;0;1545;0,00;0,00;Pagamento;714,29;714,29;714,29;714,29
[17047-20260386];2;17047;20260386;2700;2700;2026;17047.1.1;03/07/2026;2478417146;WESLEY MONTEIRO DE CASTRO NERI;714,29;714,29;VALOR LIQUIDADO REFERENTE A NOTA PREMIADA PALMENSE - SORTEIO DE MAIO  DE 2026;;;0;1545;0,00;0,00;Pagamento;714,29;714,29;714,29;714,29
[17032-20260386];2;17032;20260386;2700;2700;2026;17032.1.1;03/07/2026;2602193127;RHANDERSON VIANA DE MIRANDA;714,29;714,29;VALOR LIQUIDADO REFERENTE A NOTA PREMIADA PALMENSE - SORTEIO DE MAIO  DE 2026;;;0;1545;0,00;0,00;Pagamento;714,29;714,29;714,29;714,29
[17025-20260645];1;17025;20260645;3200;3200;2026;17025.1;03/07/2026;4681694000120;OFTALMOCLINICA VISÃO LTDA.;458.352,81;28.344,45;LIQUIDAÇÃO PARA PAGAMENTO PARCIAL DA NOTA FISCAL N10, REFERENTE A JANEIRO/ 2026.MAC;;;0;1545;0,00;0,00;Liquidação;28.344,45;0,00;;28.344,45
[17025-20260645];1;17025;20260645;3200;3200;2026;17025.2;03/07/2026;4681694000120;OFTALMOCLINICA VISÃO LTDA.;458.352,81;19.232,37;LIQUIDAÇÃO PARA PAGAMENTO PARCIAL DA NOTA FISCAL Nº 18, REFERENTE A FEVEREIRO SUS MAC;;;0;1545;0,00;0,00;Liquidação;19.232,37;0,00;;19.232,37
[17025-20260645];1;17025;20260645;3200;3200;2026;17025.3;03/07/2026;4681694000120;OFTALMOCLINICA VISÃO LTDA.;458.352,81;30.411,00;LIQUIDAÇÃO PARA PAGAMENTO PARCIAL DA NOTA FISCAL Nº 24,REFERENTE A MARÇO/ 2026.MAC;;;0;1545;0,00;0,00;Liquidação;30.411,00;0,00;;30.411,00
[16997-20260386];2;16997;20260386;2700;2700;2026;16997.1.1;03/07/2026;70439729149;ISBELLA SANTA CRUZ MELO;714,29;714,29;VALOR LIQUIDADO REFERENTE A NOTA PREMIADA PALMENSE - SORTEIO DE MAIO  DE 2026;;;0;1545;0,00;0,00;Pagamento;714,29;714,29;714,29;714,29
[16996-20260386];2;16996;20260386;2700;2700;2026;16996.1.1;03/07/2026;239323173;MARLON  ALVES MARTINS;714,29;714,29;VALOR LIQUIDADO REFERENTE A NOTA PREMIADA PALMENSE - SORTEIO DE MAIO  DE 2026;;;0;1545;0,00;0,00;Pagamento;714,29;714,29;714,29;714,29
[16396-20260386];2;16396;20260386;2700;2700;2026;16396.1.1;03/07/2026;2929505192;RENATA PEIXOTO DAHER;714,29;714,29;VALOR LIQUIDADO REFERENTE A A NOTA PREMIADA PALMENSE - SORTEIO DE MAIO DE 2026;;;0;1545;0,00;0,00;Pagamento;714,29;714,29;714,29;714,29
[16393-20260386];2;16393;20260386;2700;2700;2026;16393.1.1;03/07/2026;4847010531;CESAR OLIVEIRA GOMES JUNIOR;714,29;714,29;VALOR LIQUIDADO REFERENTE A A NOTA PREMIADA PALMENSE - SORTEIO DE MAIO DE 2026;;;0;1545;0,00;0,00;Pagamento;714,29;714,29;714,29;714,29
[16390-20260386];2;16390;20260386;2700;2700;2026;16390.1.1;03/07/2026;10009133763;MARCISIO MAGALHAES GOMES;714,29;714,29;VALOR LIQUIDADO REFERENTE A A NOTA PREMIADA PALMENSE - SORTEIO DE MAIO DE 2026;;;0;1545;0,00;0,00;Pagamento;714,29;714,29;714,29;714,29
[16389-20260386];2;16389;20260386;2700;2700;2026;16389.1.1;03/07/2026;6667607132;CAUAN VICTOR MACEDO ATAIDES MARTINS;714,29;714,29;VALOR LIQUIDADO REFERENTE A A NOTA PREMIADA PALMENSE - SORTEIO DE MAIO DE 2026;;;0;1545;0,00;0,00;Pagamento;714,29;714,29;714,29;714,29
[16384-20260386];2;16384;20260386;2700;2700;2026;16384.1.1;03/07/2026;3209446113;VANESSA RODRIGUES FERNANDES;714,29;714,29;VALOR LIQUIDADO REFERENTE A A NOTA PREMIADA PALMENSE - SORTEIO DE MAIO DE 2026;;;0;1545;0,00;0,00;Pagamento;714,29;714,29;714,29;714,29
[16383-20260386];2;16383;20260386;2700;2700;2026;16383.1.1;03/07/2026;92808700172;MARTA VIRGINIA DE ARAÚJO BATISTA ABREU;714,29;714,29;VALOR LIQUIDADO REFERENTE A A NOTA PREMIADA PALMENSE - SORTEIO DE MAIO DE 2026;;;0;1545;0,00;0,00;Pagamento;714,29;714,29;714,29;714,29
[16382-20260386];2;16382;20260386;2700;2700;2026;16382.1.1;03/07/2026;9532733183;MARIA JULIA LEMOS DA SILVA;714,29;714,29;VALOR LIQUIDADO REFERENTE A A NOTA PREMIADA PALMENSE - SORTEIO DE MAIO DE 2026;;;0;1545;0,00;0,00;Pagamento;714,29;714,29;714,29;714,29
[16379-20260386];2;16379;20260386;2700;2700;2026;16379.1.1;03/07/2026;58671510182;LAUDECY COELHO ARRUDA COIMBRA;714,29;714,29;VALOR LIQUIDADO REFERENTE A A NOTA PREMIADA PALMENSE - SORTEIO DE MAIO DE 2026;;;0;1545;0,00;0,00;Pagamento;714,29;714,29;714,29;714,29
[16368-20260386];2;16368;20260386;2700;2700;2026;16368.1.1;03/07/2026;522785301;LUCAS LEAL SOUSA;714,29;714,29;VALOR EMPENHADO REFERENTE A A NOTA PREMIADA PALMENSE - SORTEIO DE MAIO DE 2026;;;0;1545;0,00;0,00;Pagamento;714,29;714,29;714,29;714,29
[16349-20260386];2;16349;20260386;2700;2700;2026;16349.1.1;03/07/2026;79828361191;KATIA SILVA MACEDO;14.285,72;14.285,72;VALOR LIQUIDADO REFERENTE A NOTA PREMIADA PALMENSE - SORTEIO DE MAIO DE 2026;;;0;1545;0,00;0,00;Pagamento;14.285,72;14.285,72;14.285,72;14.285,72
[15000-20261633];2;15000;20261633;9400;9400;2026;15000.1.1;03/07/2026;509973;BANCO DO BRASIL SA;4.685,58;4.636,08;VALOR PAGO REFERENTE A: PROCESSO DE TARIFAS BANCO DO BRASIL - CONTRATO 002/2025 MARÇO 2026;;;0;1545;0,00;0,00;Pagamento;4.636,08;4.636,08;4.685,58;4.685,58
[15000-20261633];2;15000;20261633;9400;9400;2026;15000.2.1;03/07/2026;509973;BANCO DO BRASIL SA;4.685,58;49,50;VALOR PAGO REFERENTE A: PROCESSO DE TARIFAS BANCO DO BRASIL - CONTRATO 002/2025 MARÇO 2026;;;0;1545;0,00;0,00;Pagamento;49,50;49,50;4.685,58;4.685,58
[14829-20260994];1;14829;20260994;5800;5800;2026;14829.1;03/07/2026;51616551000115;MORIA DETEIZADORA E ENGENHARIA LTDA;13.700,00;5.890,00;A CONTRATAÇÃO DE SERVIÇOS CONTÍNUOS DE LIMPEZA, HIGIENIZAÇÃO E DESINFECÇÃO DE RESERVATÓRIOS DE ÁGUA POTÁVEL (CAIXAS D?ÁGUA), BEBEDOUROS E PURIFICADORES;40913;;0;1545;0,00;0,00;Liquidação;5.890,00;0,00;;5.890,00
[14828-20260985];1;14828;20260985;5800;5800;2026;14828.1;03/07/2026;51616551000115;MORIA DETEIZADORA E ENGENHARIA LTDA;10.840,00;3.960,00;A CONTRATAÇÃO DE SERVIÇOS CONTÍNUOS DE LIMPEZA, HIGIENIZAÇÃO E DESINFECÇÃO DE RESERVATÓRIOS DE ÁGUA POTÁVEL (CAIXAS D?ÁGUA), BEBEDOUROS E PURIFICADORES;40913;;0;1545;0,00;0,00;Liquidação;3.960,00;0,00;;3.960,00
[14827-20260877];1;14827;20260877;3700;3700;2026;14827.1;03/07/2026;51616551000115;MORIA DETEIZADORA E ENGENHARIA LTDA;3.480,00;2.040,00;A CONTRATAÇÃO DE SERVIÇOS CONTÍNUOS DE LIMPEZA, HIGIENIZAÇÃO E DESINFECÇÃO DE RESERVATÓRIOS DE ÁGUA POTÁVEL (CAIXAS D?ÁGUA), BEBEDOUROS E PURIFICADORES;40913;;0;1545;0,00;0,00;Liquidação;2.040,00;0,00;;2.040,00
[14825-20260860];1;14825;20260860;3700;3700;2026;14825.1;03/07/2026;51616551000115;MORIA DETEIZADORA E ENGENHARIA LTDA;6.300,00;800,00;A CONTRATAÇÃO DE SERVIÇOS CONTÍNUOS DE LIMPEZA, HIGIENIZAÇÃO E DESINFECÇÃO DE RESERVATÓRIOS DE ÁGUA POTÁVEL (CAIXAS D?ÁGUA), BEBEDOUROS E PURIFICADORES;40913;;0;1545;0,00;0,00;Liquidação;800,00;0,00;;800,00
[14824-20260860];1;14824;20260860;3700;3700;2026;14824.1;03/07/2026;51616551000115;MORIA DETEIZADORA E ENGENHARIA LTDA;2.500,00;1.510,00;A CONTRATAÇÃO DE SERVIÇOS CONTÍNUOS DE LIMPEZA, HIGIENIZAÇÃO E DESINFECÇÃO DE RESERVATÓRIOS DE ÁGUA POTÁVEL (CAIXAS D?ÁGUA), BEBEDOUROS E PURIFICADORES;40913;;0;1545;0,00;0,00;Liquidação;1.510,00;0,00;;1.510,00
[14823-20260854];1;14823;20260854;3700;3700;2026;14823.1;03/07/2026;51616551000115;MORIA DETEIZADORA E ENGENHARIA LTDA;4.100,00;2.360,00;A CONTRATAÇÃO DE SERVIÇOS CONTÍNUOS DE LIMPEZA, HIGIENIZAÇÃO E DESINFECÇÃO DE RESERVATÓRIOS DE ÁGUA POTÁVEL (CAIXAS D?ÁGUA), BEBEDOUROS E PURIFICADORES;40913;;0;1545;0,00;0,00;Liquidação;2.360,00;0,00;;2.360,00
[14731-20261755];2;14731;20261755;5800;5800;2026;14731.1.2;03/07/2026;3817702000150;VÓLUS INSTITUIÇÃO DE PAGAMENTO LTDA;9.246,00;1.492,69;EMPRESA ESPECIALIZADA NA PRESTAÇÃO DE SERVIÇOS DE ADMINISTRAÇÃO, GERENCIAMENTO, CONTROLE DE FROTA E FORNECIMENTO DE COMBUSTÍVEIS, POR MEIO DE SISTEMA INFORMATIZADO , O OBJETO DO CONTRATO SE REFERE AO FORNECIMENTO DE COMBUSTÍVEIS CONSOANTE AO CONTRATO N° 005/2023. CB: 5853-X.;41244;;0;1545;0,00;0,00;Pagamento;1.492,69;1.492,69;2.985,38;1.492,69
[14728-20262288];2;14728;20262288;5800;5800;2026;14728.1.2;03/07/2026;3817702000150;VÓLUS INSTITUIÇÃO DE PAGAMENTO LTDA;2.213,61;879,68;EMPRESA ESPECIALIZADA NA PRESTAÇÃO DE SERVIÇOS DE ADMINISTRAÇÃO, GERENCIAMENTO, CONTROLE DE FROTA E FORNECIMENTO DE COMBUSTÍVEIS, POR MEIO DE SISTEMA INFORMATIZADO ,O OBJETO DO CONTRATO SE REFERE AO FORNECIMENTO DE COMBUSTÍVEIS CONSOANTE AO CONTRATO N° 005/2023. CB: 5848-3.;41242;;0;1545;0,00;0,00;Pagamento;879,68;879,68;1.759,36;879,68
[14717-20260788];1;14717;20260788;3500;3500;2026;14717.1;03/07/2026;14193573000193;HIKARI CONSTRUÇÕES LTDA;2.064.776,93;246.730,04;"VALOR LIQUIDADO REFERENTE A NF Nº2026000158 - 1ª MEDIÇÃO DA CONTRATAÇÃO DE EMPRESA ESPECIALIZADA EM ENGENHARIA, PARA REVITALIZAÇÃO DA PRAÇA DA ARNE 12 (106 NORTE) EM PALMAS
TOCANTINS.";;;0;1545;0,00;0,00;Liquidação;246.730,04;0,00;;246.730,04
[14665-20261093];2;14665;20261093;7100;7100;2026;14665.2.1;03/07/2026;4884464141;MICAEL LUSTOSA BRASIL;6.000,00;3.000,00;VALOR PAGO REFERENTE A: CONTRATAÇÃO DE MICAEL LUSTOSA BRASIL COMO OPERADOR EM AUDIOVISUAL (CINEMA), PARA ATUAR COMO PRESTADOR DE SERVIÇOS NOS EQUIPAMENTOS CULTURAIS DA FUNDAÇÃO CULTURAL DE PALMAS, CONFORME ESPECIFICADO NO EDITAL DE CHAMAMENTO PÚBLICO Nº 013/2024/FCP.;;;0;1545;0,00;0,00;Pagamento;3.000,00;3.000,00;4.258,06;4.258,06
[14625-20260788];2;14625;20260788;3500;3500;2026;14625.3.1;03/07/2026;3422281000169;ENGIX ENGENHARIA E SERVICOS LTDA;18.919.842,50;636.408,41;"VALOR LIQUIDADO REFERENTE A NF Nº2026000481 - SERVICO MANUTENCAO PREDIAL COM FORNECIMENTO DE MATERIAIS E MAO DE OBRA, CONFORME CONTRATO Nº 030/2025, PROCESSO 2025000092;001526/2025 - 1° MEDIÇÃO - 28/04/2026 A 05/06/2026 - CONFORME PREVISTO NA RELAÇÃO DE DESPESAS DE INVESTIMENTO DO CONTRATO DEFINANCIAMENTO NÚMERO 40/00090-7 - MANUTENÇÃO QUADRA DE AREIA DO PAÇO";;;0;1545;0,00;0,00;Pagamento;636.408,41;636.408,41;4.414.990,32;4.414.990,32
[14625-20260788];2;14625;20260788;3500;3500;2026;14625.4.1;03/07/2026;3422281000169;ENGIX ENGENHARIA E SERVICOS LTDA;18.919.842,50;474.744,79;"VALOR LIQUIDADO REFERENTE A NF Nº2026000477 - SERVICO MANUTENCAO PREDIAL COM FORNECIMENTO DE MATERIAIS E MAO DE OBRA, CONFORME CONTRATO Nº 030/2025, PROCESSO 2025000092;001526/2025 - 1º MEDIÇÃO - PERIODO 30/04/2026 A 30/06/2026 - CONFORME PREVISTO NA RELAÇÃO DE DESPESAS DE INVESTIMENTO DOCONTRATO DE FINANCIAMENTO NÚMERO 40/00090-7 - MANUTENÇÃO GERAL ABRIGO RAIO DE SOL";;;0;1545;0,00;0,00;Pagamento;474.744,79;474.744,79;4.414.990,32;4.414.990,32
[14625-20260788];2;14625;20260788;3500;3500;2026;14625.5.1;03/07/2026;3422281000169;ENGIX ENGENHARIA E SERVICOS LTDA;18.919.842,50;736.730,55;"VALOR LIQUIDADO REFERENTE A NF Nº2026000478 - SERVICO MANUTENCAO PREDIAL COM FORNECIMENTO DE MATERIAIS E MAO DE OBRA, CONFORME CONTRATO Nº 030/2025, PROCESSO 2025000092;001526/2025 -1° MEDIÇÃO - PERIODO 20/03/2026 A 30/06/2026 - CONFORME PREVISTO NA RELAÇÃO DE DESPESAS DE INVESTIMENTO DOCONTRATO DE FINANCIAMENTO NÚMERO 40/00090-7 - EMERGENCIAL CRAS TAQUARUÇU 2026";;;0;1545;0,00;0,00;Pagamento;736.730,55;736.730,55;4.414.990,32;4.414.990,32
[14322-20260219];1;14322;20260219;2100;9909;2026;14322.1;03/07/2026;49450180000100;PUJANÇA COMERCIO E SERVIÇOS LTDA;4.769,70;4.769,70;AQUISIÇÃO  DE  MOBILIÁRIO  (CADEIRAS),  PARA  ATENDER  AS  NECESSIDADES  DA  GUARDA METROPOLITANA DE PALMAS/TO.;41015;;0;1545;0,00;0,00;Liquidação;4.769,70;0,00;;4.769,70
[14320-20260197];1;14320;20260197;2100;9909;2026;14320.1;03/07/2026;49450180000100;PUJANÇA COMERCIO E SERVIÇOS LTDA;13.912,40;13.912,40;AQUISIÇÃO  DE  MOBILIÁRIO  (CADEIRAS),  PARA  ATENDER  AS  NECESSIDADES  DA  GUARDA METROPOLITANA DE PALMAS/TO.;41015;;0;1545;0,00;0,00;Liquidação;13.912,40;0,00;;13.912,40
[14319-20260197];1;14319;20260197;2100;9909;2026;14319.1;03/07/2026;23384022000106;MACRO DISTRIBUIDORA HOSPITALAR LTDA;4.791,80;4.791,80;AQUISIÇÃO  DE  MOBILIÁRIO  (CADEIRAS),  PARA  ATENDER  AS  NECESSIDADES  DA  GUARDA METROPOLITANA DE PALMAS/TO.;41015;;0;1545;0,00;0,00;Liquidação;4.791,80;0,00;;4.791,80
[13881-20260490];1;13881;20260490;2900;2900;2026;13881.2;03/07/2026;9667043000108;DISMAQ COMERCIO DE MAT.DE ESCRITORIO LTDA;531.483,98;35.623,25;AQUISIÇÃO DE APARELHOS DE AR-CONDICIONADOS E INSTALAÇÃO, PARA ATENDER ÀS DEMANDAS GERADAS PELAS AMPLIAÇÕES E NOVAS CONSTRUÇÕES DE SALAS NAS UNIDADES EDUCACIONAIS DA REDE MUNICIPAL DE PALMAS.;41132;;0;1545;0,00;0,00;Liquidação;35.623,25;159.968,28;;35.623,25
[13880-20260435];1;13880;20260435;2900;2900;2026;13880.4;03/07/2026;9667043000108;DISMAQ COMERCIO DE MAT.DE ESCRITORIO LTDA;1.053.372,66;379.609,44;AQUISIÇÃO DE APARELHOS DE AR-CONDICIONADOS E INSTALAÇÃO, PARA ATENDER ÀS DEMANDAS GERADAS PELAS AMPLIAÇÕES E NOVAS CONSTRUÇÕES DE SALAS NAS UNIDADES EDUCACIONAIS DA REDE MUNICIPAL DE PALMAS.;41132;;0;1545;0,00;0,00;Liquidação;379.609,44;583.732,02;;379.609,44
[13294-20262233];2;13294;20262233;5800;5800;2026;13294.2.2;03/07/2026;3817702000150;VÓLUS INSTITUIÇÃO DE PAGAMENTO LTDA;73.182,49;8.108,48;EMPRESA ESPECIALIZADA NA PRESTAÇÃO DE SERVIÇOS DE ADMINISTRAÇÃO, GERENCIAMENTO, CONTROLE DE FROTA E FORNECIMENTO DE COMBUSTÍVEIS, POR MEIO DE SISTEMA INFORMATIZADO , O OBJETO DO CONTRATO SE REFERE AO FORNECIMENTO DE COMBUSTÍVEIS CONSOANTE AO CONTRATO N° 005/2023. CB: 5995-1.;41110;;0;1545;0,00;0,00;Pagamento;8.108,48;8.108,48;25.401,28;17.292,80
[13292-20262275];2;13292;20262275;5800;5800;2026;13292.1.2;03/07/2026;3817702000150;VÓLUS INSTITUIÇÃO DE PAGAMENTO LTDA;28.702,00;4.969,75;EMPRESA ESPECIALIZADA NA PRESTAÇÃO DE SERVIÇOS DE ADMINISTRAÇÃO, GERENCIAMENTO, CONTROLE DE FROTA E FORNECIMENTO DE COMBUSTÍVEIS, POR MEIO DE SISTEMA INFORMATIZADO , O OBJETO DO CONTRATO SE REFERE AO FORNECIMENTO DE COMBUSTÍVEIS CONSOANTE AO CONTRATO N° 005/2023. CB: 5861-0.;41111;;0;1545;0,00;0,00;Pagamento;4.969,75;4.969,75;9.939,50;4.969,75
[11421-20260728];1;11421;20260728;3300;3300;2026;11421.1;03/07/2026;53253436000159;FG3 AGRO - COMERCIO DE PRODS AGROPECUARIOS LTDA;2.590,00;2.590,00;AQUISIÇÃO DE DEFENSIVOS AGRÍCOLAS, FERRAMENTAS, EQUIPAMENTOS, IMPLEMENTOS AGRÍCOLAS, MATERIAIS DE IRRIGAÇÃO, INSUMOS PARA ALIMENTAÇÃO E SUPLEMENTAÇÃO ANIMAL, AVES DE PRODUÇÃO E EQUIPAMENTOS DE PROTEÇÃO INDIVIDUAL, DESTINADOS À IMPLANTAÇÃO, MANUTENÇÃO E OPERACIONALIZAÇÃO DAS UNIDADES TÉCNICO-DEMONSTRATIVAS DA ?FAZENDINHA?, NO ÂMBITO DA AGROTINS 2026, CONFORME ESPECIFICAÇÕES E QUANTITATIVOS DEFINIDOS NESTE TERMO DE REFERÊNCIA.;40905;;0;1545;0,00;0,00;Liquidação;2.590,00;0,00;;2.590,00
[11419-20260728];1;11419;20260728;3300;3300;2026;11419.2;03/07/2026;53253436000159;FG3 AGRO - COMERCIO DE PRODS AGROPECUARIOS LTDA;6.300,00;6.300,00;AQUISIÇÃO DE DEFENSIVOS AGRÍCOLAS, FERRAMENTAS, EQUIPAMENTOS, IMPLEMENTOS AGRÍCOLAS, MATERIAIS DE IRRIGAÇÃO, INSUMOS PARA ALIMENTAÇÃO E SUPLEMENTAÇÃO ANIMAL, AVES DE PRODUÇÃO E EQUIPAMENTOS DE PROTEÇÃO INDIVIDUAL, DESTINADOS À IMPLANTAÇÃO, MANUTENÇÃO E OPERACIONALIZAÇÃO DAS UNIDADES TÉCNICO-DEMONSTRATIVAS DA ?FAZENDINHA?, NO ÂMBITO DA AGROTINS 2026, CONFORME ESPECIFICAÇÕES E QUANTITATIVOS DEFINIDOS NESTE TERMO DE REFERÊNCIA.;40905;;0;1545;0,00;0,00;Liquidação;6.300,00;0,00;;6.300,00
[11211-20261040];1;11211;20261040;6100;6100;2026;11211.2;03/07/2026;41034574000168;PORTO DO VAU SEGURANÇA PRIVADA LTDA;407.427,36;33.952,28;CONTRATAÇÃO DE EMPRESA ESPECIALIZADA NA PRESTAÇÃO DE SERVIÇO CONTÍNUO DE VIGILÂNCIA PATRIMONIAL ARMADA, COM DEDICAÇÃO EXCLUSIVA DE MÃO DE OBRA, PARA ATENDER ÀS NECESSIDADES DO INSTITUTO DE PREVIDÊNCIA SOCIAL DO MUNICÍPIO DE PALMAS, REF. AO PERÍODO DE 01/06 A 30/06 DE 2026;40888;;0;1545;0,00;0,00;Liquidação;33.952,28;46.402,45;;33.952,28
[10849-20261180];2;10849;20261180;9100;9100;2026;10849.2.1;03/07/2026;3104201000127;MARAJO EMPREENDIMENTOS IMOBILIARIOS LTDA;83.190,00;27.730,00;SEM DESCRIÇÃO;;;0;1545;0,00;0,00;Pagamento;27.730,00;27.730,00;83.190,00;83.190,00
[10849-20261180];2;10849;20261180;9100;9100;2026;10849.3.1;03/07/2026;3104201000127;MARAJO EMPREENDIMENTOS IMOBILIARIOS LTDA;83.190,00;27.730,00;SEM DESCRIÇÃO;;;0;1545;0,00;0,00;Pagamento;27.730,00;27.730,00;83.190,00;83.190,00
[10842-20260386];2;10842;20260386;2700;2700;2026;10842.1.2;03/07/2026;4759336133;HENDREGA NADYNNE DE OLIVEIRA SANTOS;714,29;500,00;VALOR EMPENHADO NOTA PREMIADA SORTEIO DE MARÇO DE 2026;;;0;1545;0,00;0,00;Pagamento;500,00;500,00;1.214,29;714,29
[10439-20262086];1;10439;20262086;2900;2900;2026;10439.3;03/07/2026;4819323000162;KAELE LTDA;243.504,00;77.121,70;LIQUIDAÇÃO REFERENTE AO MÊS DE MARÇO DE 2026, CORRESPONDENTE A DESPESA COM PRESTAÇÃO DE SERVIÇOS DE LOCAÇÃO DE VEÍCULOS ADMINISTRATIVOS E OPERACIONAIS (ADAPTADOS) SEM USO (ZERO QUILOMETRO), SEM MOTORISTA, COM QUILOMETRAGEM LIVRE, SEGURO TOTAL E SISTEMA DE RASTREAMENTO E MONITORAMENTO INCLUSO (CONTRATO N° 010/2025).;;;0;1545;0,00;0,00;Liquidação;77.121,70;0,00;;77.121,70
[10439-20262086];1;10439;20262086;2900;2900;2026;10439.4;03/07/2026;4819323000162;KAELE LTDA;243.504,00;5.834,20;LIQUIDAÇÃO PARCIAL REFERENTE AO MÊS DE ABRIL DE 2026, CORRESPONDENTE A DESPESA COM PRESTAÇÃO DE SERVIÇOS DE LOCAÇÃO DE VEÍCULOS ADMINISTRATIVOS E OPERACIONAIS (ADAPTADOS) SEM USO (ZERO QUILOMETRO), SEM MOTORISTA, COM QUILOMETRAGEM LIVRE, SEGURO TOTAL E SISTEMA DE RASTREAMENTO E MONITORAMENTO INCLUSO (CONTRATO N° 010/2025).;;;0;1545;0,00;0,00;Liquidação;5.834,20;0,00;;5.834,20
[9968-20262182];2;9968;20262182;2500;2500;2026;9968.5.1;02/07/2026;13292261000174;VIANNA DE CARVALHO CURSOS E AULAS LTDA;127.680,00;25.536,00;SEM DESCRIÇÃO;;;0;1545;0,00;0,00;Pagamento;25.536,00;25.536,00;76.608,00;127.680,00
[9764-20252266];2;9764;20252266;2700;2700;2026;9764.1.1;02/07/2026;360305000104;CAIXA ECONOMICA FEDERAL -TJ TOCANTINS;18.009,48;18.009,48;"VALOR PAGO REFERENTE A: VALOR EMPENHADO REFERENTE A: SERVIÇOS BANCÁRIOS DE DEPÓSITOS JUDICIAIS, PARA EMPENHO DAS FATURAS - DEA ( DESPESAS DO EXERCÍCIO ANTERIOR, REFERENTES AOS MESES A BAIXO.                                                                              SETEMBRO: 9.021,36      OUTUBRO: 8.988,12      TOTALIZANDO: R$ 18.009,48
RETENÇÃO DO IRRF CONFORME DECRETO 2.373 COM A ALÍQUOTA 2,4%, NO VALOR: R$ 432,23.";;;0;1545;0,00;0,00;Pagamento;18.009,48;18.009,48;18.009,48;18.009,48
[9763-20252266];2;9763;20252266;2700;2700;2026;9763.1.1;02/07/2026;360305000104;CAIXA ECONOMICA FEDERAL -TJ TOCANTINS;29.360,65;29.360,65;"VALOR PAGO REFERENTE A: SERVIÇOS BANCÁRIOS DE ARRECADAÇÃO DE TRIBUTOS E OUTRAS RENDAS MUNICIPAIS, PARA EMPENHO DAS FATURAS - DEA ( DESPESAS DO EXERCÍCIO ANTERIOR, REFERENTES AOS MESES A BAIXO.                                                                              SETEMBRO: 8.232,62      OUTUBRO: 7.974,56    NOVEMBRO: 6.641,25       DEZEMBRO: 6.512,22     TOTALIZANDO: 29.360,65
RETENÇÃO DO IRRF CONFORME DECRETO 2.373 COM A ALÍQUOTA 2,4%, NO VALOR: R$ 704,65.";;;0;1545;0,00;0,00;Pagamento;29.360,65;29.360,65;29.360,65;29.360,65
[8651-20260853];1;8651;20260853;3700;3700;2026;8651.5;02/07/2026;37381902000125;REDE NACIONAL DE APRENDIZAGEM, PROMOÇÃO SOCIAL E INTEGRAÇÃO;143.274,00;7.163,70;CONTRATAÇÃO DE ENTIDADE/INSTITUIÇÃO SEM FINS LUCRATIVOS PARA ELABORAÇÃO E EXECUÇÃODE PROGRAMA DE DESENVOLVIMENTO SOCIAL E INSTITUCIONAL. REF. 05/2026.;40732;;0;1545;0,00;0,00;Liquidação;7.163,70;0,00;;7.163,70
[8511-20261795];1;8511;20261795;3500;3500;2026;8511.1;02/07/2026;3422281000169;ENGIX ENGENHARIA E SERVICOS LTDA;990.000,00;343.876,68;VALOR LIQUIDADO REFERENTE À NOTA FISCAL Nº 2026000479, RELATIVA À PRESTAÇÃO DE SERVIÇOS DE MANUTENÇÃO PREDIAL COM FORNECIMENTO DE MATERIAIS E MÃO DE OBRA, CONFORME CONTRATO Nº 030/2025, PROCESSO Nº 2025000092 E PROCESSO Nº 001526/2025. A PRESENTE LIQUIDAÇÃO CORRESPONDE À 1ª MEDIÇÃO, REFERENTE AO PERÍODO DE 17/04/2026 A 24/06/2026. OS RECURSOS SÃO PROVENIENTES DA EMENDA PARLAMENTAR Nº 202537750008, DE AUTORIA DO DEPUTADO FEDERAL VICENTINHO JÚNIOR, DESTINADOS À MANUTENÇÃO ADMINISTRATIVA DA GUARDA METROPOLITANA. CONSIDERANDO A REFERIDA EMENDA PARLAMENTAR, INFORMA-SE QUE A CONTA VINCULADA À EXECUÇÃO DESSA DESPESA É A Nº 573443019-2.;;;0;1545;0,00;0,00;Liquidação;343.876,68;0,00;;343.876,68
[8495-20260972];2;8495;20260972;5800;5800;2026;8495.1.1;02/07/2026;26814906000133;WM COMERCIAL LTDA;28.077,00;28.077,00;SEM DESCRIÇÃO;40786;;0;1545;0,00;0,00;Pagamento;28.077,00;28.077,00;28.077,00;28.077,00
[8483-20261887];1;8483;20261887;3200;3200;2026;8483.1;02/07/2026;90909631000110;INSTRAMED INDUSTRIA MEDICO HOSPITALAR LTDA;171.731,20;171.731,20;DESPESAS DE EXERCÍCIOS ANTERIORES, REFERENTE A NOTA FISCAL Nº 350 - AQUISIÇÃO DE EQUIPAMENTOS MÉDICO HOSPITALAR;40791;;0;1545;0,00;0,00;Liquidação;171.731,20;0,00;;171.731,20
[8431-20261887];1;8431;20261887;3200;3200;2026;8431.1;02/07/2026;59745964000101;BKS DISTRIBUIDORA E SERVIÇOS LTDA;4.613,67;4.613,67;"RECONHECIMENTO DE DESPESAS DE EXERCÍCIOS ANTERIORES DEA. OBJETO: AQUISIÇÃO DE MATERIAIS CONSUMO E PERMANENTE DE COPA E COZINHA PARA A UNIDADE DE ALIMENTAÇÃO E NUTRIÇÃO (UAN) DA REDE DE
SAÚDE DE PALMAS ? TO. NOTAS FISCAIS: NFS º 404/405";40778;;0;1545;0,00;0,00;Liquidação;4.613,67;0,00;;4.613,67
[8430-20260813];2;8430;20260813;3500;3500;2026;8430.1.1;02/07/2026;48936631000143;SATURNO COMERCIO DE MATERIAL ELETRICO E ELETRONICO LTDA;84.975,00;84.975,00;REGISTRO DE PREÇOS PARA A ESCOLHA DA PROPOSTA MAIS VANTAJOSA PARA FUTURA AQUISIÇÃO DE MATERIAIS ELÉTRICOS, PARA MANUTENÇÃO DA INFRAESTRUTURA DE ILUMINAÇÃO PÚBLICA DO MUNICÍPIO DE PALMAS - TO, DE INTERESSE DA SECRETARIA MUNICIPAL DE INFRAESTRUTURA E OBRAS PÚBLICAS, CONFORME CONDIÇÕES, QUANTIDADES E EXIGÊNCIAS ESTABELECIDAS NESTE EDITAL E SEUS ANEXOS;40562;;0;1545;0,00;0,00;Pagamento;84.975,00;84.975,00;84.975,00;84.975,00
[8415-20261944];2;8415;20261944;2500;2500;2026;8415.1.1;02/07/2026;59743095000186;LICITO GURU TECNOLOGIA E EDUCACAO LTDA;135.000,00;30.000,00;SEM DESCRIÇÃO;;;0;1545;0,00;0,00;Pagamento;30.000,00;30.000,00;30.000,00;30.000,00
[8414-20261943];2;8414;20261943;2500;2500;2026;8414.3.1;02/07/2026;26481555000196;PRECISA CLIPPING LTDA ME;39.920,00;4.990,00;SEM DESCRIÇÃO;;;0;1545;0,00;0,00;Pagamento;4.990,00;4.990,00;4.990,00;14.970,00
[8390-20261887];1;8390;20261887;3200;3200;2026;8390.1;02/07/2026;8368875000152;FORTLINE INDUSTRIA E COMERCIO DE MOVEIS LTDA;376.676,00;376.676,00;DESPESAS DE EXERCÍCIOS ANTERIORES, REFERENTE A NOTA FISCAL Nº 131.651 - AQUISIÇÃO DE MOBILIÁRIOS.;40776;;0;1545;0,00;0,00;Liquidação;376.676,00;0,00;;376.676,00
[8383-20261887];1;8383;20261887;3200;3200;2026;8383.1;02/07/2026;5891838000136;AMPLA COMERCIAL LTDA;7.947,18;7.947,18;"RECONHECIMENTO DE DESPESAS DE EXERCÍCIOS ANTERIORES DEA. OBJETO: AQUISIÇÃO DE MATERIAIS CONSUMO E PERMANENTE DE COPA E COZINHA PARA A UNIDADE DE ALIMENTAÇÃO E NUTRIÇÃO (UAN) DA REDE DE
SAÚDE DE PALMAS ? TO. NOTA FISCAL: NF º 3.120";40775;;0;1545;0,00;0,00;Liquidação;7.947,18;0,00;;7.947,18
[8319-20261133];1;8319;20261133;7800;7800;2026;8319.5;02/07/2026;37381902000125;REDE NACIONAL DE APRENDIZAGEM, PROMOÇÃO SOCIAL E INTEGRAÇÃO;70.332,40;8.791,55;CONTRATAÇÃO DE ENTIDADE/INSTITUIÇÃO SEM FINS LUCRATIVOS PARA ELABORAÇÃO E EXECUÇÃODE PROGRAMA DE DESENVOLVIMENTO SOCIAL E INSTITUCIONAL. REF. 05/2026.;40727;;0;1545;0,00;0,00;Liquidação;8.791,55;0,00;;8.791,55
[8312-20260249];1;8312;20260249;2300;2300;2026;8312.5;02/07/2026;37381902000125;REDE NACIONAL DE APRENDIZAGEM, PROMOÇÃO SOCIAL E INTEGRAÇÃO;41.462,10;1.704,28;CONTRATAÇÃO DE ENTIDADE/INSTITUIÇÃO SEM FINS LUCRATIVOS PARA ELABORAÇÃO E EXECUÇÃO DE PROGRAMA DE DESENVOLVIMENTO SOCIAL E INSTITUCIONAL. REF. 05/2026.;40734;;0;1545;0,00;0,00;Liquidação;1.704,28;0,00;;1.704,28
[8310-20260772];1;8310;20260772;3500;3500;2026;8310.5;02/07/2026;37381902000125;REDE NACIONAL DE APRENDIZAGEM, PROMOÇÃO SOCIAL E INTEGRAÇÃO;17.583,10;1.758,31;CONTRATAÇÃO DE ENTIDADE/INSTITUIÇÃO SEM FINS LUCRATIVOS PARA ELABORAÇÃO E EXECUÇÃODE PROGRAMA DE DESENVOLVIMENTO SOCIAL E INSTITUCIONAL. REF. 05/2026.;40731;;0;1545;0,00;0,00;Liquidação;1.758,31;0,00;;1.758,31
[8309-20261204];1;8309;20261204;9300;9300;2026;8309.5;02/07/2026;37381902000125;REDE NACIONAL DE APRENDIZAGEM, PROMOÇÃO SOCIAL E INTEGRAÇÃO;3.223.665,00;225.308,70;CONTRATAÇÃO DE ENTIDADE/INSTITUIÇÃO SEM FINS LUCRATIVOS PARA ELABORAÇÃO E EXECUÇÃODE PROGRAMA DE DESENVOLVIMENTO SOCIAL E INSTITUCIONAL. REF. 05/2026.;40726;;0;1545;0,00;0,00;Liquidação;225.308,70;0,00;;225.308,70
[8224-20261733];2;8224;20261733;2100;9909;2026;8224.5.1;02/07/2026;31810764000176;IP SERVICOS E LOCACOES LTDA;9.150,00;762,50;SEM DESCRIÇÃO;;;0;1545;0,00;0,00;Pagamento;762,50;762,50;3.812,50;3.812,50
[8202-20261631];1;8202;20261631;5800;5800;2026;8202.4;02/07/2026;4819323000162;KAELE LTDA;84.690,00;14.115,00;"LIQUIDAÇÃO REF. AO CONTRATO DE PRESTAÇÃO DE SERVIÇOS DE LOCAÇÃO DE VEÍCULOS ADMINISTRATIVOS E OPERACIONAIS (ADAPTADOS) SEM USO (ZERO QUILOMETRO), SEM MOTORISTA, COM QUILOMETRAGEM LIVRE, SEGURO TOTAL E SISTEMA DE RASTREAMENTO E MONITORAMENTO INCLUSO - CONTRATO N° 010/2025 (KAELE LTDA). REF: ABRIL DE 2026. 
06 HATCH (ATA 008/2024 - KAELE LTDA).

VALOR UNITÁRIO R$ 2.823,00;";;;0;1545;0,00;0,00;Liquidação;14.115,00;47.426,40;;14.115,00
[8202-20261631];1;8202;20261631;5800;5800;2026;8202.5;02/07/2026;4819323000162;KAELE LTDA;84.690,00;10.351,00;"LIQUIDAÇÃO REF. AO CONTRATO DE PRESTAÇÃO DE SERVIÇOS DE LOCAÇÃO DE VEÍCULOS ADMINISTRATIVOS E OPERACIONAIS (ADAPTADOS) SEM USO (ZERO QUILOMETRO), SEM MOTORISTA, COM QUILOMETRAGEM LIVRE, SEGURO TOTAL E SISTEMA DE RASTREAMENTO E MONITORAMENTO INCLUSO - CONTRATO N° 010/2025 (KAELE LTDA). REF: MAIO DE 2026. 
06 HATCH (ATA 008/2024 - KAELE LTDA).

VALOR UNITÁRIO R$ 2.823,00;";;;0;1545;0,00;0,00;Liquidação;10.351,00;47.426,40;;10.351,00
[8200-20261874];1;8200;20261874;5800;5800;2026;8200.4;02/07/2026;4819323000162;KAELE LTDA;14.115,00;2.823,00;"LIQUIDAÇÃO REF. AO CONTRATO DE PRESTAÇÃO DE SERVIÇOS DE LOCAÇÃO DE VEÍCULOS ADMINISTRATIVOS E OPERACIONAIS (ADAPTADOS) SEM USO (ZERO QUILOMETRO), SEM MOTORISTA, COM QUILOMETRAGEM LIVRE, SEGURO TOTAL E SISTEMA DE RASTREAMENTO E MONITORAMENTO INCLUSO - CONTRATO N° 010/2025 (KAELE LTDA). REF: MAIO DE 2026. 
01 HATCH (ATA 008/2024 - KAELE LTDA).

VALOR UNITÁRIO R$ 2.823,00";;;0;1545;0,00;0,00;Liquidação;2.823,00;8.469,00;;2.823,00
[8200-20261874];1;8200;20261874;5800;5800;2026;8200.5;02/07/2026;4819323000162;KAELE LTDA;14.115,00;2.070,20;"LIQUIDAÇÃO REF. AO CONTRATO DE PRESTAÇÃO DE SERVIÇOS DE LOCAÇÃO DE VEÍCULOS ADMINISTRATIVOS E OPERACIONAIS (ADAPTADOS) SEM USO (ZERO QUILOMETRO), SEM MOTORISTA, COM QUILOMETRAGEM LIVRE, SEGURO TOTAL E SISTEMA DE RASTREAMENTO E MONITORAMENTO INCLUSO - CONTRATO N° 010/2025 (KAELE LTDA). REF: MAIO DE 2026. 
01 HATCH (ATA 008/2024 - KAELE LTDA).

VALOR UNITÁRIO R$ 2.823,00";;;0;1545;0,00;0,00;Liquidação;2.070,20;8.469,00;;2.070,20
[8199-20261630];1;8199;20261630;5800;5800;2026;8199.4;02/07/2026;4819323000162;KAELE LTDA;98.805,00;14.115,00;"LIQUIDAÇÃO REF. AO CONTRATO DE PRESTAÇÃO DE SERVIÇOS DE LOCAÇÃO DE VEÍCULOS ADMINISTRATIVOS E OPERACIONAIS (ADAPTADOS) SEM USO (ZERO QUILOMETRO), SEM MOTORISTA, COM QUILOMETRAGEM LIVRE, SEGURO TOTAL E SISTEMA DE RASTREAMENTO E MONITORAMENTO INCLUSO - CONTRATO N° 010/2025 (KAELE LTDA). REF: ABRIL DE 2026. 
07 HATCH (ATA 008/2024 - KAELE LTDA).

VALOR UNITÁRIO R$ 2.823,00";;;0;1545;0,00;0,00;Liquidação;14.115,00;57.306,90;;14.115,00
[8199-20261630];1;8199;20261630;5800;5800;2026;8199.5;02/07/2026;4819323000162;KAELE LTDA;98.805,00;10.351,00;"LIQUIDAÇÃO REF. AO CONTRATO DE PRESTAÇÃO DE SERVIÇOS DE LOCAÇÃO DE VEÍCULOS ADMINISTRATIVOS E OPERACIONAIS (ADAPTADOS) SEM USO (ZERO QUILOMETRO), SEM MOTORISTA, COM QUILOMETRAGEM LIVRE, SEGURO TOTAL E SISTEMA DE RASTREAMENTO E MONITORAMENTO INCLUSO - CONTRATO N° 010/2025 (KAELE LTDA). REF: MAIO DE 2026. 
07 HATCH (ATA 008/2024 - KAELE LTDA).

VALOR UNITÁRIO R$ 2.823,00";;;0;1545;0,00;0,00;Liquidação;10.351,00;57.306,90;;10.351,00
[8197-20260271];1;8197;20260271;2500;2500;2026;8197.4;02/07/2026;4819323000162;KAELE LTDA;89.960,00;17.992,00;"LIQUIDAÇÃO REF. AO CONTRATO DE PRESTAÇÃO DE SERVIÇOS DE LOCAÇÃO DE VEÍCULOS ADMINISTRATIVOS E OPERACIONAIS (ADAPTADOS) SEM USO (ZERO QUILOMETRO), SEM MOTORISTA, COM QUILOMETRAGEM LIVRE, SEGURO TOTAL E SISTEMA DE RASTREAMENTO E MONITORAMENTO INCLUSO - CONTRATO N° 010/2025 (KAELE LTDA). REF: ABRIL DE 2026. 
04 HATCH (ATA 008/2024 - KAELE LTDA).
01 VEÍCULO TIPO MONTANA
VALOR UNITÁRIO R$ 2.823,00; R$ 6.700,00;";;;0;1545;0,00;0,00;Liquidação;17.992,00;51.153,00;;17.992,00
[8197-20260271];1;8197;20260271;2500;2500;2026;8197.5;02/07/2026;4819323000162;KAELE LTDA;89.960,00;13.194,13;"LIQUIDAÇÃO REF. AO CONTRATO DE PRESTAÇÃO DE SERVIÇOS DE LOCAÇÃO DE VEÍCULOS ADMINISTRATIVOS E OPERACIONAIS (ADAPTADOS) SEM USO (ZERO QUILOMETRO), SEM MOTORISTA, COM QUILOMETRAGEM LIVRE, SEGURO TOTAL E SISTEMA DE RASTREAMENTO E MONITORAMENTO INCLUSO - CONTRATO N° 010/2025 (KAELE LTDA). REF: MAIO DE 2026. 
04 HATCH (ATA 008/2024 - KAELE LTDA).
01 VEÍCULO TIPO MONTANA
VALOR UNITÁRIO R$ 2.823,00; R$ 6.700,00;";;;0;1545;0,00;0,00;Liquidação;13.194,13;51.153,00;;13.194,13
[8194-20260144];1;8194;20260144;1900;1900;2026;8194.4;02/07/2026;4819323000162;KAELE LTDA;486.995,00;69.424,40;"LIQUIDAÇÃO REF. AO CONTRATO DE PRESTAÇÃO DE SERVIÇOS DE LOCAÇÃO DE VEÍCULOS ADMINISTRATIVOS E OPERACIONAIS (ADAPTADOS) SEM USO (ZERO QUILOMETRO), SEM MOTORISTA, COM QUILOMETRAGEM LIVRE, SEGURO TOTAL E SISTEMA DE RASTREAMENTO E MONITORAMENTO INCLUSO - CONTRATO N° 010/2025 (KAELE LTDA). REF: ABRIL DE 2026. 
13 HATCH (ATA 008/2024 - KAELE LTDA).
01 VEÍCULO TIPO MONTANA
03 VEÍCULO TIPO VAN
VALOR UNITÁRIO R$ 2.823,00; R$ 6.700,00; R$18.000,00";;;0;1545;0,00;0,00;Liquidação;69.424,40;276.656,60;;69.424,40
[8194-20260144];1;8194;20260144;1900;1900;2026;8194.5;02/07/2026;4819323000162;KAELE LTDA;486.995,00;49.945,13;"LIQUIDAÇÃO REF. AO CONTRATO DE PRESTAÇÃO DE SERVIÇOS DE LOCAÇÃO DE VEÍCULOS ADMINISTRATIVOS E OPERACIONAIS (ADAPTADOS) SEM USO (ZERO QUILOMETRO), SEM MOTORISTA, COM QUILOMETRAGEM LIVRE, SEGURO TOTAL E SISTEMA DE RASTREAMENTO E MONITORAMENTO INCLUSO - CONTRATO N° 010/2025 (KAELE LTDA). REF: MAIO DE 2026. 
13 HATCH (ATA 008/2024 - KAELE LTDA).
01 VEÍCULO TIPO MONTANA
03 VEÍCULO TIPO VAN
VALOR UNITÁRIO R$ 2.823,00; R$ 6.700,00; R$18.000,00";;;0;1545;0,00;0,00;Liquidação;49.945,13;276.656,60;;49.945,13
[8178-20260124];1;8178;20260124;1700;9901;2026;8178.4;02/07/2026;4819323000162;KAELE LTDA;47.615,00;2.823,00;"LIQUIDAÇÃO REFERENTE AO CONTRATO DE PRESTAÇÃO DE SERVIÇOS DE LOCAÇÃO DE VEÍCULOS ADMINISTRATIVOS E OPERACIONAIS (ADAPTADOS) SEM USO (ZERO QUILOMETRO), SEM MOTORISTA, COM QUILOMETRAGEM LIVRE, SEGURO TOTAL E SISTEMA DE RASTREAMENTO E MONITORAMENTO INCLUSO - CONTRATO N° 010/2025 (KAELE LTDA). REF: ABBRIL DE 2026. 
01 HATCH (ATA 008/2024 - KAELE LTDA).
01 VEÍCULO TIPO MONTANA
VALOR UNITÁRIO R$ 2.823,00; R$ 6.700,00;";;;0;1545;0,00;0,00;Liquidação;2.823,00;26.782,33;;2.823,00
[8178-20260124];1;8178;20260124;1700;9901;2026;8178.5;02/07/2026;4819323000162;KAELE LTDA;47.615,00;2.070,20;"LIQUIDAÇÃO AO CONTRATO DE PRESTAÇÃO DE SERVIÇOS DE LOCAÇÃO DE VEÍCULOS ADMINISTRATIVOS E OPERACIONAIS (ADAPTADOS) SEM USO (ZERO QUILOMETRO), SEM MOTORISTA, COM QUILOMETRAGEM LIVRE, SEGURO TOTAL E SISTEMA DE RASTREAMENTO E MONITORAMENTO INCLUSO - CONTRATO N° 010/2025 (KAELE LTDA). REF: MAIO DE 2026. 
01 HATCH (ATA 008/2024 - KAELE LTDA).
01 VEÍCULO TIPO MONTANA
VALOR UNITÁRIO R$ 2.823,00; R$ 6.700,00;";;;0;1545;0,00;0,00;Liquidação;2.070,20;26.782,33;;2.070,20
[8177-20260062];1;8177;20260062;1401;9910;2026;8177.4;02/07/2026;4819323000162;KAELE LTDA;269.960,00;53.922,00;"VALOR LIQUIDADO REFERENTE ACONTRATO DE PRESTAÇÃO DE SERVIÇOS DE LOCAÇÃO DE VEÍCULOS ADMINISTRATIVOS E OPERACIONAIS (ADAPTADOS) SEM USO (ZERO QUILOMETRO), SEM MOTORISTA, COM QUILOMETRAGEM LIVRE, SEGURO TOTAL E SISTEMA DE RASTREAMENTO E MONITORAMENTO INCLUSO - CONTRATO N° 010/2025 (KAELE LTDA). REF: MAIO DE 2026. 
04 HATCH (ATA 008/2024 - KAELE LTDA).
01 VEÍCULO TIPO MONTANA
02 VEÍCULO TIPO VAN
VALOR UNITÁRIO R$ 2.823,00; R$ 6.700,00; R$18.000,00";;;0;1545;0,00;0,00;Liquidação;53.922,00;161.976,00;;53.922,00
[8177-20260062];1;8177;20260062;1401;9910;2026;8177.5;02/07/2026;4819323000162;KAELE LTDA;269.960,00;39.594,13;"LIQUIDAÇÃO REFERENTE AO CONTRATO DE PRESTAÇÃO DE SERVIÇOS DE LOCAÇÃO DE VEÍCULOS ADMINISTRATIVOS E OPERACIONAIS (ADAPTADOS) SEM USO (ZERO QUILOMETRO), SEM MOTORISTA, COM QUILOMETRAGEM LIVRE, SEGURO TOTAL E SISTEMA DE RASTREAMENTO E MONITORAMENTO INCLUSO - CONTRATO N° 010/2025 (KAELE LTDA). REF: MAIO DE 2026. 
04 HATCH (ATA 008/2024 - KAELE LTDA).
01 VEÍCULO TIPO MONTANA
02 VEÍCULO TIPO VAN
VALOR UNITÁRIO R$ 2.823,00; R$ 6.700,00; R$18.000,00";;;0;1545;0,00;0,00;Liquidação;39.594,13;161.976,00;;39.594,13
[8151-20261835];2;8151;20261835;1700;9901;2026;8151.1.1;02/07/2026;6015659000106;R/C CARTUCHOS, INFORMATICA E PAPELARIA LTDA;320,83;320,83;SEM DESCRIÇÃO;40737;;0;1545;0,00;0,00;Pagamento;320,83;320,83;320,83;320,83
[8052-20261294];1;8052;20261294;9400;9400;2026;8052.3;02/07/2026;28245936000100;LOCALEVE SERVIÇOS DE LOCAÇÃO LTDA;150.000,00;30.000,00;"LIQUIDAÇÃO REFERENTE A: PRESTAÇÃO DE SERVIÇOS DE LOCAÇÃO DE VEÍCULOS ADMINISTRATIVOS E OPERACIONAIS (ADAPTADOS) SEM USO (ZERO QUILOMETRO), SEM MOTORISTA, COM QUILOMETRAGEM LIVRE, SEGURO TOTAL E SISTEMA DE RASTREAMENTO E MONITORAMENTO INCLUSO, REF: MARÇO DE 2026.
01 CAMINHÃO 3/4 (ATA 008/2025 - LOCALEVE SERVIÇOS DE LOCAÇÃO LTDA).
VALOR UNITÁRIO R$ 30.000,00.";;;0;1545;0,00;0,00;Liquidação;30.000,00;60.000,00;;30.000,00
[8052-20261294];1;8052;20261294;9400;9400;2026;8052.4;02/07/2026;28245936000100;LOCALEVE SERVIÇOS DE LOCAÇÃO LTDA;150.000,00;30.000,00;"LIQUIDAÇÃO REFERENTE A: PRESTAÇÃO DE SERVIÇOS DE LOCAÇÃO DE VEÍCULOS ADMINISTRATIVOS E OPERACIONAIS (ADAPTADOS) SEM USO (ZERO QUILOMETRO), SEM MOTORISTA, COM QUILOMETRAGEM LIVRE, SEGURO TOTAL E SISTEMA DE RASTREAMENTO E MONITORAMENTO INCLUSO, REF: ABRIL DE 2026.
01 CAMINHÃO 3/4 (ATA 008/2025 - LOCALEVE SERVIÇOS DE LOCAÇÃO LTDA).
VALOR UNITÁRIO R$ 30.000,00.";;;0;1545;0,00;0,00;Liquidação;30.000,00;60.000,00;;30.000,00
[8046-20260193];1;8046;20260193;2100;9909;2026;8046.3;02/07/2026;4819323000162;KAELE LTDA;1.001.000,00;203.840,00;"LIQUIDAÇÃO REFERENTE A: PRESTAÇÃO DE SERVIÇOS DE LOCAÇÃO DE VEÍCULOS ADMINISTRATIVOS E OPERACIONAIS (ADAPTADOS) SEM USO (ZERO QUILOMETRO), SEM MOTORISTA, COM QUILOMETRAGEM LIVRE, SEGURO TOTAL E SISTEMA DE RASTREAMENTO E MONITORAMENTO INCLUSO, REF: MARÇO DE 2026.
11 PICK-UP VIATURA CARACTERIZADA (ATA 007/2025 - KAELE LTDA).
VALOR UNITÁRIO R$ 18.200,00.";;;0;1545;0,00;0,00;Liquidação;203.840,00;390.693,33;;203.840,00
[8042-20260717];1;8042;20260717;3300;3300;2026;8042.3;02/07/2026;4819323000162;KAELE LTDA;196.649,70;32.337,95;"LIQUIDAÇÃO REFERENTE A: PRESTAÇÃO DE SERVIÇOS DE LOCAÇÃO DE VEÍCULOS ADMINISTRATIVOS E OPERACIONAIS (ADAPTADOS) SEM USO (ZERO QUILOMETRO), SEM MOTORISTA, COM QUILOMETRAGEM LIVRE, SEGURO TOTAL E SISTEMA DE RASTREAMENTO E MONITORAMENTO INCLUSO, REF: MARÇO DE 2026.
03 PICK-UP PEQUENA PORTE MÉDIO (ATA 006/2025 - KAELE LTDA).
VALOR UNITÁRIO R$ 13.109,98.";;;0;1545;0,00;0,00;Liquidação;32.337,95;78.659,88;;32.337,95
[8042-20260717];1;8042;20260717;3300;3300;2026;8042.4;02/07/2026;4819323000162;KAELE LTDA;196.649,70;13.109,98;"LIQUIDAÇÃO REFERENTE A: PRESTAÇÃO DE SERVIÇOS DE LOCAÇÃO DE VEÍCULOS ADMINISTRATIVOS E OPERACIONAIS (ADAPTADOS) SEM USO (ZERO QUILOMETRO), SEM MOTORISTA, COM QUILOMETRAGEM LIVRE, SEGURO TOTAL E SISTEMA DE RASTREAMENTO E MONITORAMENTO INCLUSO, REF: ABRIL DE 2026.
03 PICK-UP PEQUENA PORTE MÉDIO (ATA 006/2025 - KAELE LTDA).
VALOR UNITÁRIO R$ 13.109,98.";;;0;1545;0,00;0,00;Liquidação;13.109,98;78.659,88;;13.109,98
[8042-20260717];1;8042;20260717;3300;3300;2026;8042.5;02/07/2026;4819323000162;KAELE LTDA;196.649,70;9.613,99;"LIQUIDAÇÃO REFERENTE A: PRESTAÇÃO DE SERVIÇOS DE LOCAÇÃO DE VEÍCULOS ADMINISTRATIVOS E OPERACIONAIS (ADAPTADOS) SEM USO (ZERO QUILOMETRO), SEM MOTORISTA, COM QUILOMETRAGEM LIVRE, SEGURO TOTAL E SISTEMA DE RASTREAMENTO E MONITORAMENTO INCLUSO, REF: MAIO DE 2026.
03 PICK-UP PEQUENA PORTE MÉDIO (ATA 006/2025 - KAELE LTDA).
VALOR UNITÁRIO R$ 13.109,98.";;;0;1545;0,00;0,00;Liquidação;9.613,99;78.659,88;;9.613,99
[8038-20260290];1;8038;20260290;2500;2500;2026;8038.3;02/07/2026;4819323000162;KAELE LTDA;65.549,90;13.109,98;"LIQUIDAÇÃO REFERENTE A: PRESTAÇÃO DE SERVIÇOS DE LOCAÇÃO DE VEÍCULOS ADMINISTRATIVOS E OPERACIONAIS (ADAPTADOS) SEM USO (ZERO QUILOMETRO), SEM MOTORISTA, COM QUILOMETRAGEM LIVRE, SEGURO TOTAL E SISTEMA DE RASTREAMENTO E MONITORAMENTO INCLUSO, REF: MARÇO DE 2026.
01 PICK-UP PEQUENA PORTE MÉDIO (ATA 006/2025 - KAELE LTDA).
VALOR UNITÁRIO R$ 13.109,98.";;;0;1545;0,00;0,00;Liquidação;13.109,98;26.219,96;;13.109,98
[8038-20260290];1;8038;20260290;2500;2500;2026;8038.4;02/07/2026;4819323000162;KAELE LTDA;65.549,90;13.109,98;"LIQUIDAÇÃO REFERENTE A: PRESTAÇÃO DE SERVIÇOS DE LOCAÇÃO DE VEÍCULOS ADMINISTRATIVOS E OPERACIONAIS (ADAPTADOS) SEM USO (ZERO QUILOMETRO), SEM MOTORISTA, COM QUILOMETRAGEM LIVRE, SEGURO TOTAL E SISTEMA DE RASTREAMENTO E MONITORAMENTO INCLUSO, REF: ABRIL DE 2026.
01 PICK-UP PEQUENA PORTE MÉDIO (ATA 006/2025 - KAELE LTDA).
VALOR UNITÁRIO R$ 13.109,98.";;;0;1545;0,00;0,00;Liquidação;13.109,98;26.219,96;;13.109,98
[8038-20260290];1;8038;20260290;2500;2500;2026;8038.5;02/07/2026;4819323000162;KAELE LTDA;65.549,90;9.613,99;"LIQUIDAÇÃO REFERENTE A: PRESTAÇÃO DE SERVIÇOS DE LOCAÇÃO DE VEÍCULOS ADMINISTRATIVOS E OPERACIONAIS (ADAPTADOS) SEM USO (ZERO QUILOMETRO), SEM MOTORISTA, COM QUILOMETRAGEM LIVRE, SEGURO TOTAL E SISTEMA DE RASTREAMENTO E MONITORAMENTO INCLUSO, REF: MAIO DE 2026.
01 PICK-UP PEQUENA PORTE MÉDIO (ATA 006/2025 - KAELE LTDA).
VALOR UNITÁRIO R$ 13.109,98.";;;0;1545;0,00;0,00;Liquidação;9.613,99;26.219,96;;9.613,99
[7980-20261068];1;7980;20261068;7100;7100;2026;7980.3;02/07/2026;4819323000162;KAELE LTDA;65.549,90;9.613,99;"LIQUIDAÇÃO REFERENTE A: PRESTAÇÃO DE SERVIÇOS DE LOCAÇÃO DE VEÍCULOS ADMINISTRATIVOS E OPERACIONAIS (ADAPTADOS) SEM USO (ZERO QUILOMETRO), SEM MOTORISTA, COM QUILOMETRAGEM LIVRE, SEGURO TOTAL E SISTEMA DE RASTREAMENTO E MONITORAMENTO INCLUSO, REF: MARÇO DE 2026.
01 PICK-UP PEQUENA PORTE MÉDIO (ATA 006/2025 - KAELE LTDA).
VALOR UNITÁRIO R$ 13.109,98.";;;0;1545;0,00;0,00;Liquidação;9.613,99;26.219,96;;9.613,99
[7967-20260852];1;7967;20260852;3700;3700;2026;7967.4;02/07/2026;4819323000162;KAELE LTDA;56.460,00;4.140,40;"LIQUIDAÇÃO REF. A PRESTAÇÃO DE SERVIÇOS DE LOCAÇÃO DE VEÍCULOS ADMINISTRATIVOS E OPERACIONAIS (ADAPTADOS) SEM USO (ZERO QUILOMETRO), SEM MOTORISTA, COM QUILOMETRAGEM LIVRE, SEGURO TOTAL E SISTEMA DE RASTREAMENTO E MONITORAMENTO INCLUSO, REF: MAIO DE 2026. 
04 HATCH (ATA 008/2024 - KAELE LTDA).
VALOR UNITÁRIO R$ 2.823,00";;;0;1545;0,00;0,00;Liquidação;4.140,40;32.840,90;;4.140,40
[7967-20260852];1;7967;20260852;3700;3700;2026;7967.5;02/07/2026;4819323000162;KAELE LTDA;56.460,00;8.469,00;"LIQUIDAÇÃO REF. PRESTAÇÃO DE SERVIÇOS DE LOCAÇÃO DE VEÍCULOS ADMINISTRATIVOS E OPERACIONAIS (ADAPTADOS) SEM USO (ZERO QUILOMETRO), SEM MOTORISTA, COM QUILOMETRAGEM LIVRE, SEGURO TOTAL E SISTEMA DE RASTREAMENTO E MONITORAMENTO INCLUSO, REF: ABRIL DE 2026. 
04 HATCH (ATA 008/2024 - KAELE LTDA).
VALOR UNITÁRIO R$ 2.823,00";;;0;1545;0,00;0,00;Liquidação;8.469,00;32.840,90;;8.469,00
[7967-20260852];1;7967;20260852;3700;3700;2026;7967.6;02/07/2026;4819323000162;KAELE LTDA;56.460,00;6.210,60;"LIQUIDAÇÃO RE. PRESTAÇÃO DE SERVIÇOS DE LOCAÇÃO DE VEÍCULOS ADMINISTRATIVOS E OPERACIONAIS (ADAPTADOS) SEM USO (ZERO QUILOMETRO), SEM MOTORISTA, COM QUILOMETRAGEM LIVRE, SEGURO TOTAL E SISTEMA DE RASTREAMENTO E MONITORAMENTO INCLUSO, REF: MAIO DE 2026. 
04 HATCH (ATA 008/2024 - KAELE LTDA).
VALOR UNITÁRIO R$ 2.823,00";;;0;1545;0,00;0,00;Liquidação;6.210,60;32.840,90;;6.210,60
[7966-20260835];1;7966;20260835;3500;3500;2026;7966.4;02/07/2026;4819323000162;KAELE LTDA;430.495,00;59.893,40;"EMPENHO REF. A: PRESTAÇÃO DE SERVIÇOS DE LOCAÇÃO DE VEÍCULOS ADMINISTRATIVOS E OPERACIONAIS (ADAPTADOS) SEM USO (ZERO QUILOMETRO), SEM MOTORISTA, COM QUILOMETRAGEM LIVRE, SEGURO TOTAL E SISTEMA DE RASTREAMENTO E MONITORAMENTO INCLUSO, REF: ABRIL DE 2026. 
13 VEÍCULO TIPO HATCHBACK; 02 VEÍCULO TIPO VAN; 02 VEÍCULO TIPO PICK-UP CABINE SIMPLES(CONTRATO N° 010/2025 - KAELE LTDA).
VALOR UNITÁRIO R$ 2.823,00; R$ 18.000,00; R$ 6.700,00.";;;0;1545;0,00;0,00;Liquidação;59.893,40;242.553,67;;59.893,40
[7966-20260835];1;7966;20260835;3500;3500;2026;7966.5;02/07/2026;4819323000162;KAELE LTDA;430.495,00;42.047,93;"LIQUIDAÇÃO REF. A: PRESTAÇÃO DE SERVIÇOS DE LOCAÇÃO DE VEÍCULOS ADMINISTRATIVOS E OPERACIONAIS (ADAPTADOS) SEM USO (ZERO QUILOMETRO), SEM MOTORISTA, COM QUILOMETRAGEM LIVRE, SEGURO TOTAL E SISTEMA DE RASTREAMENTO E MONITORAMENTO INCLUSO, REF: ABRIL DE 2026. 
13 VEÍCULO TIPO HATCHBACK; 02 VEÍCULO TIPO VAN; 02 VEÍCULO TIPO PICK-UP CABINE SIMPLES(CONTRATO N° 010/2025 - KAELE LTDA).
VALOR UNITÁRIO R$ 2.823,00; R$ 18.000,00; R$ 6.700,00.";;;0;1545;0,00;0,00;Liquidação;42.047,93;242.553,67;;42.047,93
[7964-20260876];1;7964;20260876;3700;3700;2026;7964.4;02/07/2026;4819323000162;KAELE LTDA;56.460,00;11.292,00;"LIQUIDAÇÃO REF. PRESTAÇÃO DE SERVIÇOS DE LOCAÇÃO DE VEÍCULOS ADMINISTRATIVOS E OPERACIONAIS (ADAPTADOS) SEM USO (ZERO QUILOMETRO), SEM MOTORISTA, COM QUILOMETRAGEM LIVRE, SEGURO TOTAL E SISTEMA DE RASTREAMENTO E MONITORAMENTO INCLUSO, REF: ABRIL DE 2026. 
04 HATCH (ATA 008/2024 - KAELE LTDA).

VALOR UNITÁRIO R$ 2.823,00";;;0;1545;0,00;0,00;Liquidação;11.292,00;33.876,00;;11.292,00
[7964-20260876];1;7964;20260876;3700;3700;2026;7964.5;02/07/2026;4819323000162;KAELE LTDA;56.460,00;8.280,80;"LIQUIDAÇÃO REF. A PRESTAÇÃO DE SERVIÇOS DE LOCAÇÃO DE VEÍCULOS ADMINISTRATIVOS E OPERACIONAIS (ADAPTADOS) SEM USO (ZERO QUILOMETRO), SEM MOTORISTA, COM QUILOMETRAGEM LIVRE, SEGURO TOTAL E SISTEMA DE RASTREAMENTO E MONITORAMENTO INCLUSO, REF: MAIO DE 2026. 
04 HATCH (ATA 008/2024 - KAELE LTDA).

VALOR UNITÁRIO R$ 2.823,00";;;0;1545;0,00;0,00;Liquidação;8.280,80;33.876,00;;8.280,80
[7963-20260771];1;7963;20260771;3500;3500;2026;7963.4;02/07/2026;4819323000162;KAELE LTDA;28.230,00;4.140,40;"LIQUIDAÇÃO REF. A: PRESTAÇÃO DE SERVIÇOS DE LOCAÇÃO DE VEÍCULOS ADMINISTRATIVOS E OPERACIONAIS (ADAPTADOS) SEM USO (ZERO QUILOMETRO), SEM MOTORISTA, COM QUILOMETRAGEM LIVRE, SEGURO TOTAL E SISTEMA DE RASTREAMENTO E MONITORAMENTO INCLUSO, REF: MAIO DE 2026. 
13 VEÍCULO TIPO HATCHBACK; 02 VEÍCULO TIPO VAN; 02 VEÍCULO TIPO PICK-UP CABINE SIMPLES (CONTRATO N° 010/2025 - KAELE LTDA).
VALOR UNITÁRIO R$ 2.823,00; R$ 18.000,00; R$ 6.700,00.";;;0;1545;0,00;0,00;Liquidação;4.140,40;16.938,00;;4.140,40
[7962-20260939];1;7962;20260939;5600;5600;2026;7962.4;02/07/2026;4819323000162;KAELE LTDA;75.845,00;15.169,00;"LIQUIDAÇÃO REF. PRESTAÇÃO DE SERVIÇOS DE LOCAÇÃO DE VEÍCULOS ADMINISTRATIVOS E OPERACIONAIS (ADAPTADOS) SEM USO (ZERO QUILOMETRO), SEM MOTORISTA, COM QUILOMETRAGEM LIVRE, SEGURO TOTAL E SISTEMA DE RASTREAMENTO E MONITORAMENTO INCLUSO, REF: ABRIL DE 2026. 
03 HATCH (ATA 008/2024 - KAELE LTDA).
01 VEÍCULO TIPO MONTANA

VALOR UNITÁRIO R$ 2.823,00; R$ 6.700,00";;;0;1545;0,00;0,00;Liquidação;15.169,00;45.507,00;;15.169,00
[7962-20260939];1;7962;20260939;5600;5600;2026;7962.5;02/07/2026;4819323000162;KAELE LTDA;75.845,00;11.123,93;"LIQUIDAÇÃO REF. PRESTAÇÃO DE SERVIÇOS DE LOCAÇÃO DE VEÍCULOS ADMINISTRATIVOS E OPERACIONAIS (ADAPTADOS) SEM USO (ZERO QUILOMETRO), SEM MOTORISTA, COM QUILOMETRAGEM LIVRE, SEGURO TOTAL E SISTEMA DE RASTREAMENTO E MONITORAMENTO INCLUSO, REF: MAIO DE 2026. 
03 HATCH (ATA 008/2024 - KAELE LTDA).
01 VEÍCULO TIPO MONTANA

VALOR UNITÁRIO R$ 2.823,00; R$ 6.700,00";;;0;1545;0,00;0,00;Liquidação;11.123,93;45.507,00;;11.123,93
[7960-20260744];1;7960;20260744;3300;3300;2026;7960.4;02/07/2026;4819323000162;KAELE LTDA;33.500,00;6.700,00;"LIQUIDAÇÃO REF. A: PRESTAÇÃO DE SERVIÇOS DE LOCAÇÃO DE VEÍCULOS ADMINISTRATIVOS E OPERACIONAIS (ADAPTADOS) SEM USO (ZERO QUILOMETRO), SEM MOTORISTA, COM QUILOMETRAGEM LIVRE, SEGURO TOTAL E SISTEMA DE RASTREAMENTO E MONITORAMENTO INCLUSO, REF: ABRIL DE 2026.
04 VEÍCULO TIPO PICK-UP CABINE SIMPLES  - (CONTRATO 010/2025 - KAELE LTDA).
VALOR UNITÁRIO R$ 6.700,00.";;;0;1545;0,00;0,00;Liquidação;6.700,00;20.100,00;;6.700,00
[7960-20260744];1;7960;20260744;3300;3300;2026;7960.5;02/07/2026;4819323000162;KAELE LTDA;33.500,00;4.913,33;"LIQUIDAÇÃO REF. A: PRESTAÇÃO DE SERVIÇOS DE LOCAÇÃO DE VEÍCULOS ADMINISTRATIVOS E OPERACIONAIS (ADAPTADOS) SEM USO (ZERO QUILOMETRO), SEM MOTORISTA, COM QUILOMETRAGEM LIVRE, SEGURO TOTAL E SISTEMA DE RASTREAMENTO E MONITORAMENTO INCLUSO, REF: MAIO DE 2026.
04 VEÍCULO TIPO PICK-UP CABINE SIMPLES  - (CONTRATO 010/2025 - KAELE LTDA).
VALOR UNITÁRIO R$ 6.700,00.";;;0;1545;0,00;0,00;Liquidação;4.913,33;20.100,00;;4.913,33
[7959-20260717];1;7959;20260717;3300;3300;2026;7959.4;02/07/2026;4819323000162;KAELE LTDA;56.460,00;8.469,00;"LIQUIDAÇÃO REF. A: PRESTAÇÃO DE SERVIÇOS DE LOCAÇÃO DE VEÍCULOS ADMINISTRATIVOS E OPERACIONAIS (ADAPTADOS) SEM USO (ZERO QUILOMETRO), SEM MOTORISTA, COM QUILOMETRAGEM LIVRE, SEGURO TOTAL E SISTEMA DE RASTREAMENTO E MONITORAMENTO INCLUSO, REF: ABRIL DE 2026.
04 VEÍCULO TIPO HATCHBACK - (CONTRATO 010/2025 - KAELE LTDA).
VALOR UNITÁRIO R$ 2.823,00.";;;0;1545;0,00;0,00;Liquidação;8.469,00;28.230,00;;8.469,00
[7959-20260717];1;7959;20260717;3300;3300;2026;7959.5;02/07/2026;4819323000162;KAELE LTDA;56.460,00;6.210,60;"LIQUIDAÇÃO REF. A: PRESTAÇÃO DE SERVIÇOS DE LOCAÇÃO DE VEÍCULOS ADMINISTRATIVOS E OPERACIONAIS (ADAPTADOS) SEM USO (ZERO QUILOMETRO), SEM MOTORISTA, COM QUILOMETRAGEM LIVRE, SEGURO TOTAL E SISTEMA DE RASTREAMENTO E MONITORAMENTO INCLUSO, REF: MAIO DE 2026.
04 VEÍCULO TIPO HATCHBACK - (CONTRATO 010/2025 - KAELE LTDA).
VALOR UNITÁRIO R$ 2.823,00.";;;0;1545;0,00;0,00;Liquidação;6.210,60;28.230,00;;6.210,60
[7958-20260368];1;7958;20260368;2700;2700;2026;7958.4;02/07/2026;4819323000162;KAELE LTDA;47.615,00;9.523,00;"LIQUIDAÇÃO REF. A: PRESTAÇÃO DE SERVIÇOS DE LOCAÇÃO DE VEÍCULOS ADMINISTRATIVOS E OPERACIONAIS (ADAPTADOS) SEM USO (ZERO QUILOMETRO), SEM MOTORISTA, COM QUILOMETRAGEM LIVRE, SEGURO TOTAL E SISTEMA DE RASTREAMENTO E MONITORAMENTO INCLUSO, REF: ABRIL DE 2026.
01 VEÍCULO TIPO HATCH ARGO; 01 VEÍCULO TIPO MONTANA (CONTRATO N° 010/2025 - KAELE LTDA).
VALOR UNITÁRIO R$ 2.823,00; R$ 6.700,00.";;;0;1545;0,00;0,00;Liquidação;9.523,00;28.569,00;;9.523,00
[7958-20260368];1;7958;20260368;2700;2700;2026;7958.5;02/07/2026;4819323000162;KAELE LTDA;47.615,00;6.983,53;"LIQUIDAÇÃO REF. A: PRESTAÇÃO DE SERVIÇOS DE LOCAÇÃO DE VEÍCULOS ADMINISTRATIVOS E OPERACIONAIS (ADAPTADOS) SEM USO (ZERO QUILOMETRO), SEM MOTORISTA, COM QUILOMETRAGEM LIVRE, SEGURO TOTAL E SISTEMA DE RASTREAMENTO E MONITORAMENTO INCLUSO, REF: MAIO DE 2026.
01 VEÍCULO TIPO HATCH ARGO; 01 VEÍCULO TIPO MONTANA (CONTRATO N° 010/2025 - KAELE LTDA).
VALOR UNITÁRIO R$ 2.823,00; R$ 6.700,00.";;;0;1545;0,00;0,00;Liquidação;6.983,53;28.569,00;;6.983,53
[7957-20260319];1;7957;20260319;2600;2600;2026;7957.4;02/07/2026;4819323000162;KAELE LTDA;75.845,00;15.169,00;"LIQUIDAÇÃO REF. A: PRESTAÇÃO DE SERVIÇOS DE LOCAÇÃO DE VEÍCULOS ADMINISTRATIVOS E OPERACIONAIS (ADAPTADOS) SEM USO (ZERO QUILOMETRO), SEM MOTORISTA, COM QUILOMETRAGEM LIVRE, SEGURO TOTAL E SISTEMA DE RASTREAMENTO E MONITORAMENTO INCLUSO, REF: ABRIL DE 2026.
03 VEÍCULO TIPO HATCH ARGO; 01 VEÍCULO TIPO MONTANA (CONTRATO N° 010/2025 - KAELE LTDA).
VALOR UNITÁRIO R$ 2.823,00; R$ 6.700,00.";;;0;1545;0,00;0,00;Liquidação;15.169,00;45.507,00;;15.169,00
[7957-20260319];1;7957;20260319;2600;2600;2026;7957.5;02/07/2026;4819323000162;KAELE LTDA;75.845,00;11.123,93;"LIQUIDAÇÃO REF. A: PRESTAÇÃO DE SERVIÇOS DE LOCAÇÃO DE VEÍCULOS ADMINISTRATIVOS E OPERACIONAIS (ADAPTADOS) SEM USO (ZERO QUILOMETRO), SEM MOTORISTA, COM QUILOMETRAGEM LIVRE, SEGURO TOTAL E SISTEMA DE RASTREAMENTO E MONITORAMENTO INCLUSO, REF: MAIO DE 2026.
03 VEÍCULO TIPO HATCH ARGO; 01 VEÍCULO TIPO MONTANA (CONTRATO N° 010/2025 - KAELE LTDA).
VALOR UNITÁRIO R$ 2.823,00; R$ 6.700,00.";;;0;1545;0,00;0,00;Liquidação;11.123,93;45.507,00;;11.123,93
[7951-20261116];1;7951;20261116;7100;7100;2026;7951.4;02/07/2026;4819323000162;KAELE LTDA;28.230,00;5.646,00;"LIQUIDAÇÃO REF. A PRESTAÇÃO DE SERVIÇOS DE LOCAÇÃO DE VEÍCULOS ADMINISTRATIVOS E OPERACIONAIS (ADAPTADOS) SEM USO (ZERO QUILOMETRO), SEM MOTORISTA, COM QUILOMETRAGEM LIVRE, SEGURO TOTAL E SISTEMA DE RASTREAMENTO E MONITORAMENTO INCLUSO, REF: ABRIL DE 2026. 
02 HATCH (ATA 008/2024 - KAELE LTDA).
VALOR UNITÁRIO R$ 2.823,0";;;0;1545;0,00;0,00;Liquidação;5.646,00;16.938,00;;5.646,00
[7951-20261116];1;7951;20261116;7100;7100;2026;7951.5;02/07/2026;4819323000162;KAELE LTDA;28.230,00;4.140,40;"LIQUIDAÇÃO REF. PRESTAÇÃO DE SERVIÇOS DE LOCAÇÃO DE VEÍCULOS ADMINISTRATIVOS E OPERACIONAIS (ADAPTADOS) SEM USO (ZERO QUILOMETRO), SEM MOTORISTA, COM QUILOMETRAGEM LIVRE, SEGURO TOTAL E SISTEMA DE RASTREAMENTO E MONITORAMENTO INCLUSO, REF: MAIO DE 2026. 
02 HATCH (ATA 008/2024 - KAELE LTDA).
VALOR UNITÁRIO R$ 2.823,0";;;0;1545;0,00;0,00;Liquidação;4.140,40;16.938,00;;4.140,40
[7950-20260248];1;7950;20260248;2300;2300;2026;7950.4;02/07/2026;4819323000162;KAELE LTDA;14.115,00;2.823,00;"LIQUIDAÇÃO REFERENTE A: PRESTAÇÃO DE SERVIÇOS DE LOCAÇÃO DE VEÍCULOS ADMINISTRATIVOS E OPERACIONAIS (ADAPTADOS) SEM USO (ZERO QUILOMETRO), SEM MOTORISTA, COM QUILOMETRAGEM LIVRE, SEGURO TOTAL E SISTEMA DE RASTREAMENTO E MONITORAMENTO INCLUSO, REF: ABRIL DE 2026.
01 VEÍCULO TIPO ARGO - (CONTRATO N° 010/2025 - KAELE LTDA).
VALOR UNITÁRIO R$ 2.823,00.";;;0;1545;0,00;0,00;Liquidação;2.823,00;8.469,00;;2.823,00
[7950-20260248];1;7950;20260248;2300;2300;2026;7950.5;02/07/2026;4819323000162;KAELE LTDA;14.115,00;2.070,20;"LIQUIDAÇÃO REFERENTE A: PRESTAÇÃO DE SERVIÇOS DE LOCAÇÃO DE VEÍCULOS ADMINISTRATIVOS E OPERACIONAIS (ADAPTADOS) SEM USO (ZERO QUILOMETRO), SEM MOTORISTA, COM QUILOMETRAGEM LIVRE, SEGURO TOTAL E SISTEMA DE RASTREAMENTO E MONITORAMENTO INCLUSO, REF: MAIO DE 2026.
01 VEÍCULO TIPO ARGO - (CONTRATO N° 010/2025 - KAELE LTDA).
VALOR UNITÁRIO R$ 2.823,00.";;;0;1545;0,00;0,00;Liquidação;2.070,20;8.469,00;;2.070,20
[7945-20260193];1;7945;20260193;2100;9909;2026;7945.5;02/07/2026;4819323000162;KAELE LTDA;118.230,00;23.646,00;"LIQUIDAÇÃO REFERENTE A: PRESTAÇÃO DE SERVIÇOS DE LOCAÇÃO DE VEÍCULOS ADMINISTRATIVOS E OPERACIONAIS (ADAPTADOS) SEM USO (ZERO QUILOMETRO), SEM MOTORISTA, COM QUILOMETRAGEM LIVRE, SEGURO TOTAL E SISTEMA DE RASTREAMENTO E MONITORAMENTO INCLUSO, REF: ABRIL DE 2026.
02 VEÍCULO TIPO  HATCH ARGO; 01 VEÍCULO TIPO VAN (ATA 008/2024 - KAELE LTDA).
VALOR UNITÁRIO R$ 2.823,000 - 18.000,00.";;;0;1545;0,00;0,00;Liquidação;23.646,00;70.938,00;;23.646,00
[7945-20260193];1;7945;20260193;2100;9909;2026;7945.6;02/07/2026;4819323000162;KAELE LTDA;118.230,00;17.340,40;"LIQUIDAÇÃO REFERENTE A: PRESTAÇÃO DE SERVIÇOS DE LOCAÇÃO DE VEÍCULOS ADMINISTRATIVOS E OPERACIONAIS (ADAPTADOS) SEM USO (ZERO QUILOMETRO), SEM MOTORISTA, COM QUILOMETRAGEM LIVRE, SEGURO TOTAL E SISTEMA DE RASTREAMENTO E MONITORAMENTO INCLUSO, REF: MAIO DE 2026.
02 VEÍCULO TIPO  HATCH ARGO; 01 VEÍCULO TIPO VAN (ATA 008/2024 - KAELE LTDA).
VALOR UNITÁRIO R$ 2.823,000 - 18.000,00.";;;0;1545;0,00;0,00;Liquidação;17.340,40;70.938,00;;17.340,40
[7942-20260172];1;7942;20260172;2100;9909;2026;7942.4;02/07/2026;4819323000162;KAELE LTDA;142.845,00;21.869,00;"LIQUIDAÇÃO REF. SERVIÇOS DE LOCAÇÃO DE VEÍCULOS ADMINISTRATIVOS E OPERACIONAIS (ADAPTADOS) SEM USO (ZERO QUILOMETRO), SEM MOTORISTA, COM QUILOMETRAGEM LIVRE, SEGURO TOTAL E SISTEMA DE RASTREAMENTO E MONITORAMENTO INCLUSO, REF: ABRIL DE 2026.
03 VEÍCULO TIPO  HATCH ARGO - 03 VEÍCULO TIPO MONTANA (ATA 008/2024 - KAELE LTDA).
VALOR UNITÁRIO R$ 2.823,00; R$ 6.700,00.";;;0;1545;0,00;0,00;Liquidação;21.869,00;84.143,59;;21.869,00
[7942-20260172];1;7942;20260172;2100;9909;2026;7942.5;02/07/2026;4819323000162;KAELE LTDA;142.845,00;16.037,26;"LIQUIDAÇÃO REFERENTE A: PRESTAÇÃO DE SERVIÇOS DE LOCAÇÃO DE VEÍCULOS ADMINISTRATIVOS E OPERACIONAIS (ADAPTADOS) SEM USO (ZERO QUILOMETRO), SEM MOTORISTA, COM QUILOMETRAGEM LIVRE, SEGURO TOTAL E SISTEMA DE RASTREAMENTO E MONITORAMENTO INCLUSO, REF: MAIO DE 2026.
03 VEÍCULO TIPO  HATCH ARGO - 03 VEÍCULO TIPO MONTANA (ATA 008/2024 - KAELE LTDA).
VALOR UNITÁRIO R$ 2.823,00; R$ 6.700,00.";;;0;1545;0,00;0,00;Liquidação;16.037,26;84.143,59;;16.037,26
[7932-20261180];1;7932;20261180;9100;9100;2026;7932.4;02/07/2026;4819323000162;KAELE LTDA;33.500,00;6.700,00;"LIQUIDAÇÃO REF. A PRESTAÇÃO DE SERVIÇOS DE LOCAÇÃO DE VEÍCULOS ADMINISTRATIVOS E OPERACIONAIS (ADAPTADOS) SEM USO (ZERO QUILOMETRO), SEM MOTORISTA, COM QUILOMETRAGEM LIVRE, SEGURO TOTAL E SISTEMA DE RASTREAMENTO E MONITORAMENTO INCLUSO, REF: ABRIL DE 2026. 
 (ATA 008/2024 - KAELE LTDA).
01 VEÍCULO TIPO MONTANA

VALOR UNITÁRIO R$ 6.700,00";;;0;1545;0,00;0,00;Liquidação;6.700,00;20.100,00;;6.700,00
[7932-20261180];1;7932;20261180;9100;9100;2026;7932.5;02/07/2026;4819323000162;KAELE LTDA;33.500,00;4.913,33;"LIQUIDAÇÃO REF. A PRESTAÇÃO DE SERVIÇOS DE LOCAÇÃO DE VEÍCULOS ADMINISTRATIVOS E OPERACIONAIS (ADAPTADOS) SEM USO (ZERO QUILOMETRO), SEM MOTORISTA, COM QUILOMETRAGEM LIVRE, SEGURO TOTAL E SISTEMA DE RASTREAMENTO E MONITORAMENTO INCLUSO, REF: MAIO DE 2026. 
 (ATA 008/2024 - KAELE LTDA).
01 VEÍCULO TIPO MONTANA

VALOR UNITÁRIO R$ 6.700,00";;;0;1545;0,00;0,00;Liquidação;4.913,33;20.100,00;;4.913,33
[7930-20261203];1;7930;20261203;9300;9300;2026;7930.4;02/07/2026;4819323000162;KAELE LTDA;61.730,00;12.346,00;"LIQUIDAÇÃO REF. A PRESTAÇÃO DE SERVIÇOS DE LOCAÇÃO DE VEÍCULOS ADMINISTRATIVOS E OPERACIONAIS (ADAPTADOS) SEM USO (ZERO QUILOMETRO), SEM MOTORISTA, COM QUILOMETRAGEM LIVRE, SEGURO TOTAL E SISTEMA DE RASTREAMENTO E MONITORAMENTO INCLUSO, REF: ABRIL DE 2026. 
02 HATCH (ATA 008/2024 - KAELE LTDA).
01 VEÍCULO TIPO MONTANA

VALOR UNITÁRIO R$ 2.823,00; R$ 6.700,00;";;;0;1545;0,00;0,00;Liquidação;12.346,00;37.038,00;;12.346,00
[7930-20261203];1;7930;20261203;9300;9300;2026;7930.5;02/07/2026;4819323000162;KAELE LTDA;61.730,00;9.053,73;"LIQUIDAÇÃO REF. PRESTAÇÃO DE SERVIÇOS DE LOCAÇÃO DE VEÍCULOS ADMINISTRATIVOS E OPERACIONAIS (ADAPTADOS) SEM USO (ZERO QUILOMETRO), SEM MOTORISTA, COM QUILOMETRAGEM LIVRE, SEGURO TOTAL E SISTEMA DE RASTREAMENTO E MONITORAMENTO INCLUSO, REF: MAIO DE 2026. 
02 HATCH (ATA 008/2024 - KAELE LTDA).
01 VEÍCULO TIPO MONTANA

VALOR UNITÁRIO R$ 2.823,00; R$ 6.700,00;";;;0;1545;0,00;0,00;Liquidação;9.053,73;37.038,00;;9.053,73
[7928-20261245];1;7928;20261245;9400;9400;2026;7928.4;02/07/2026;4819323000162;KAELE LTDA;246.960,00;49.392,00;"LIQUIDAÇÃO REF. A PRESTAÇÃO DE SERVIÇOS DE LOCAÇÃO DE VEÍCULOS ADMINISTRATIVOS E OPERACIONAIS (ADAPTADOS) SEM USO (ZERO QUILOMETRO), SEM MOTORISTA, COM QUILOMETRAGEM LIVRE, SEGURO TOTAL E SISTEMA DE RASTREAMENTO E MONITORAMENTO INCLUSO, REF: ABRIL DE 2026. 
02 HATCH (ATA 008/2024 - KAELE LTDA).
03 VEÍCULO TIPO MONTANA
01 VEÍCULO TIPO VAN
VALOR UNITÁRIO R$ 2.823,00; R$ 6.700,00; R$18.000,00";;;0;1545;0,00;0,00;Liquidação;49.392,00;148.176,00;;49.392,00
[7928-20261245];1;7928;20261245;9400;9400;2026;7928.5;02/07/2026;4819323000162;KAELE LTDA;246.960,00;36.220,80;"LIQUIDAÇÃO REF. A PRESTAÇÃO DE SERVIÇOS DE LOCAÇÃO DE VEÍCULOS ADMINISTRATIVOS E OPERACIONAIS (ADAPTADOS) SEM USO (ZERO QUILOMETRO), SEM MOTORISTA, COM QUILOMETRAGEM LIVRE, SEGURO TOTAL E SISTEMA DE RASTREAMENTO E MONITORAMENTO INCLUSO, REF: MAIO DE 2026. 
02 HATCH (ATA 008/2024 - KAELE LTDA).
03 VEÍCULO TIPO MONTANA
01 VEÍCULO TIPO VAN
VALOR UNITÁRIO R$ 2.823,00; R$ 6.700,00; R$18.000,00";;;0;1545;0,00;0,00;Liquidação;36.220,80;148.176,00;;36.220,80
[7915-20260271];1;7915;20260271;2500;2500;2026;7915.3;02/07/2026;28245936000100;LOCALEVE SERVIÇOS DE LOCAÇÃO LTDA;150.000,00;30.000,00;"LIQUIDAÇÃO REFERENTE A: PRESTAÇÃO DE SERVIÇOS DE LOCAÇÃO DE VEÍCULOS ADMINISTRATIVOS E OPERACIONAIS (ADAPTADOS) SEM USO (ZERO QUILOMETRO), SEM MOTORISTA, COM QUILOMETRAGEM LIVRE, SEGURO TOTAL E SISTEMA DE RASTREAMENTO E MONITORAMENTO INCLUSO, REF: MARÇO DE 2026.
01 CAMINHÃO 3/4 (ATA 008/2025 - LOCALEVE SERVIÇOS DE LOCAÇÃO LTDA).
VALOR UNITÁRIO R$ 30.000,00.";;;0;1545;0,00;0,00;Liquidação;30.000,00;30.000,00;;30.000,00
[7915-20260271];1;7915;20260271;2500;2500;2026;7915.4;02/07/2026;28245936000100;LOCALEVE SERVIÇOS DE LOCAÇÃO LTDA;150.000,00;30.000,00;"LIQUIDAÇÃO REFERENTE A: PRESTAÇÃO DE SERVIÇOS DE LOCAÇÃO DE VEÍCULOS ADMINISTRATIVOS E OPERACIONAIS (ADAPTADOS) SEM USO (ZERO QUILOMETRO), SEM MOTORISTA, COM QUILOMETRAGEM LIVRE, SEGURO TOTAL E SISTEMA DE RASTREAMENTO E MONITORAMENTO INCLUSO, REF: ABRIL DE 2026.
01 CAMINHÃO 3/4 (ATA 008/2025 - LOCALEVE SERVIÇOS DE LOCAÇÃO LTDA).
VALOR UNITÁRIO R$ 30.000,00.";;;0;1545;0,00;0,00;Liquidação;30.000,00;30.000,00;;30.000,00
[7913-20260144];1;7913;20260144;1900;1900;2026;7913.3;02/07/2026;28245936000100;LOCALEVE SERVIÇOS DE LOCAÇÃO LTDA;300.000,00;30.000,00;"LIQUIDAÇÃO REFERENTE A: PRESTAÇÃO DE SERVIÇOS DE LOCAÇÃO DE VEÍCULOS ADMINISTRATIVOS E OPERACIONAIS (ADAPTADOS) SEM USO (ZERO QUILOMETRO), SEM MOTORISTA, COM QUILOMETRAGEM LIVRE, SEGURO TOTAL E SISTEMA DE RASTREAMENTO E MONITORAMENTO INCLUSO, REF: MARÇO DE 2026.
01 CAMINHÃO 3/4 (ATA 008/2025 - LOCALEVE SERVIÇOS DE LOCAÇÃO LTDA).
VALOR UNITÁRIO: R$ 30.000,00.";;;0;1545;0,00;0,00;Liquidação;30.000,00;60.000,00;;30.000,00
[7913-20260144];1;7913;20260144;1900;1900;2026;7913.4;02/07/2026;28245936000100;LOCALEVE SERVIÇOS DE LOCAÇÃO LTDA;300.000,00;30.000,00;"LIQUIDAÇÃO REFERENTE A: PRESTAÇÃO DE SERVIÇOS DE LOCAÇÃO DE VEÍCULOS ADMINISTRATIVOS E OPERACIONAIS (ADAPTADOS) SEM USO (ZERO QUILOMETRO), SEM MOTORISTA, COM QUILOMETRAGEM LIVRE, SEGURO TOTAL E SISTEMA DE RASTREAMENTO E MONITORAMENTO INCLUSO, REF: MARÇO DE 2026.
01 CAMINHÃO 3/4 (ATA 008/2025 - LOCALEVE SERVIÇOS DE LOCAÇÃO LTDA).
VALOR UNITÁRIO: R$ 30.000,00.";;;0;1545;0,00;0,00;Liquidação;30.000,00;60.000,00;;30.000,00
[7913-20260144];1;7913;20260144;1900;1900;2026;7913.5;02/07/2026;28245936000100;LOCALEVE SERVIÇOS DE LOCAÇÃO LTDA;300.000,00;22.000,00;"LIQUIDAÇÃO REFERENTE A: PRESTAÇÃO DE SERVIÇOS DE LOCAÇÃO DE VEÍCULOS ADMINISTRATIVOS E OPERACIONAIS (ADAPTADOS) SEM USO (ZERO QUILOMETRO), SEM MOTORISTA, COM QUILOMETRAGEM LIVRE, SEGURO TOTAL E SISTEMA DE RASTREAMENTO E MONITORAMENTO INCLUSO, REF: 01 A 22 DE MAIO DE 2026.
01 CAMINHÃO 3/4 (ATA 008/2025 - LOCALEVE SERVIÇOS DE LOCAÇÃO LTDA).
VALOR UNITÁRIO: R$ 30.000,00.";;;0;1545;0,00;0,00;Liquidação;22.000,00;60.000,00;;22.000,00
[7902-20260991];2;7902;20260991;5800;5800;2026;7902.2.1;02/07/2026;37010127000100;JM BRAGA COMERCIAL BRILHANTE;127.691,09;12.171,76;SEM DESCRIÇÃO;39188;;0;1545;0,00;0,00;Pagamento;12.171,76;12.171,76;29.462,28;29.462,28
[7858-20261294];1;7858;20261294;9400;9400;2026;7858.3;02/07/2026;4819323000162;KAELE LTDA;993.299,40;191.667,89;"LIQUIDAÇÃO REFERENTE A: PRESTAÇÃO DE SERVIÇOS DE LOCAÇÃO DE VEÍCULOS ADMINISTRATIVOS E OPERACIONAIS (ADAPTADOS) SEM USO (ZERO QUILOMETRO), SEM MOTORISTA, COM QUILOMETRAGEM LIVRE, SEGURO TOTAL E SISTEMA DE RASTREAMENTO E MONITORAMENTO INCLUSO, REF: MARÇO DE 2026.
06 PICK-UP S10; 08 PICK-UP S10 - VIATURA (ATA 006/2025 - KAELE LTDA).
VALOR UNITÁRIO: R$ 13.109,98; R$ 15.000,00.";;;0;1545;0,00;0,00;Liquidação;191.667,89;397.319,76;;191.667,89
[7858-20261294];1;7858;20261294;9400;9400;2026;7858.4;02/07/2026;4819323000162;KAELE LTDA;993.299,40;172.439,92;"LIQUIDAÇÃO REFERENTE A: PRESTAÇÃO DE SERVIÇOS DE LOCAÇÃO DE VEÍCULOS ADMINISTRATIVOS E OPERACIONAIS (ADAPTADOS) SEM USO (ZERO QUILOMETRO), SEM MOTORISTA, COM QUILOMETRAGEM LIVRE, SEGURO TOTAL E SISTEMA DE RASTREAMENTO E MONITORAMENTO INCLUSO, REF: ABRIL DE 2026.
06 PICK-UP S10; 08 PICK-UP S10 - VIATURA (ATA 006/2025 - KAELE LTDA).
VALOR UNITÁRIO: R$ 13.109,98; R$ 15.000,00.";;;0;1545;0,00;0,00;Liquidação;172.439,92;397.319,76;;172.439,92
[7858-20261294];1;7858;20261294;9400;9400;2026;7858.5;02/07/2026;4819323000162;KAELE LTDA;993.299,40;116.841,97;"LIQUIDAÇÃO REFERENTE A: PRESTAÇÃO DE SERVIÇOS DE LOCAÇÃO DE VEÍCULOS ADMINISTRATIVOS E OPERACIONAIS (ADAPTADOS) SEM USO (ZERO QUILOMETRO), SEM MOTORISTA, COM QUILOMETRAGEM LIVRE, SEGURO TOTAL E SISTEMA DE RASTREAMENTO E MONITORAMENTO INCLUSO, REF: MAIO DE 2026.
06 PICK-UP S10; 08 PICK-UP S10 - VIATURA (ATA 006/2025 - KAELE LTDA).
VALOR UNITÁRIO: R$ 13.109,98; R$ 15.000,00.";;;0;1545;0,00;0,00;Liquidação;116.841,97;397.319,76;;116.841,97
[7844-20261132];1;7844;20261132;7800;7800;2026;7844.3;02/07/2026;4819323000162;KAELE LTDA;131.099,80;26.219,96;"LIQUIDAÇÃO REFERENTE A: PRESTAÇÃO DE SERVIÇOS DE LOCAÇÃO DE VEÍCULOS ADMINISTRATIVOS E OPERACIONAIS (ADAPTADOS) SEM USO (ZERO QUILOMETRO), SEM MOTORISTA, COM QUILOMETRAGEM LIVRE, SEGURO TOTAL E SISTEMA DE RASTREAMENTO E MONITORAMENTO INCLUSO, REF: MARÇO DE 2026.
02 PICK-UP PEQUENA PORTE MÉDIO (ATA 006/2025 - KAELE LTDA).
VALOR UNITÁRIO R$ 13.109,98.";;;0;1545;0,00;0,00;Liquidação;26.219,96;52.439,92;;26.219,96
[7844-20261132];1;7844;20261132;7800;7800;2026;7844.4;02/07/2026;4819323000162;KAELE LTDA;131.099,80;26.219,96;"LIQUIDAÇÃO REFERENTE A: PRESTAÇÃO DE SERVIÇOS DE LOCAÇÃO DE VEÍCULOS ADMINISTRATIVOS E OPERACIONAIS (ADAPTADOS) SEM USO (ZERO QUILOMETRO), SEM MOTORISTA, COM QUILOMETRAGEM LIVRE, SEGURO TOTAL E SISTEMA DE RASTREAMENTO E MONITORAMENTO INCLUSO, REF: ABRIL DE 2026.
02 PICK-UP PEQUENA PORTE MÉDIO (ATA 006/2025 - KAELE LTDA).
VALOR UNITÁRIO R$ 13.109,98.";;;0;1545;0,00;0,00;Liquidação;26.219,96;52.439,92;;26.219,96
[7844-20261132];1;7844;20261132;7800;7800;2026;7844.5;02/07/2026;4819323000162;KAELE LTDA;131.099,80;19.227,97;"LIQUIDAÇÃO REFERENTE A: PRESTAÇÃO DE SERVIÇOS DE LOCAÇÃO DE VEÍCULOS ADMINISTRATIVOS E OPERACIONAIS (ADAPTADOS) SEM USO (ZERO QUILOMETRO), SEM MOTORISTA, COM QUILOMETRAGEM LIVRE, SEGURO TOTAL E SISTEMA DE RASTREAMENTO E MONITORAMENTO INCLUSO, REF: MAIO DE 2026.
02 PICK-UP PEQUENA PORTE MÉDIO (ATA 006/2025 - KAELE LTDA).
VALOR UNITÁRIO R$ 13.109,98.";;;0;1545;0,00;0,00;Liquidação;19.227,97;52.439,92;;19.227,97
[7841-20260939];1;7841;20260939;5600;5600;2026;7841.3;02/07/2026;4819323000162;KAELE LTDA;65.549,90;13.109,98;"LIQUIDAÇÃO REFERENTE A: PRESTAÇÃO DE SERVIÇOS DE LOCAÇÃO DE VEÍCULOS ADMINISTRATIVOS E OPERACIONAIS (ADAPTADOS) SEM USO (ZERO QUILOMETRO), SEM MOTORISTA, COM QUILOMETRAGEM LIVRE, SEGURO TOTAL E SISTEMA DE RASTREAMENTO E MONITORAMENTO INCLUSO, REF: MARÇO DE 2026.
01 PICK-UP PEQUENA PORTE MÉDIO (ATA 006/2025 - KAELE LTDA).
VALOR UNITÁRIO R$ 13.109,98.";;;0;1545;0,00;0,00;Liquidação;13.109,98;26.219,96;;13.109,98
[7841-20260939];1;7841;20260939;5600;5600;2026;7841.4;02/07/2026;4819323000162;KAELE LTDA;65.549,90;13.109,98;"LIQUIDAÇÃO REFERENTE A: PRESTAÇÃO DE SERVIÇOS DE LOCAÇÃO DE VEÍCULOS ADMINISTRATIVOS E OPERACIONAIS (ADAPTADOS) SEM USO (ZERO QUILOMETRO), SEM MOTORISTA, COM QUILOMETRAGEM LIVRE, SEGURO TOTAL E SISTEMA DE RASTREAMENTO E MONITORAMENTO INCLUSO, REF: MARÇO DE 2026.
01 PICK-UP PEQUENA PORTE MÉDIO (ATA 006/2025 - KAELE LTDA).
VALOR UNITÁRIO R$ 13.109,98.";;;0;1545;0,00;0,00;Liquidação;13.109,98;26.219,96;;13.109,98
[7841-20260939];1;7841;20260939;5600;5600;2026;7841.5;02/07/2026;4819323000162;KAELE LTDA;65.549,90;9.613,99;"LIQUIDAÇÃO REFERENTE A: PRESTAÇÃO DE SERVIÇOS DE LOCAÇÃO DE VEÍCULOS ADMINISTRATIVOS E OPERACIONAIS (ADAPTADOS) SEM USO (ZERO QUILOMETRO), SEM MOTORISTA, COM QUILOMETRAGEM LIVRE, SEGURO TOTAL E SISTEMA DE RASTREAMENTO E MONITORAMENTO INCLUSO, REF: MAIO DE 2026.
01 PICK-UP PEQUENA PORTE MÉDIO (ATA 006/2025 - KAELE LTDA).
VALOR UNITÁRIO R$ 13.109,98.";;;0;1545;0,00;0,00;Liquidação;9.613,99;26.219,96;;9.613,99
[7840-20260771];1;7840;20260771;3500;3500;2026;7840.3;02/07/2026;4819323000162;KAELE LTDA;131.099,80;26.219,96;"LIQUIDAÇÃO REFERENTE A: PRESTAÇÃO DE SERVIÇOS DE LOCAÇÃO DE VEÍCULOS ADMINISTRATIVOS E OPERACIONAIS (ADAPTADOS) SEM USO (ZERO QUILOMETRO), SEM MOTORISTA, COM QUILOMETRAGEM LIVRE, SEGURO TOTAL E SISTEMA DE RASTREAMENTO E MONITORAMENTO INCLUSO, REF: MARÇO DE 2026.
02 PICK-UP PEQUENA PORTE MÉDIO (ATA 006/2025 - KAELE LTDA).
VALOR UNITÁRIO R$ 13.109,98.";;;0;1545;0,00;0,00;Liquidação;26.219,96;52.439,92;;26.219,96
[7840-20260771];1;7840;20260771;3500;3500;2026;7840.4;02/07/2026;4819323000162;KAELE LTDA;131.099,80;26.219,96;"LIQUIDAÇÃO REFERENTE A: PRESTAÇÃO DE SERVIÇOS DE LOCAÇÃO DE VEÍCULOS ADMINISTRATIVOS E OPERACIONAIS (ADAPTADOS) SEM USO (ZERO QUILOMETRO), SEM MOTORISTA, COM QUILOMETRAGEM LIVRE, SEGURO TOTAL E SISTEMA DE RASTREAMENTO E MONITORAMENTO INCLUSO, REF: ABRIL DE 2026.
02 PICK-UP PEQUENA PORTE MÉDIO (ATA 006/2025 - KAELE LTDA).
VALOR UNITÁRIO R$ 13.109,98.";;;0;1545;0,00;0,00;Liquidação;26.219,96;52.439,92;;26.219,96
[7840-20260771];1;7840;20260771;3500;3500;2026;7840.5;02/07/2026;4819323000162;KAELE LTDA;131.099,80;19.227,97;"LIQUIDAÇÃO REFERENTE A: PRESTAÇÃO DE SERVIÇOS DE LOCAÇÃO DE VEÍCULOS ADMINISTRATIVOS E OPERACIONAIS (ADAPTADOS) SEM USO (ZERO QUILOMETRO), SEM MOTORISTA, COM QUILOMETRAGEM LIVRE, SEGURO TOTAL E SISTEMA DE RASTREAMENTO E MONITORAMENTO INCLUSO, REF: MAIO DE 2026.
02 PICK-UP PEQUENA PORTE MÉDIO (ATA 006/2025 - KAELE LTDA).
VALOR UNITÁRIO R$ 13.109,98.";;;0;1545;0,00;0,00;Liquidação;19.227,97;52.439,92;;19.227,97
[7827-20260212];1;7827;20260212;2100;9909;2026;7827.3;02/07/2026;4819323000162;KAELE LTDA;290.549,90;49.109,98;"VALOR LIQUIDADO REFERENTE A: PRESTAÇÃO DE SERVIÇOS DE LOCAÇÃO DE VEÍCULOS , SEM MOTORISTA, COM QUILOMETRAGEM LIVRE, SEGURO TOTAL, SISTEMA DE RASTREAMENTO, SEM LAVAGEM E COMBUSTÍVEL, REF: MARÇO DE 2026.
02 PICK-UP.
VALOR UNITÁRIO R$ 15.000,00.";;;0;1545;0,00;0,00;Liquidação;49.109,98;116.219,96;;49.109,98
[7827-20260212];1;7827;20260212;2100;9909;2026;7827.4;02/07/2026;4819323000162;KAELE LTDA;290.549,90;43.109,98;"VALOR LIQUIDADO REFERENTE A: PRESTAÇÃO DE SERVIÇOS DE LOCAÇÃO DE VEÍCULOS , SEM MOTORISTA, COM QUILOMETRAGEM LIVRE, SEGURO TOTAL, SISTEMA DE RASTREAMENTO, SEM LAVAGEM E COMBUSTÍVEL, REF: ABRIL DE 2026.
02 PICK-UP.
VALOR UNITÁRIO R$ 15.000,00.";;;0;1545;0,00;0,00;Liquidação;43.109,98;116.219,96;;43.109,98
[7827-20260212];1;7827;20260212;2100;9909;2026;7827.5;02/07/2026;4819323000162;KAELE LTDA;290.549,90;31.613,99;"VALOR LIQUIDADO REFERENTE A: PRESTAÇÃO DE SERVIÇOS DE LOCAÇÃO DE VEÍCULOS , SEM MOTORISTA, COM QUILOMETRAGEM LIVRE, SEGURO TOTAL, SISTEMA DE RASTREAMENTO, SEM LAVAGEM E COMBUSTÍVEL, REF: MAIO DE 2026.
02 PICK-UP.
VALOR UNITÁRIO R$ 15.000,00.";;;0;1545;0,00;0,00;Liquidação;31.613,99;116.219,96;;31.613,99
[7826-20260193];1;7826;20260193;2100;9909;2026;7826.3;02/07/2026;4819323000162;KAELE LTDA;140.549,90;28.109,98;"VALOR LIQUIDADO REFERENTE A: PRESTAÇÃO DE SERVIÇOS DE LOCAÇÃO DE VEÍCULOS ADMINISTRATIVOS E OPERACIONAIS (ADAPTADOS) SEM USO (ZERO QUILOMETRO), SEM MOTORISTA, COM QUILOMETRAGEM LIVRE, SEGURO TOTAL E SISTEMA DE RASTREAMENTO E MONITORAMENTO INCLUSO, REF: MARÇO DE 2026.
02 VIATURAS PICK-UP CABINE DUPLA CARACTERIZADA (ATA 006/2025 - KAELE LTDA).";;;0;1545;0,00;0,00;Liquidação;28.109,98;56.219,96;;28.109,98
[7826-20260193];1;7826;20260193;2100;9909;2026;7826.4;02/07/2026;4819323000162;KAELE LTDA;140.549,90;28.109,98;"VALOR LIQUIDADO REFERENTE A: PRESTAÇÃO DE SERVIÇOS DE LOCAÇÃO DE VEÍCULOS ADMINISTRATIVOS E OPERACIONAIS (ADAPTADOS) SEM USO (ZERO QUILOMETRO), SEM MOTORISTA, COM QUILOMETRAGEM LIVRE, SEGURO TOTAL E SISTEMA DE RASTREAMENTO E MONITORAMENTO INCLUSO, REF: ABRIL DE 2026.
02 VIATURAS PICK-UP CABINE DUPLA CARACTERIZADA (ATA 006/2025 - KAELE LTDA).";;;0;1545;0,00;0,00;Liquidação;28.109,98;56.219,96;;28.109,98
[7826-20260193];1;7826;20260193;2100;9909;2026;7826.5;02/07/2026;4819323000162;KAELE LTDA;140.549,90;20.613,99;"VALOR LIQUIDADO REFERENTE A: PRESTAÇÃO DE SERVIÇOS DE LOCAÇÃO DE VEÍCULOS ADMINISTRATIVOS E OPERACIONAIS (ADAPTADOS) SEM USO (ZERO QUILOMETRO), SEM MOTORISTA, COM QUILOMETRAGEM LIVRE, SEGURO TOTAL E SISTEMA DE RASTREAMENTO E MONITORAMENTO INCLUSO, REF: MAIO DE 2026.
02 VIATURAS PICK-UP CABINE DUPLA CARACTERIZADA (ATA 006/2025 - KAELE LTDA).";;;0;1545;0,00;0,00;Liquidação;20.613,99;56.219,96;;20.613,99
[7825-20260172];1;7825;20260172;2100;9909;2026;7825.3;02/07/2026;4819323000162;KAELE LTDA;196.649,70;39.329,94;"VALOR LIQUIDADO REFERENTE A: PRESTAÇÃO DE SERVIÇOS DE LOCAÇÃO DE VEÍCULOS, SEM MOTORISTA, COM QUILOMETRAGEM LIVRE, SEGURO TOTAL, SISTEMA DE RASTREAMENTO, SEM LAVAGEM E COMBUSTÍVEL, REF: MARÇO DE 2026.
03 PICK-UP PEQUENA PORTE MÉDIO.
VALOR UNITÁRIO R$ 13.109,98.";;;0;1545;0,00;0,00;Liquidação;39.329,94;78.659,88;;39.329,94
[7825-20260172];1;7825;20260172;2100;9909;2026;7825.4;02/07/2026;4819323000162;KAELE LTDA;196.649,70;39.329,94;"VALOR LIQUIDADO REFERENTE A: PRESTAÇÃO DE SERVIÇOS DE LOCAÇÃO DE VEÍCULOS, SEM MOTORISTA, COM QUILOMETRAGEM LIVRE, SEGURO TOTAL, SISTEMA DE RASTREAMENTO, SEM LAVAGEM E COMBUSTÍVEL, REF: ABRIL DE 2026.
03 PICK-UP PEQUENA PORTE MÉDIO.
VALOR UNITÁRIO R$ 13.109,98.";;;0;1545;0,00;0,00;Liquidação;39.329,94;78.659,88;;39.329,94
[7825-20260172];1;7825;20260172;2100;9909;2026;7825.5;02/07/2026;4819323000162;KAELE LTDA;196.649,70;28.841,96;"VALOR LIQUIDADO REFERENTE A: PRESTAÇÃO DE SERVIÇOS DE LOCAÇÃO DE VEÍCULOS, SEM MOTORISTA, COM QUILOMETRAGEM LIVRE, SEGURO TOTAL, SISTEMA DE RASTREAMENTO, SEM LAVAGEM E COMBUSTÍVEL, REF: MAIO DE 2026.
03 PICK-UP PEQUENA PORTE MÉDIO.
VALOR UNITÁRIO R$ 13.109,98.";;;0;1545;0,00;0,00;Liquidação;28.841,96;78.659,88;;28.841,96
[7822-20260144];1;7822;20260144;1900;1900;2026;7822.3;02/07/2026;4819323000162;KAELE LTDA;131.099,80;22.723,97;"VALOR LIQUIDADO REFERENTE A: PRESTAÇÃO DE SERVIÇOS DE LOCAÇÃO DE VEÍCULOS ADMINISTRATIVOS E OPERACIONAIS (ADAPTADOS) SEM USO (ZERO QUILOMETRO), SEM MOTORISTA, COM QUILOMETRAGEM LIVRE, SEGURO TOTAL E SISTEMA DE RASTREAMENTO E MONITORAMENTO INCLUSO, REF: MARÇO DE 2026.
02 PICK-UP PEQUENA PORTE MÉDIO (ATA 006/2025 - KAELE LTDA).
VALOR UNITÁRIO: R$ 13.109,98.";;;0;1545;0,00;0,00;Liquidação;22.723,97;52.439,92;;22.723,97
[7822-20260144];1;7822;20260144;1900;1900;2026;7822.4;02/07/2026;4819323000162;KAELE LTDA;131.099,80;13.109,98;"VALOR LIQUIDADO REFERENTE A: PRESTAÇÃO DE SERVIÇOS DE LOCAÇÃO DE VEÍCULOS ADMINISTRATIVOS E OPERACIONAIS (ADAPTADOS) SEM USO (ZERO QUILOMETRO), SEM MOTORISTA, COM QUILOMETRAGEM LIVRE, SEGURO TOTAL E SISTEMA DE RASTREAMENTO E MONITORAMENTO INCLUSO, REF: ABRIL DE 2026.
01 PICK-UP PEQUENA PORTE MÉDIO (ATA 006/2025 - KAELE LTDA).
VALOR UNITÁRIO: R$ 13.109,98.";;;0;1545;0,00;0,00;Liquidação;13.109,98;52.439,92;;13.109,98
[7822-20260144];1;7822;20260144;1900;1900;2026;7822.5;02/07/2026;4819323000162;KAELE LTDA;131.099,80;9.613,99;"VALOR LIQUIDADO REFERENTE A: PRESTAÇÃO DE SERVIÇOS DE LOCAÇÃO DE VEÍCULOS ADMINISTRATIVOS E OPERACIONAIS (ADAPTADOS) SEM USO (ZERO QUILOMETRO), SEM MOTORISTA, COM QUILOMETRAGEM LIVRE, SEGURO TOTAL E SISTEMA DE RASTREAMENTO E MONITORAMENTO INCLUSO, REF: MAIO DE 2026.
02 PICK-UP PEQUENA PORTE MÉDIO (ATA 006/2025 - KAELE LTDA).
VALOR UNITÁRIO: R$ 13.109,98.";;;0;1545;0,00;0,00;Liquidação;9.613,99;52.439,92;;9.613,99
[7810-20260124];1;7810;20260124;1700;9901;2026;7810.4;02/07/2026;4819323000162;KAELE LTDA;65.549,90;13.109,98;"VALOR LIQUIDADO REFERENTE A: PRESTAÇÃO DE SERVIÇOS DE LOCAÇÃO DE VEÍCULOS ADMINISTRATIVOS E OPERACIONAIS (ADAPTADOS) SEM USO (ZERO QUILOMETRO), SEM MOTORISTA, COM QUILOMETRAGEM LIVRE, SEGURO TOTAL E SISTEMA DE RASTREAMENTO E MONITORAMENTO INCLUSO, REF: MARÇO DE 2026.
01 PICK-UP PEQUENA PORTE MÉDIO (ATA 006/2025 - KAELE LTDA).
VALOR UNITÁRIO: R$ 13.109,98.";;;0;1545;0,00;0,00;Liquidação;13.109,98;26.219,96;;13.109,98
[7810-20260124];1;7810;20260124;1700;9901;2026;7810.5;02/07/2026;4819323000162;KAELE LTDA;65.549,90;13.109,98;"VALOR LIQUIDADO REFERENTE A: PRESTAÇÃO DE SERVIÇOS DE LOCAÇÃO DE VEÍCULOS ADMINISTRATIVOS E OPERACIONAIS (ADAPTADOS) SEM USO (ZERO QUILOMETRO), SEM MOTORISTA, COM QUILOMETRAGEM LIVRE, SEGURO TOTAL E SISTEMA DE RASTREAMENTO E MONITORAMENTO INCLUSO, REF: ABRIL DE 2026.
01 PICK-UP PEQUENA PORTE MÉDIO (ATA 006/2025 - KAELE LTDA).
VALOR UNITÁRIO: R$ 13.109,98.";;;0;1545;0,00;0,00;Liquidação;13.109,98;26.219,96;;13.109,98
[7810-20260124];1;7810;20260124;1700;9901;2026;7810.6;02/07/2026;4819323000162;KAELE LTDA;65.549,90;9.613,99;"VALOR LIQUIDADO REFERENTE A: PRESTAÇÃO DE SERVIÇOS DE LOCAÇÃO DE VEÍCULOS ADMINISTRATIVOS E OPERACIONAIS (ADAPTADOS) SEM USO (ZERO QUILOMETRO), SEM MOTORISTA, COM QUILOMETRAGEM LIVRE, SEGURO TOTAL E SISTEMA DE RASTREAMENTO E MONITORAMENTO INCLUSO, REF: MAIO DE 2026.
01 PICK-UP PEQUENA PORTE MÉDIO (ATA 006/2025 - KAELE LTDA).
VALOR UNITÁRIO: R$ 13.109,98.";;;0;1545;0,00;0,00;Liquidação;9.613,99;26.219,96;;9.613,99
[7809-20260062];1;7809;20260062;1401;9910;2026;7809.4;02/07/2026;4819323000162;KAELE LTDA;65.549,90;9.613,99;"VALOR LIQUIDADO REFERENTE A: PRESTAÇÃO DE SERVIÇOS DE LOCAÇÃO DE VEÍCULOS ADMINISTRATIVOS E OPERACIONAIS (ADAPTADOS) SEM USO (ZERO QUILOMETRO), SEM MOTORISTA, COM QUILOMETRAGEM LIVRE, SEGURO TOTAL E SISTEMA DE RASTREAMENTO E MONITORAMENTO INCLUSO, REF: MARÇO DE 2026.
01 PICK-UP PEQUENA PORTE MÉDIO (ATA 006/2025 - KAELE LTDA).
VALOR UNITÁRIO: R$ 13.109,98.";;;0;1545;0,00;0,00;Liquidação;9.613,99;26.219,96;;9.613,99
[7718-20260127];2;7718;20260127;1700;9901;2026;7718.1.1;02/07/2026;6015659000106;R/C CARTUCHOS, INFORMATICA E PAPELARIA LTDA;8.520,00;8.520,00;SEM DESCRIÇÃO;40650;;0;1545;0,00;0,00;Pagamento;8.520,00;8.520,00;8.520,00;8.520,00
[7014-20260848];2;7014;20260848;3700;3700;2026;7014.1.1;02/07/2026;49450180000100;PUJANÇA COMERCIO E SERVIÇOS LTDA;342,00;342,00;SEM DESCRIÇÃO;40382;;0;1545;0,00;0,00;Pagamento;342,00;342,00;342,00;342,00
[7009-20260848];2;7009;20260848;3700;3700;2026;7009.1.1;02/07/2026;49450180000100;PUJANÇA COMERCIO E SERVIÇOS LTDA;47,60;47,60;SEM DESCRIÇÃO;40382;;0;1545;0,00;0,00;Pagamento;47,60;47,60;47,60;47,60
[7000-20261025];1;7000;20261025;6100;6100;2026;7000.6;02/07/2026;38128880000159;PRIME SOLUTION SOLUÇÕES  EM IMPRESSÕES;73.512,56;5.915,46;LOCAÇÃO DE EQUIPAMENTOS REPROGRÁFICOS PARA FINS DE OUTSOURCING, REF. JUNHO DE 2026;40647;;0;1545;0,00;0,00;Liquidação;5.915,46;30.494,52;;5.915,46
[6970-20260377];2;6970;20260377;2700;2700;2026;6970.4.1;02/07/2026;31998216000111;31.998.216 RISOMAR DA SILVA SOUZA;47.308,50;4.730,85;LOCAÇÃO DE GRUPO DE GERADOR DE ENERGIA;40391;;0;1545;0,00;0,00;Pagamento;4.730,85;4.730,85;28.385,10;37.846,80
[6936-20260186];2;6936;20260186;2100;9909;2026;6936.5.1;02/07/2026;17194077000142;CMT ENGENHARIA LTDA;59.634,36;4.969,53;SEM DESCRIÇÃO;;;0;1545;0,00;0,00;Pagamento;4.969,53;4.969,53;24.847,65;24.847,65
[6597-20261040];2;6597;20261040;6100;6100;2026;6597.4.1;02/07/2026;14092519000151;MONTANA ASSESORIA EMPRESARIAL  LTDA;77.988,12;19.497,03;CONTRATAÇÃO DE EMPRESA ESPECIALIZADA NA PRESTAÇÃO DE SERVIÇOS CONTÍNUOS DE COPEIRAGEM, LIMPEZA E JARDINAGEM. REF. ABRIL DE 2026;40624;;0;1545;0,00;0,00;Pagamento;19.497,03;19.497,03;77.988,12;77.988,12
[6221-20260810];2;6221;20260810;3500;3500;2026;6221.2.1;02/07/2026;11504824000115;N DOS SANTOS LTDA;377.003,50;101.901,88;REGISTRO DE PREÇOS PARA A ESCOLHA DA PROPOSTA MAIS VANTAJOSA PARA FUTURA AQUISIÇÃO DE MATERIAIS ELÉTRICOS, PARA MANUTENÇÃO DA INFRAESTRUTURA DE ILUMINAÇÃO PÚBLICA DO MUNICÍPIO DE PALMAS - TO, DE INTERESSE DA SECRETARIA MUNICIPAL DE INFRAESTRUTURA E OBRAS PÚBLICAS, CONFORME CONDIÇÕES, QUANTIDADES E EXIGÊNCIAS ESTABELECIDAS NESTE EDITAL E SEUS ANEXOS;40587;;0;1545;0,00;0,00;Pagamento;101.901,88;101.901,88;262.373,68;262.373,68
[6216-20260810];2;6216;20260810;3500;3500;2026;6216.1.1;02/07/2026;37047387000141;FB  COMERCIO  LTDA,;2.320,00;2.320,00;REGISTRO DE PREÇOS PARA A ESCOLHA DA PROPOSTA MAIS VANTAJOSA PARA FUTURA AQUISIÇÃO DE MATERIAIS ELÉTRICOS, PARA MANUTENÇÃO DA INFRAESTRUTURA DE ILUMINAÇÃO PÚBLICA DO MUNICÍPIO DE PALMAS - TO, DE INTERESSE DA SECRETARIA MUNICIPAL DE INFRAESTRUTURA E OBRAS PÚBLICAS, CONFORME CONDIÇÕES, QUANTIDADES E EXIGÊNCIAS ESTABELECIDAS NESTE EDITAL E SEUS ANEXOS;40586;;0;1545;0,00;0,00;Pagamento;2.320,00;2.320,00;2.320,00;2.320,00
[5699-20261041];1;5699;20261041;6100;6100;2026;5699.5;02/07/2026;61600839005467;CENTRO INTEGRAÇÃO EMPRESA ESCOLA CIEE;10.137,00;202,74;VALOR LIQUIDADO REFERENTE A: EMPENHO REFERENTE A CONTRATAÇÃO DE EMPRESA PARA PRESTAR SERVIÇO ESPECIALIZADO EM AGENTE DE INTEGRAÇÃO DE ESTÁGIO, REF. JUNHO DE 2026;;;0;1545;0,00;0,00;Liquidação;202,74;2.230,14;;202,74
[4179-20260388];2;4179;20260388;2700;2700;2026;4179.1.2;02/07/2026;37154465000107;SUPRIR SERVICOS LTDA;513.500,00;100.000,00;"CONTRATAÇÃO DE EMPRESA ESPECIALIZADA EM SERVIÇOS GRÁFICOS COM DADOS VARIÁVEIS PARA
IMPRESSÃO E ENTREGA DE CARNÊS DE IMPOSTO PREDIAL E TERRITORIAL URBANO (IPTU), TAXA DE
LIXO,  NOTIFICAÇÕES  E  INFORMATIVOS,  INCLUINDO  FORNECIMENTO  DE  SOFTWARE  PRÓPRIO  PARA
RASTREAMENTO  EM  TEMPO  REAL  COM  COMPROVAÇÃO  FOTOGRÁFICA  E  GEORREFERENCIAMENTO";40484;;0;1545;0,00;0,00;Pagamento;100.000,00;100.000,00;300.000,00;445.883,90
[3462-20261628];1;3462;20261628;3700;3700;2026;3462.6;02/07/2026;9306308000134;RITA MARIA VIANA ALVES;386.100,00;35.049,30;FORNECIMENTO DE ALIMENTAÇÃO PRONTA ACONDICIONADA EM EMBALAGENS TIPO MARMITEX, NUP DO PROCESSO 00000.0.022482/2024. REFERENTE JUNHO/2026.;38815;;0;1545;0,00;0,00;Liquidação;35.049,30;172.822,65;;35.049,30
[29718-20252864];1;29718;20252864;1700;9901;2026;29718.1;02/07/2026;15311126000154;CLINICAO CLINICA VETERINARIA POPULAR LTDA;133.700,00;32.970,42;"DESTINADA REALIZAÇÃO DE SERVIÇOS DE CASTRAÇÃO E PROMOÇÃO DE ATENDIMENTO CLÍNICO E TRATAMENTO VETERINÁRIO EMERGENCIAL E ELETIVO EMENDA
PARLAMENTAR DE TRANSFERÊNCIA ESPECIAL
Nº 202541860008, DE AUTORIA DO SENADOR EDUARDO GOMES. ( HEMOGRAMA )";39981;;0;1545;0,00;0,00;Liquidação;32.970,42;0,00;;32.970,42
[29717-20252864];1;29717;20252864;1700;9901;2026;29717.1;02/07/2026;15311126000154;CLINICAO CLINICA VETERINARIA POPULAR LTDA;908.060,00;431.156,46;"DESTINADA REALIZAÇÃO DE SERVIÇOS DE CASTRAÇÃO E PROMOÇÃO DE ATENDIMENTO CLÍNICO E TRATAMENTO VETERINÁRIO EMERGENCIAL E ELETIVO EMENDA
PARLAMENTAR DE TRANSFERÊNCIA ESPECIAL
Nº 202541860008, DE AUTORIA DO SENADOR EDUARDO GOMES
REF. LIQUIDAÇÃO NF. 258/2026.";39981;;0;1545;0,00;0,00;Liquidação;431.156,46;0,00;;431.156,46
[2471-20260993];1;2471;20260993;5800;5800;2026;2471.6;02/07/2026;23350784100;CÉLIA REGINA REGIS;63.912,00;5.670,72;VALOR EMPENHADO REFERENTE A ALUGUEL DE IMÓVEL - CASA ABRIGO DA MULHER - REFERENTE A JANEIRO A DEZEMBRO/2026;;;0;1545;0,00;0,00;Liquidação;5.670,72;28.007,68;;5.670,72
[2469-20260854];1;2469;20260854;3700;3700;2026;2469.6;02/07/2026;57078889000147;AZECON EMPREENDIMENTOS IMOBILIARIOS LTDA;599.973,96;49.997,83;VALOR LIQUIDADO REFERENTE A: VALOR EMPENHADO REFERENTE A LOCAÇÃO DE IMÓVEL DA SEDE DA SECRETARIA MUNICIPAL DE ASSISTENCIA SOCIAL - SEMAS. - JANEIRO A DEZEMBRO/2026;;;0;1545;0,00;0,00;Liquidação;49.997,83;199.991,32;;49.997,83
[2468-20260875];1;2468;20260875;3700;3700;2026;2468.6;02/07/2026;8316384191;RAIMUNDO DIAS DE SOUSA;32.400,00;2.700,00;VALOR LIQUIDADO REFERENTE A: VALOR EMPENHADO REFERENTE A: DESPESA COM A LOCAÇÃO DE IMÓVEL CONSELHO TUTELAR REGIÃO CENTRAL - CONTRATO Nº 251/2024 REFERENTE A JAN/DEZ -2026;;;0;1545;0,00;0,00;Liquidação;2.700,00;13.500,00;;2.700,00
[2467-20260875];1;2467;20260875;3700;3700;2026;2467.6;02/07/2026;37135171934;REGES HENRIQUE PALLAORO.;109.335,84;9.111,32;VALOR EMPENHADO REFERENTE A ALUGUEL LOCAÇÃO DE IMOVEL CONSELHO TUT REG NORTE;;;0;1545;0,00;0,00;Liquidação;9.111,32;45.556,60;;9.111,32
[2466-20260875];1;2466;20260875;3700;3700;2026;2466.6;02/07/2026;57543461153;GILBERTO DE PAULA  FERREIRA;33.600,00;2.800,00;VALOR LIQUIDADO REFERENTE A: VALOR EMPENHADO REFERENTE A: VALOR EMPENHADO REFERENTE A  DESPESA COM A LOCAÇÃO DE IMÓVEL CONSELHO TUTELAR REGIÃO SUL I - CONTRATO Nº 012/2020 REFERENTE AOS MESES DE JANEIRO A DEZEMBRO/2026;;;0;1545;0,00;0,00;Liquidação;2.800,00;14.000,00;;2.800,00
[2446-20260075];2;2446;20260075;1401;9910;2026;2446.1.1;02/07/2026;49450180000100;PUJANÇA COMERCIO E SERVIÇOS LTDA;44.370,00;5.324,40;SEM DESCRIÇÃO;40306;;0;1545;0,00;0,00;Pagamento;5.324,40;5.324,40;9.761,40;9.761,40
[2446-20260075];2;2446;20260075;1401;9910;2026;2446.2.1;02/07/2026;49450180000100;PUJANÇA COMERCIO E SERVIÇOS LTDA;44.370,00;4.437,00;SEM DESCRIÇÃO;40306;;0;1545;0,00;0,00;Pagamento;4.437,00;4.437,00;9.761,40;9.761,40
[20923-20261933];0;20923;20261933;1202;9912;2026;20923;02/07/2026;66691895000166;MURILO RODRIGUES DOS SANTOS;10.379,00;0,00;AQUISIÇÃO DE ÁGUA MINERAL;41499;;0;1545;0,00;0,00;Empenho;10.379,00;0,00;0,00;0,00
[20922-20261995];0;20922;20261995;1202;9912;2026;20922;02/07/2026;29979036006424;INSS-INST.NACIONAL DO SEG. SOCIAL;15.649,20;0,00;PAGAMENTO DE OBRIGAÇÕES PATRONAIS JARI, PERÍODO JULHO A DEZEMBRO DE 2026.;;;0;1545;0,00;0,00;Empenho;15.649,20;0,00;0,00;0,00
[20921-20261994];0;20921;20261994;1202;9912;2026;20921;02/07/2026;2249794189;JEICIANE CARVALHO VIRGINIO;8.694,00;0,00;PAGAMENTO DE JETON AOS MEMBROS DA SOCIEDADE CIVIL, QUE NÃO SÃO SERVIDORES PÚBLICOS MUNICIPAIS, INTEGRANTES DA 1ª E DA 2ª JUNTA ADMINISTRATIVA DE RECURSOS DE INFRAÇÕES JARI, MESES JULHO A DEZEMBRO/2026.;;;0;1545;0,00;0,00;Empenho;8.694,00;0,00;0,00;0,00
[20920-20261994];0;20920;20261994;1202;9912;2026;20920;02/07/2026;87052326191;SIMONE MATIAS GONDIM SILVA;8.694,00;0,00;PAGAMENTO DE JETON AOS MEMBROS DA SOCIEDADE CIVIL, QUE NÃO SÃO SERVIDORES PÚBLICOS MUNICIPAIS, INTEGRANTES DA 1ª E DA 2ª JUNTA ADMINISTRATIVA DE RECURSOS DE INFRAÇÕES JARI, MESES JULHO A DEZEMBRO/2026.;;;0;1545;0,00;0,00;Empenho;8.694,00;0,00;0,00;0,00
[20919-20260555];1;20919;20260555;3200;3200;2026;20919.1;02/07/2026;9384382000179;GLOBAL PRODUÇÕES E EMPREENDIMENTOS LTDA-ME;96.862,33;15.449,98;"VALOR LIQUIDADO REFERENTE A: PRESTAÇÃO DE SERVIÇOS CONTINUADOS COM DEDICAÇÃO EXCLUSIVA DE MÃO DE OBRA DE SERVIÇOS DE LIMPEZA, COPEIRAGEM E RECEPÇÃO. REFERENTE AO MÊS DE ABRIL DE 2026. - GESTÃO
PROCESSO NUP: 021155/2024.";;;0;1545;0,00;0,00;Liquidação;15.449,98;0,00;;15.449,98
[20919-20260555];1;20919;20260555;3200;3200;2026;20919.2;02/07/2026;9384382000179;GLOBAL PRODUÇÕES E EMPREENDIMENTOS LTDA-ME;96.862,33;81.412,35;"VALOR LIQUIDADO REFERENTE A: PRESTAÇÃO DE SERVIÇOS CONTINUADOS COM DEDICAÇÃO EXCLUSIVA DE MÃO DE OBRA DE SERVIÇOS DE LIMPEZA, COPEIRAGEM E RECEPÇÃO. REFERENTE AO MÊS DE ABRIL DE 2026. - GESTÃO
PROCESSO NUP: 021155/2024.";;;0;1545;0,00;0,00;Liquidação;81.412,35;0,00;;81.412,35
[20919-20260555];0;20919;20260555;3200;3200;2026;20919;02/07/2026;9384382000179;GLOBAL PRODUÇÕES E EMPREENDIMENTOS LTDA-ME;96.862,33;0,00;"VALOR EMPENHADO REFERENTE A: PRESTAÇÃO DE SERVIÇOS CONTINUADOS COM DEDICAÇÃO EXCLUSIVA DE MÃO DE OBRA DE SERVIÇOS DE LIMPEZA, COPEIRAGEM E RECEPÇÃO. REFERENTE AO MÊS DE ABRIL DE 2026. - GESTÃO
PROCESSO NUP: 021155/2024.";;;0;1545;0,00;0,00;Empenho;96.862,33;0,00;0,00;0,00
[20918-20261994];0;20918;20261994;1202;9912;2026;20918;02/07/2026;72889756149;RANIERE BRITO DA LUZ GOMES;8.694,00;0,00;PAGAMENTO DE JETON AOS MEMBROS DA SOCIEDADE CIVIL, QUE NÃO SÃO SERVIDORES PÚBLICOS MUNICIPAIS, INTEGRANTES DA 1ª E DA 2ª JUNTA ADMINISTRATIVA DE RECURSOS DE INFRAÇÕES JARI, MESES JULHO A DEZEMBRO/2026.;;;0;1545;0,00;0,00;Empenho;8.694,00;0,00;0,00;0,00
[20917-20262628];0;20917;20262628;2900;2900;2026;20917;02/07/2026;191;BANCO DO BRASIL SA;42.768,26;0,00;"CONTRATAÇÃO DE SOLUÇÃO DE MOBILIDADE URBANA CORPORATIVA, POR MEIO DA PLATAFORMA SPID - SOLUÇÃO DE MOBILIDADE URBANA DE TRANSPORTE CORPORATIVO,  OPERACIONALIZADA  PELO  BANCO  DO  BRASIL,  DESTINADA  À  GESTÃO,  INTERMEDIAÇÃO  E  CONTROLE  DOS  DESLOCAMENTOS  INSTITUCIONAIS  DE SERVIDORES PÚBLICOS EM SERVIÇO, CONTEMPLANDO FUNCIONALIDADES DE 
SOLICITAÇÃO  DE  VIAGENS,  MONITORAMENTO  EM  TEMPO  REAL,  FATURAMENTO CENTRALIZADO, PARAMETRIZAÇÃO POR PERFIL DE USUÁRIO, RASTREABILIDADE DAS OPERAÇÕES E GERAÇÃO DE RELATÓRIOS GERENCIAIS, PARA ATENDER OS ÓRGÃOS E ENTIDADES DO MUNICÍPIO DE PALMAS - TO.";;;0;1545;0,00;0,00;Empenho;42.768,26;0,00;0,00;0,00
[20916-20261994];0;20916;20261994;1202;9912;2026;20916;02/07/2026;3226196103;MORGANA DOS SANTOS ALVES;8.694,00;0,00;PAGAMENTO DE JETON AOS MEMBROS DA SOCIEDADE CIVIL, QUE NÃO SÃO SERVIDORES PÚBLICOS MUNICIPAIS, INTEGRANTES DA 1ª E DA 2ª JUNTA ADMINISTRATIVA DE RECURSOS DE INFRAÇÕES JARI, MESES JULHO A DEZEMBRO/2026.;;;0;1545;0,00;0,00;Empenho;8.694,00;0,00;0,00;0,00
[20915-20261994];0;20915;20261994;1202;9912;2026;20915;02/07/2026;4709561354;AMANDA NAYARA DOS SANTOS COSTA;8.694,00;0,00;PAGAMENTO DE JETON AOS MEMBROS DA SOCIEDADE CIVIL, QUE NÃO SÃO SERVIDORES PÚBLICOS MUNICIPAIS, INTEGRANTES DA 1ª E DA 2ª JUNTA ADMINISTRATIVA DE RECURSOS DE INFRAÇÕES JARI, MESES JULHO A DEZEMBRO/2026.;;;0;1545;0,00;0,00;Empenho;8.694,00;0,00;0,00;0,00
[20914-20261994];0;20914;20261994;1202;9912;2026;20914;02/07/2026;996841105;MARCOS FERNANDES DA SILVA;8.694,00;0,00;PAGAMENTO DE JETON AOS MEMBROS DA SOCIEDADE CIVIL, QUE NÃO SÃO SERVIDORES PÚBLICOS MUNICIPAIS, INTEGRANTES DA 1ª E DA 2ª JUNTA ADMINISTRATIVA DE RECURSOS DE INFRAÇÕES JARI, MESES JULHO A DEZEMBRO/2026.;;;0;1545;0,00;0,00;Empenho;8.694,00;0,00;0,00;0,00
[20913-20261994];0;20913;20261994;1202;9912;2026;20913;02/07/2026;7311991110;CARLOS EDUARDO ALVES MONTEIRO;8.694,00;0,00;PAGAMENTO DE JETON AOS MEMBROS DA SOCIEDADE CIVIL, QUE NÃO SÃO SERVIDORES PÚBLICOS MUNICIPAIS, INTEGRANTES DA 1ª E DA 2ª JUNTA ADMINISTRATIVA DE RECURSOS DE INFRAÇÕES JARI, MESES JULHO A DEZEMBRO/2026.;;;0;1545;0,00;0,00;Empenho;8.694,00;0,00;0,00;0,00
[20912-20261994];0;20912;20261994;1202;9912;2026;20912;02/07/2026;7541273112;IAGO DA SILVA MATOS;8.694,00;0,00;PAGAMENTO DE JETON AOS MEMBROS DA SOCIEDADE CIVIL, QUE NÃO SÃO SERVIDORES PÚBLICOS MUNICIPAIS, INTEGRANTES DA 1ª E DA 2ª JUNTA ADMINISTRATIVA DE RECURSOS DE INFRAÇÕES JARI, MESES JULHO A DEZEMBRO/2026.;;;0;1545;0,00;0,00;Empenho;8.694,00;0,00;0,00;0,00
[20911-20261994];0;20911;20261994;1202;9912;2026;20911;02/07/2026;58673652120;JOSE ANTONIO DE CARVALHO;8.694,00;0,00;PAGAMENTO DE JETON AOS MEMBROS DA SOCIEDADE CIVIL, QUE NÃO SÃO SERVIDORES PÚBLICOS MUNICIPAIS, INTEGRANTES DA 1ª E DA 2ª JUNTA ADMINISTRATIVA DE RECURSOS DE INFRAÇÕES JARI, MESES JULHO A DEZEMBRO/2026.;;;0;1545;0,00;0,00;Empenho;8.694,00;0,00;0,00;0,00
[20910-20261994];0;20910;20261994;1202;9912;2026;20910;02/07/2026;58673652120;JOSE ANTONIO DE CARVALHO;8.694,00;0,00;PAGAMENTO DE JETON AOS MEMBROS DA SOCIEDADE CIVIL, QUE NÃO SÃO SERVIDORES PÚBLICOS MUNICIPAIS, INTEGRANTES DA 1ª E DA 2ª JUNTA ADMINISTRATIVA DE RECURSOS DE INFRAÇÕES ? JARI, MESES JULHO A DEZEMBRO/2026.;;;0;1545;0,00;0,00;Empenho;8.694,00;0,00;0,00;0,00
[20909-20261037];0;20909;20261037;6100;6100;2026;20909;02/07/2026;22460102000122;K G FERRAZ EIRELI;1.665,12;0,00;CONTRATAÇÃO DE EMPRESA PARA O FORNECIMENTO CONTINUADO E SOB DEMANDA DE RECARGA DE GÁS LIQUEFEITO DE PETRÓLEO (GLP) 13 KG.;41430;;0;1545;0,00;0,00;Empenho;1.665,12;0,00;0,00;0,00
[20908-20262438];0;20908;20262438;1202;9912;2026;20908;02/07/2026;82646332000102;PERKONS S.A.;383.076,24;0,00;PRESTAÇÃO DE SERVIÇOS CONTÍNUOS DE CONTROLE DE TRÁFEGO, MONITORAMENTO E FISCALIZAÇÃO DE TRÂNSITO, REFERENTE AO MÊS MARÇO DE 2026.;;;0;1545;0,00;0,00;Empenho;383.076,24;0,00;0,00;0,00
[20907-20261048];2;20907;20261048;6109;6109;2026;20907.1.1;02/07/2026;30177348000110;FUNDO DE PREVIDÊNCIA SOCIAL DO MUNICÍPIO DE PALMAS - FPP;6.356,67;6.356,67;Liquidação Automática dos servidores da Folha Complementar 1, competência Junho/2026, Entidade: FUNDO DE PREVIDENCIA SOCIAL DO MUNICÍPIO DE PALMAS.;;;0;1545;0,00;0,00;Pagamento;6.356,67;6.356,67;6.356,67;6.356,67
[20907-20261048];1;20907;20261048;6109;6109;2026;20907.1;02/07/2026;30177348000110;FUNDO DE PREVIDÊNCIA SOCIAL DO MUNICÍPIO DE PALMAS - FPP;6.356,67;6.356,67;Liquidação Automática dos servidores da Folha Complementar 1, competência Junho/2026, Entidade: FUNDO DE PREVIDENCIA SOCIAL DO MUNICÍPIO DE PALMAS.;;;0;1545;0,00;0,00;Liquidação;6.356,67;0,00;;6.356,67
[20907-20261048];0;20907;20261048;6109;6109;2026;20907;02/07/2026;30177348000110;FUNDO DE PREVIDÊNCIA SOCIAL DO MUNICÍPIO DE PALMAS - FPP;6.356,67;0,00;Empenho Automático dos proventos/subsídios dos servidores da Folha Complementar 1, competência Junho/2026, Entidade: FUNDO DE PREVIDENCIA SOCIAL DO MUNICÍPIO DE PALMAS.;;;0;1545;0,00;0,00;Empenho;6.356,67;0,00;0,00;0,00
[20906-20261054];2;20906;20261054;6110;6110;2026;20906.1.1;02/07/2026;30177354000177;FUNDO DE PREVIDÊNCIA CAPITALIZADA - FPC;14.832,23;14.832,23;Liquidação Automática dos servidores da Folha Complementar 1, competência Junho/2026, Entidade: FUNDO PREVIDENCIARIO CAPITALIZADO.;;;0;1545;0,00;0,00;Pagamento;14.832,23;14.832,23;14.832,23;14.832,23
[20906-20261054];1;20906;20261054;6110;6110;2026;20906.1;02/07/2026;30177354000177;FUNDO DE PREVIDÊNCIA CAPITALIZADA - FPC;14.832,23;14.832,23;Liquidação Automática dos servidores da Folha Complementar 1, competência Junho/2026, Entidade: FUNDO PREVIDENCIARIO CAPITALIZADO.;;;0;1545;0,00;0,00;Liquidação;14.832,23;0,00;;14.832,23
[20906-20261054];0;20906;20261054;6110;6110;2026;20906;02/07/2026;30177354000177;FUNDO DE PREVIDÊNCIA CAPITALIZADA - FPC;14.832,23;0,00;Empenho Automático dos proventos/subsídios dos servidores da Folha Complementar 1, competência Junho/2026, Entidade: FUNDO PREVIDENCIARIO CAPITALIZADO.;;;0;1545;0,00;0,00;Empenho;14.832,23;0,00;0,00;0,00
[20905-20260412];0;20905;20260412;2900;2900;2026;20905;02/07/2026;5302688000188;S. DE PAULA & CIA. LTDA. - EPP;458.422,29;0,00;EMPENHO PARA SUPRIR DESPESA COM LOCAÇÃO DE IMÓVEL PARA SECRETARIA MUNICIPAL DA EDUCAÇÃO DE PALMAS/TO, LOCALIZADO A QUADRA 202 SUL, AVENIDA TEOTÔNIO SEGURADO, CONJUNTO 01, LOTE 07, PLANO DIRETOR SUL, EM PALMAS/TO, COM UMA ÁREA PREDIAL TOTAL DE 6.018,41 M², REFERENTE AO EXERCÍCIO DE 2026.;;;0;1545;0,00;0,00;Empenho;458.422,29;0,00;0,00;0,00
[20904-20261912];1;20904;20261912;3200;3200;2026;20904.1;02/07/2026;9384382000179;GLOBAL PRODUÇÕES E EMPREENDIMENTOS LTDA-ME;74.208,78;27.257,27;"VALOR LIQUIDADO REFERENTE A: PRESTAÇÃO DE SERVIÇOS CONTINUADOS COM DEDICAÇÃO EXCLUSIVA DE MÃO DE OBRA DE SERVIÇOS DE LIMPEZA, COPEIRAGEM E RECEPÇÃO. REFERENTE AO MÊS DE ABRIL DE 2026. - VISA 
PROCESSO NUP: 021155/2024.";;;0;1545;0,00;0,00;Liquidação;27.257,27;0,00;;27.257,27
[20904-20261912];1;20904;20261912;3200;3200;2026;20904.2;02/07/2026;9384382000179;GLOBAL PRODUÇÕES E EMPREENDIMENTOS LTDA-ME;74.208,78;40.706,18;"VALOR LIQUIDADO REFERENTE A: PRESTAÇÃO DE SERVIÇOS CONTINUADOS COM DEDICAÇÃO EXCLUSIVA DE MÃO DE OBRA DE SERVIÇOS DE LIMPEZA, COPEIRAGEM E RECEPÇÃO. REFERENTE AO MÊS DE ABRIL DE 2026. - VISA 
PROCESSO NUP: 021155/2024.";;;0;1545;0,00;0,00;Liquidação;40.706,18;0,00;;40.706,18
[20904-20261912];1;20904;20261912;3200;3200;2026;20904.3;02/07/2026;9384382000179;GLOBAL PRODUÇÕES E EMPREENDIMENTOS LTDA-ME;74.208,78;40.706,18;"VALOR LIQUIDADO REFERENTE A: PRESTAÇÃO DE SERVIÇOS CONTINUADOS COM DEDICAÇÃO EXCLUSIVA DE MÃO DE OBRA DE SERVIÇOS DE LIMPEZA, COPEIRAGEM E RECEPÇÃO. REFERENTE AO MÊS DE ABRIL DE 2026. - VISA 
PROCESSO NUP: 021155/2024.";;;0;1545;0,00;0,00;Liquidação;40.706,18;0,00;;40.706,18
[20904-20261912];0;20904;20261912;3200;3200;2026;20904;02/07/2026;9384382000179;GLOBAL PRODUÇÕES E EMPREENDIMENTOS LTDA-ME;74.208,78;0,00;"VALOR EMPENHADO REFERENTE A: PRESTAÇÃO DE SERVIÇOS CONTINUADOS COM DEDICAÇÃO EXCLUSIVA DE MÃO DE OBRA DE SERVIÇOS DE LIMPEZA, COPEIRAGEM E RECEPÇÃO. REFERENTE AO MÊS DE ABRIL DE 2026. - VISA 
PROCESSO NUP: 021155/2024.";;;0;1545;0,00;0,00;Empenho;74.208,78;0,00;0,00;0,00
[20903-20261787];1;20903;20261787;1700;9901;2026;20903.1;02/07/2026;7741736450;SEVERINO JOSÉ DE PAULO NETO;3.281,98;3.281,98;"VALOR LIQUIDADO REFERENTE A:  CONCESSÃO DE DIÁRIAS - PARTICIPAÇÃO NO CURSO DE CAPACITAÇÃO E MANEJO E RESGATE DE
ANIMAIS SILVESTRE PARA O MANEJO RESPONSÁVEL DESSAS ESPÉCIES, QUE SERÁ REALIZADO EM BELO HORIZONTE - MG, NO PERÍODO DE
04/09 A 08/09/2026.";;;0;1545;0,00;0,00;Liquidação;3.281,98;0,00;;3.281,98
[20903-20261787];0;20903;20261787;1700;9901;2026;20903;02/07/2026;7741736450;SEVERINO JOSÉ DE PAULO NETO;3.281,98;0,00;"VALOR EMPENHADO REFERENTE A:  CONCESSÃO DE DIÁRIAS - PARTICIPAÇÃO NO CURSO DE CAPACITAÇÃO E MANEJO E RESGATE DE
ANIMAIS SILVESTRE PARA O MANEJO RESPONSÁVEL DESSAS ESPÉCIES, QUE SERÁ REALIZADO EM BELO HORIZONTE - MG, NO PERÍODO DE
04/09 A 08/09/2026.";;;0;1545;0,00;0,00;Empenho;3.281,98;0,00;0,00;0,00
[20902-20260412];1;20902;20260412;2900;2900;2026;20902.1;02/07/2026;2485653000133;PALMAS CHAVES SERVIÇO LTDA;7.000,50;1.406,00;LIQUIDAÇÃO DA NOTA FISCAL 2026000000067, CORRESPONDENTE AO PERÍODO DE 03/02/2026 A 08/05/2026, REFERENTE A CONTRATAÇÃO DE EMPRESA ESPECIALIZADA NA PRESTAÇÃO DE SERVIÇOS DE CHAVEIRO, COM FORNECIMENTO DE MATERIAIS, DESTINADOS A ATENDER AS NECESSIDADES DOS EQUIPAMENTOS DA SECRETARIA MUNICIPAL DA EDUCAÇÃO DE PALMAS/TO;41547;;0;1545;0,00;0,00;Liquidação;1.406,00;0,00;;1.406,00
[20902-20260412];0;20902;20260412;2900;2900;2026;20902;02/07/2026;2485653000133;PALMAS CHAVES SERVIÇO LTDA;7.000,50;0,00;EMPENHO PARA SUPRIR DESPESA REFERENTE A CONTRATAÇÃO DE EMPRESA ESPECIALIZADA NA PRESTAÇÃO DE SERVIÇOS DE CHAVEIRO, COM FORNECIMENTO DE MATERIAIS, DESTINADOS A ATENDER AS NECESSIDADES DOS EQUIPAMENTOS DA SECRETARIA MUNICIPAL DA EDUCAÇÃO DE PALMAS/TO.;41547;;0;1545;0,00;0,00;Empenho;7.000,50;0,00;0,00;0,00
[20901-20260835];1;20901;20260835;3500;3500;2026;20901.1;02/07/2026;4819323000162;KAELE LTDA;907,80;907,80;"LIQUIDAÇÃO REFERENTE A PRESTAÇÃO DE SERVIÇOS DE LOCAÇÃO DE VEÍCULOS ADMINISTRATIVOS E OPERACIONAIS (ADAPTADOS) SEM USO (ZERO QUILOMETRO), SEM MOTORISTA, COM QUILOMETRAGEM LIVRE, SEGURO TOTAL E SISTEMA DE RASTREAMENTO E MONITORAMENTO INCLUSO, REF: MAIO DE 2026.
04 HATCH (ATA 008/2024 - KAELE LTDA).
VALOR UNITÁRIO R$ 2.823,00";;;0;1545;0,00;0,00;Liquidação;907,80;0,00;;907,80
[20901-20260835];0;20901;20260835;3500;3500;2026;20901;02/07/2026;4819323000162;KAELE LTDA;907,80;0,00;"EMPENHO REFERENTE A PRESTAÇÃO DE SERVIÇOS DE LOCAÇÃO DE VEÍCULOS ADMINISTRATIVOS E OPERACIONAIS (ADAPTADOS) SEM USO (ZERO QUILOMETRO), SEM MOTORISTA, COM QUILOMETRAGEM LIVRE, SEGURO TOTAL E SISTEMA DE RASTREAMENTO E MONITORAMENTO INCLUSO, REF: MAIO DE 2026.
04 HATCH (ATA 008/2024 - KAELE LTDA).
VALOR UNITÁRIO R$ 2.823,00";;;0;1545;0,00;0,00;Empenho;907,80;0,00;0,00;0,00
[20900-20262626];0;20900;20262626;3200;3200;2026;20900;02/07/2026;191;BANCO DO BRASIL SA;227.653,88;0,00;"VALOR EMPENHADO REFERENTE A: CONTRATAÇÃO DE SOLUÇÃO DE MOBILIDADE URBANA CORPORATIVA, POR MEIO DE UMA SOLUÇÃO TECNOLÓGICA INTEGRADA DE
TRANSPORTE POR APLICATIVO, DESTINADA À GESTÃO, INTERMEDIAÇÃO E CONTROLE DOS DESLOCAMENTOS DE SERVIDORES PÚBLICOS
EM SERVIÇO, CONTEMPLANDO FUNCIONALIDADES DE SOLICITAÇÃO DE VIAGENS, MONITORAMENTO EM TEMPO REAL, FATURAMENTO
CENTRALIZADO, PARAMETRIZAÇÃO POR PERFIL DE USUÁRIO E GERAÇÃO DE RELATÓRIOS GERENCIAIS, PARA ATENDER OS ÓRGÃOS E
ENTIDADES DO MUNICÍPIO DE PALMAS - TO. ( ESTIMADO PARA 6 MESES ).";;;0;1545;0,00;0,00;Empenho;227.653,88;0,00;0,00;0,00
[20899-20261294];1;20899;20261294;9400;9400;2026;20899.1;02/07/2026;28245936000100;LOCALEVE SERVIÇOS DE LOCAÇÃO LTDA;22.000,00;22.000,00;"LIQUIDAÇÃO REFERENTE A PRESTAÇÃO DE SERVIÇOS DE LOCAÇÃO DE VEÍCULOS ADMINISTRATIVOS E OPERACIONAIS (ADAPTADOS) SEM USO (ZERO QUILOMETRO), SEM MOTORISTA, COM QUILOMETRAGEM LIVRE, SEGURO TOTAL E SISTEMA DE RASTREAMENTO E MONITORAMENTO INCLUSO - CONTRATO N° 009/2025 (LOCALEVE SERVIÇOS DE LOCAÇÃO LTDA).
REF: MAIO DE 2026.";;;0;1545;0,00;0,00;Liquidação;22.000,00;0,00;;22.000,00
[20899-20261294];0;20899;20261294;9400;9400;2026;20899;02/07/2026;28245936000100;LOCALEVE SERVIÇOS DE LOCAÇÃO LTDA;22.000,00;0,00;"EMPENHO REFERENTE A PRESTAÇÃO DE SERVIÇOS DE LOCAÇÃO DE VEÍCULOS ADMINISTRATIVOS E OPERACIONAIS (ADAPTADOS) SEM USO (ZERO QUILOMETRO), SEM MOTORISTA, COM QUILOMETRAGEM LIVRE, SEGURO TOTAL E SISTEMA DE RASTREAMENTO E MONITORAMENTO INCLUSO - CONTRATO N° 009/2025 (LOCALEVE SERVIÇOS DE LOCAÇÃO LTDA).
REF: MAIO DE 2026.";;;0;1545;0,00;0,00;Empenho;22.000,00;0,00;0,00;0,00
[20898-20260271];1;20898;20260271;2500;2500;2026;20898.1;02/07/2026;28245936000100;LOCALEVE SERVIÇOS DE LOCAÇÃO LTDA;22.000,00;22.000,00;"LIQUIDAÇÃO REFERENTE A PRESTAÇÃO DE SERVIÇOS DE LOCAÇÃO DE VEÍCULOS ADMINISTRATIVOS E OPERACIONAIS (ADAPTADOS) SEM USO (ZERO QUILOMETRO), SEM MOTORISTA, COM QUILOMETRAGEM LIVRE, SEGURO TOTAL E SISTEMA DE RASTREAMENTO E MONITORAMENTO INCLUSO - CONTRATO N° 009/2025 (LOCALEVE SERVIÇOS DE LOCAÇÃO LTDA).
REF: MAIO DE 2026.";;;0;1545;0,00;0,00;Liquidação;22.000,00;0,00;;22.000,00
[20898-20260271];0;20898;20260271;2500;2500;2026;20898;02/07/2026;28245936000100;LOCALEVE SERVIÇOS DE LOCAÇÃO LTDA;22.000,00;0,00;"EMPENHO REFERENTE A PRESTAÇÃO DE SERVIÇOS DE LOCAÇÃO DE VEÍCULOS ADMINISTRATIVOS E OPERACIONAIS (ADAPTADOS) SEM USO (ZERO QUILOMETRO), SEM MOTORISTA, COM QUILOMETRAGEM LIVRE, SEGURO TOTAL E SISTEMA DE RASTREAMENTO E MONITORAMENTO INCLUSO - CONTRATO N° 009/2025 (LOCALEVE SERVIÇOS DE LOCAÇÃO LTDA).
REF: MAIO DE 2026.";;;0;1545;0,00;0,00;Empenho;22.000,00;0,00;0,00;0,00
[20897-20260193];1;20897;20260193;2100;9909;2026;20897.1;02/07/2026;4819323000162;KAELE LTDA;365.213,33;218.400,00;"LIQUIDAÇÃO REFERENTE A PRESTAÇÃO DE SERVIÇOS DE LOCAÇÃO DE VEÍCULOS ADMINISTRATIVOS E OPERACIONAIS (ADAPTADOS) SEM USO (ZERO QUILOMETRO), SEM MOTORISTA, COM QUILOMETRAGEM LIVRE, SEGURO TOTAL E SISTEMA DE RASTREAMENTO E MONITORAMENTO INCLUSO, REF: ABRIL DE 2026.
12 PICK-UP VIATURA CARACTERIZADA (ATA 007/2025 - KAELE LTDA).
VALOR UNITÁRIO R$ 18.200,00.";;;0;1545;0,00;0,00;Liquidação;218.400,00;0,00;;218.400,00
[20897-20260193];1;20897;20260193;2100;9909;2026;20897.2;02/07/2026;4819323000162;KAELE LTDA;365.213,33;146.813,33;"LIQUIDAÇÃO REFERENTE A PRESTAÇÃO DE SERVIÇOS DE LOCAÇÃO DE VEÍCULOS ADMINISTRATIVOS E OPERACIONAIS (ADAPTADOS) SEM USO (ZERO QUILOMETRO), SEM MOTORISTA, COM QUILOMETRAGEM LIVRE, SEGURO TOTAL E SISTEMA DE RASTREAMENTO E MONITORAMENTO INCLUSO, REF: ABRIL A MAIO DE 2026.
12 PICK-UP VIATURA CARACTERIZADA (ATA 007/2025 - KAELE LTDA).
VALOR UNITÁRIO R$ 18.200,00.";;;0;1545;0,00;0,00;Liquidação;146.813,33;0,00;;146.813,33
[20897-20260193];0;20897;20260193;2100;9909;2026;20897;02/07/2026;4819323000162;KAELE LTDA;365.213,33;0,00;"EMPENHO REFERENTE A PRESTAÇÃO DE SERVIÇOS DE LOCAÇÃO DE VEÍCULOS ADMINISTRATIVOS E OPERACIONAIS (ADAPTADOS) SEM USO (ZERO QUILOMETRO), SEM MOTORISTA, COM QUILOMETRAGEM LIVRE, SEGURO TOTAL E SISTEMA DE RASTREAMENTO E MONITORAMENTO INCLUSO, REF: ABRIL A MAIO DE 2026.
12 PICK-UP VIATURA CARACTERIZADA (ATA 007/2025 - KAELE LTDA).
VALOR UNITÁRIO R$ 18.200,00.";;;0;1545;0,00;0,00;Empenho;365.213,33;0,00;0,00;0,00
[20896-20261808];0;20896;20261808;3300;3300;2026;20896;02/07/2026;31719782000147;NUNES LOCACOES LTDA;57.500,00;0,00;CONTRATAÇÃO DE EMPRESA ESPECIALIZADA PARA A PRESTAÇÃO DE SERVIÇOS DE LOCAÇÃO DE VEÍCULOS AUTOMOTORES, SEM MOTORISTA E SEM FORNECIMENTO DE COMBUSTÍVEL, COM MANUTENÇÃO CORRETIVA E PREVENTIVA INCLUSA, SEGURO TOTAL, E SUBSTITUIÇÃO DE VEÍCULOS EM CASO DE NECESSIDADE, PARA ATENDER AS DEMANDAS OPERACIONAIS RELACIONADAS AO CONVÊNIO Nº 827714/2016, CELEBRADO COM O MINISTÉRIO DO DESENVOLVIMENTO AGRÁRIO ? MDA . RECURSOS DO CONVÊNIO.;41338;;0;1545;0,00;0,00;Empenho;57.500,00;0,00;0,00;0,00
[20895-20262244];0;20895;20262244;3300;3300;2026;20895;02/07/2026;31719782000147;NUNES LOCACOES LTDA;80.500,00;0,00;CONTRATAÇÃO DE EMPRESA ESPECIALIZADA PARA A PRESTAÇÃO DE SERVIÇOS DE LOCAÇÃO DE VEÍCULOS AUTOMOTORES, SEM MOTORISTA E SEM FORNECIMENTO DE COMBUSTÍVEL, COM MANUTENÇÃO CORRETIVA E PREVENTIVA INCLUSA, SEGURO TOTAL, E SUBSTITUIÇÃO DE VEÍCULOS EM CASO DE NECESSIDADE, PARA ATENDER AS DEMANDAS OPERACIONAIS RELACIONADAS AO CONVÊNIO Nº 827714/2016, CELEBRADO COM O MINISTÉRIO DO DESENVOLVIMENTO AGRÁRIO ? MDA. RECURSOS CONTRAPARTIDA.;41338;;0;1545;0,00;0,00;Empenho;80.500,00;0,00;0,00;0,00
[20894-20261400];0;20894;20261400;5800;5800;2026;20894;02/07/2026;6149812000260;DIGITAL COMUNICAÇÃO LTDA;13.479,18;0,00;VALOR EMPENHADO REFERENTE AS AÇÕES DE PUBLICIDADE INSTITUCIONAL.;;;0;1545;0,00;0,00;Empenho;13.479,18;0,00;0,00;0,00
[20893-20260555];0;20893;20260555;3200;3200;2026;20893;02/07/2026;17560470000102;NEOGLARE INSTALACOES E MANUTENCAO;26.162,00;0,00;"EMPENHO PARA PAGAMENTO DO TERMO ADITIVO REFERENTE O PERÍODO DE JANEIRO A NOVEMBRO DE 2026 DA EMPRESA CREDENCIADA - NEOGLARE INSTALACOES E MANUTENCAO.
NUP: 21713/2024.";;;0;1545;0,00;0,00;Empenho;26.162,00;0,00;0,00;0,00
[20892-20262556];0;20892;20262556;2600;2600;2026;20892;02/07/2026;54102547000127;54.102.547 THEU LOURENCO PONTES JUNIOR;10.000,00;0,00;CONCESÃO DE EMPRESTIMO;;;0;1545;0,00;0,00;Empenho;10.000,00;0,00;0,00;0,00
[20891-20262556];0;20891;20262556;2600;2600;2026;20891;02/07/2026;57085382000110;57.085.382 FERNANDA SCAVASSIN CORREA;20.000,00;0,00;CONCESSÃO DE MICROCRÉDITO;;;0;1545;0,00;0,00;Empenho;20.000,00;0,00;0,00;0,00
[20890-20262556];0;20890;20262556;2600;2600;2026;20890;02/07/2026;16370326000140;LEILA SOUZA ALVES;10.000,00;0,00;CONCESSÃO EMPRÉSTIMO;;;0;1545;0,00;0,00;Empenho;10.000,00;0,00;0,00;0,00
[20889-20260555];2;20889;20260555;3200;3200;2026;20889.1.1;02/07/2026;17560470000102;NEOGLARE INSTALACOES E MANUTENCAO;12.700,00;2.540,00;"LIQUIDAÇÃO  PARA PAGAMENTO DE LOCAÇÃO DE EMPILHADEIRA ELETRICA QUE ATENDE O CENTRO DE APOIO LOGISITCO DA SEMUS.
 REF.: JANEIRO PERIODO 01/01/2026 A 10/01/2026 NF 02 E PERIODO 11/01/2026 A 31/01/2026 NOTA 44
NUP : 21713/2024";;;0;1545;0,00;0,00;Pagamento;2.540,00;2.540,00;12.700,00;12.700,00
[20889-20260555];2;20889;20260555;3200;3200;2026;20889.2.1;02/07/2026;17560470000102;NEOGLARE INSTALACOES E MANUTENCAO;12.700,00;2.540,00;"LIQUIDAÇÃO P/  PAGAMENTO DE LOCAÇÃO DE EMPILHADEIRA ELETRICA QUE ATENDE O CENTRO DE APOIO LOGISITCO DA SEMUS.
 REF.: A FEVEREIRO  DE 2026. NF 62
NUP : 21713/2024";;;0;1545;0,00;0,00;Pagamento;2.540,00;2.540,00;12.700,00;12.700,00
[20889-20260555];2;20889;20260555;3200;3200;2026;20889.3.1;02/07/2026;17560470000102;NEOGLARE INSTALACOES E MANUTENCAO;12.700,00;2.540,00;"LIQUIDAÇÃO  PARA PAGAMENTO DE LOCAÇÃO DE EMPILHADEIRA ELETRICA QUE ATENDE O CENTRO DE APOIO LOGISITCO DA SEMUS.
 REF. A MARÇO DE 2026. NF 91
NUP : 21713/2024";;;0;1545;0,00;0,00;Pagamento;2.540,00;2.540,00;12.700,00;12.700,00
[20889-20260555];2;20889;20260555;3200;3200;2026;20889.4.1;02/07/2026;17560470000102;NEOGLARE INSTALACOES E MANUTENCAO;12.700,00;2.540,00;"LIQUIDAÇÃO  PARA PAGAMENTO DE LOCAÇÃO DE EMPILHADEIRA ELETRICA QUE ATENDE O CENTRO DE APOIO LOGISITCO DA SEMUS.
 REF. ABRIL DE  2026. NF 107
NUP : 21713/2024";;;0;1545;0,00;0,00;Pagamento;2.540,00;2.540,00;12.700,00;12.700,00
[20889-20260555];2;20889;20260555;3200;3200;2026;20889.5.1;02/07/2026;17560470000102;NEOGLARE INSTALACOES E MANUTENCAO;12.700,00;2.540,00;"LIQUIDAÇÃO PARA PAGAMENTO DE LOCAÇÃO DE EMPILHADEIRA ELETRICA QUE ATENDE O CENTRO DE APOIO LOGISITCO DA SEMUS.
 REF. A MAIO DE 2026. NF 137
NUP : 21713/2024";;;0;1545;0,00;0,00;Pagamento;2.540,00;2.540,00;12.700,00;12.700,00
[20889-20260555];1;20889;20260555;3200;3200;2026;20889.1;02/07/2026;17560470000102;NEOGLARE INSTALACOES E MANUTENCAO;12.700,00;2.540,00;"LIQUIDAÇÃO  PARA PAGAMENTO DE LOCAÇÃO DE EMPILHADEIRA ELETRICA QUE ATENDE O CENTRO DE APOIO LOGISITCO DA SEMUS.
 REF.: JANEIRO PERIODO 01/01/2026 A 10/01/2026 NF 02 E PERIODO 11/01/2026 A 31/01/2026 NOTA 44
NUP : 21713/2024";;;0;1545;0,00;0,00;Liquidação;2.540,00;0,00;;2.540,00
[20889-20260555];1;20889;20260555;3200;3200;2026;20889.2;02/07/2026;17560470000102;NEOGLARE INSTALACOES E MANUTENCAO;12.700,00;2.540,00;"LIQUIDAÇÃO P/  PAGAMENTO DE LOCAÇÃO DE EMPILHADEIRA ELETRICA QUE ATENDE O CENTRO DE APOIO LOGISITCO DA SEMUS.
 REF.: A FEVEREIRO  DE 2026. NF 62
NUP : 21713/2024";;;0;1545;0,00;0,00;Liquidação;2.540,00;0,00;;2.540,00
[20889-20260555];1;20889;20260555;3200;3200;2026;20889.3;02/07/2026;17560470000102;NEOGLARE INSTALACOES E MANUTENCAO;12.700,00;2.540,00;"LIQUIDAÇÃO  PARA PAGAMENTO DE LOCAÇÃO DE EMPILHADEIRA ELETRICA QUE ATENDE O CENTRO DE APOIO LOGISITCO DA SEMUS.
 REF. A MARÇO DE 2026. NF 91
NUP : 21713/2024";;;0;1545;0,00;0,00;Liquidação;2.540,00;0,00;;2.540,00
[20889-20260555];1;20889;20260555;3200;3200;2026;20889.4;02/07/2026;17560470000102;NEOGLARE INSTALACOES E MANUTENCAO;12.700,00;2.540,00;"LIQUIDAÇÃO  PARA PAGAMENTO DE LOCAÇÃO DE EMPILHADEIRA ELETRICA QUE ATENDE O CENTRO DE APOIO LOGISITCO DA SEMUS.
 REF. ABRIL DE  2026. NF 107
NUP : 21713/2024";;;0;1545;0,00;0,00;Liquidação;2.540,00;0,00;;2.540,00
[20889-20260555];1;20889;20260555;3200;3200;2026;20889.5;02/07/2026;17560470000102;NEOGLARE INSTALACOES E MANUTENCAO;12.700,00;2.540,00;"LIQUIDAÇÃO PARA PAGAMENTO DE LOCAÇÃO DE EMPILHADEIRA ELETRICA QUE ATENDE O CENTRO DE APOIO LOGISITCO DA SEMUS.
 REF. A MAIO DE 2026. NF 137
NUP : 21713/2024";;;0;1545;0,00;0,00;Liquidação;2.540,00;0,00;;2.540,00
[20889-20260555];0;20889;20260555;3200;3200;2026;20889;02/07/2026;17560470000102;NEOGLARE INSTALACOES E MANUTENCAO;12.700,00;0,00;"EMPENHO PARA PAGAMENTO DE LOCAÇÃO DE EMPILHADEIRA ELETRICA QUE ATENDE O CENTRO DE APOIO LOGISITCO DA SEMUS.
 REF.: JANEIRO A MAIO DE 2026.
NUP : 21713/2024";;;0;1545;0,00;0,00;Empenho;12.700,00;0,00;0,00;0,00
[20888-20262556];0;20888;20262556;2600;2600;2026;20888;02/07/2026;6956292122;KAYLLANY DOS SANTOS GONÇALVES;7.500,00;0,00;CONCESSÃO DE EMPRESTIMO;;;0;1545;0,00;0,00;Empenho;7.500,00;0,00;0,00;0,00
[20887-20261779];1;20887;20261779;3200;3200;2026;20887.1;02/07/2026;42106787000110;RIMALE COMERCIO DE PRODUTOS HOTELARIA HOSPITALAR LTDA;63.330,00;63.330,00;O OBJETO DA PRESENTE LICITAÇÃO É O REGISTRO DE PREÇOS PARA A ESCOLHA DA PROPOSTA MAIS VANTAJOSA PARA FUTURA AQUISIÇÃO DE INSUMOS DE ENFERMAGEM, VISANDO ATENDER ÀS NECESSIDADES DA SECRETARIA MUNICIPAL DE SAÚDE, CONFORME CONDIÇÕES, QUANTIDADES E EXIGÊNCIAS ESTABELECIDAS NESTE EDITAL E SEUS ANEXOS.;41546;;0;1545;0,00;0,00;Liquidação;63.330,00;0,00;;63.330,00
[20887-20261779];0;20887;20261779;3200;3200;2026;20887;02/07/2026;42106787000110;RIMALE COMERCIO DE PRODUTOS HOTELARIA HOSPITALAR LTDA;63.330,00;0,00;O OBJETO DA PRESENTE LICITAÇÃO É O REGISTRO DE PREÇOS PARA A ESCOLHA DA PROPOSTA MAIS VANTAJOSA PARA FUTURA AQUISIÇÃO DE INSUMOS DE ENFERMAGEM, VISANDO ATENDER ÀS NECESSIDADES DA SECRETARIA MUNICIPAL DE SAÚDE, CONFORME CONDIÇÕES, QUANTIDADES E EXIGÊNCIAS ESTABELECIDAS NESTE EDITAL E SEUS ANEXOS.;41546;;0;1545;0,00;0,00;Empenho;63.330,00;0,00;0,00;0,00
[20886-20261154];0;20886;20261154;9100;9100;2026;20886;02/07/2026;21013566000128;M GONÇALVES DE OLIVEIRA E CIA LTDA ME;417,00;0,00;AQUISIÇÃO DE MATERIAIS PERMANENTES, COMPREENDENDO VENTILADORES DE COLUNA E FRIGOBARES, BEM COMO DE MATERIAL DE CONSUMO, CONSISTENTE EM FONES DE OUVIDO TIPO HEADSET COM MICROFONE.;41533;;0;1545;0,00;0,00;Empenho;417,00;0,00;0,00;0,00
[20885-20261787];1;20885;20261787;1700;9901;2026;20885.1;02/07/2026;429611145;BRUNA DE ALMEIDA;3.281,98;3.281,98;VALOR LIQUIDADO REFERENTE A: CONCESSÃO DE DIÁRIAS - PARTICIPAÇÃO NO CURSO DE CAPACITAÇÃO E MANEJO E RESGATE DE ANIMAIS SILVESTRE PARA O MANEJO RESPONSÁVEL DESSAS ESPÉCIES, QUE SERÁ REALIZADO EM BELO HORIZONTE - MG, NO PERÍODO DE 04/09 A 08/09/2026.;;;0;1545;0,00;0,00;Liquidação;3.281,98;0,00;;3.281,98
[20885-20261787];0;20885;20261787;1700;9901;2026;20885;02/07/2026;429611145;BRUNA DE ALMEIDA;3.281,98;0,00;VALOR EMPENHADO REFERENTE A: CONCESSÃO DE DIÁRIAS - PARTICIPAÇÃO NO CURSO DE CAPACITAÇÃO E MANEJO E RESGATE DE ANIMAIS SILVESTRE PARA O MANEJO RESPONSÁVEL DESSAS ESPÉCIES, QUE SERÁ REALIZADO EM BELO HORIZONTE - MG, NO PERÍODO DE 04/09 A 08/09/2026.;;;0;1545;0,00;0,00;Empenho;3.281,98;0,00;0,00;0,00
[20884-20262526];0;20884;20262526;9100;9100;2026;20884;02/07/2026;21013566000128;M GONÇALVES DE OLIVEIRA E CIA LTDA ME;2.900,00;0,00;AQUISIÇÃO DE MATERIAIS PERMANENTES, COMPREENDENDO VENTILADORES DE COLUNA E FRIGOBARES, BEM COMO DE MATERIAL DE CONSUMO, CONSISTENTE EM FONES DE OUVIDO TIPO HEADSET COM MICROFONE.;41533;;0;1545;0,00;0,00;Empenho;2.900,00;0,00;0,00;0,00
[20883-20262527];0;20883;20262527;9100;9100;2026;20883;02/07/2026;21013566000128;M GONÇALVES DE OLIVEIRA E CIA LTDA ME;994,50;0,00;AQUISIÇÃO DE MATERIAIS PERMANENTES, COMPREENDENDO VENTILADORES DE COLUNA E FRIGOBARES, BEM COMO DE MATERIAL DE CONSUMO, CONSISTENTE EM FONES DE OUVIDO TIPO HEADSET COM MICROFONE.;41533;;0;1545;0,00;0,00;Empenho;994,50;0,00;0,00;0,00
[20882-20262556];0;20882;20262556;2600;2600;2026;20882;02/07/2026;2362334163;FERNANDA FERNANDES BEZERRA DE OLIVEIRA;10.000,00;0,00;CONCESSÃO DE EMPRESTIMO;;;0;1545;0,00;0,00;Empenho;10.000,00;0,00;0,00;0,00
[20881-20262403];0;20881;20262403;5000;9904;2026;20881;02/07/2026;40593401000117;LC DISTRIBUIDORA E SERVIÇOS LTDA;2.181,89;0,00;"CONTRATAÇÃO DE EMPRESA ESPECIALIZADA PARA CONFECÇÃO E FORNECIMENTO DE CAMISETAS PERSONALIZADAS, DESTINADAS AO ATENDIMENTO DAS 
DEMANDAS INSTITUCIONAIS DA SECRETARIA MUNICIPAL DE ARTICULAÇÃO COMUNITÁRIA E DAS SUBPREFEITURAS ? SEMAC, CONFORME ESPECIFICAÇÕES, QUANTITATIVOS E CONDIÇÕES ESTABELECIDAS.";41396;;0;1545;0,00;0,00;Empenho;2.181,89;0,00;0,00;0,00
[20880-20262403];0;20880;20262403;5000;9904;2026;20880;02/07/2026;537143000137;LOURIPEÇAS COMERCIAL LTDA-ME;8.013,30;0,00;"CONTRATAÇÃO DE EMPRESA ESPECIALIZADA PARA CONFECÇÃO E FORNECIMENTO DE CAMISETAS PERSONALIZADAS, DESTINADAS AO ATENDIMENTO DAS 
DEMANDAS INSTITUCIONAIS DA SECRETARIA MUNICIPAL DE ARTICULAÇÃO COMUNITÁRIA E DAS SUBPREFEITURAS ? SEMAC, CONFORME ESPECIFICAÇÕES, QUANTITATIVOS E CONDIÇÕES ESTABELECIDAS.";41396;;0;1545;0,00;0,00;Empenho;8.013,30;0,00;0,00;0,00
[20879-20262564];1;20879;20262564;3200;3200;2026;20879.1;02/07/2026;9384382000179;GLOBAL PRODUÇÕES E EMPREENDIMENTOS LTDA-ME;644.432,92;20.599,97;"VALOR LIQUIDADO REFERENTE A: PRESTAÇÃO DE SERVIÇOS CONTINUADOS COM DEDICAÇÃO EXCLUSIVA DE MÃO DE OBRA DE SERVIÇOS DE LIMPEZA, COPEIRAGEM E RECEPÇÃO. REFERENTE AO MÊS DE ABRIL DE 2026. - MAC 
PROCESSO NUP: 021155/2024";;;0;1545;0,00;0,00;Liquidação;20.599,97;0,00;;20.599,97
[20879-20262564];1;20879;20262564;3200;3200;2026;20879.10;02/07/2026;9384382000179;GLOBAL PRODUÇÕES E EMPREENDIMENTOS LTDA-ME;644.432,92;99.475,34;"VALOR LIQUIDADO REFERENTE A: PRESTAÇÃO DE SERVIÇOS CONTINUADOS COM DEDICAÇÃO EXCLUSIVA DE MÃO DE OBRA DE SERVIÇOS DE LIMPEZA, COPEIRAGEM E RECEPÇÃO. REFERENTE AO MÊS DE ABRIL DE 2026. - MAC 
PROCESSO NUP: 021155/2024";;;0;1545;0,00;0,00;Liquidação;99.475,34;0,00;;99.475,34
[20879-20262564];1;20879;20262564;3200;3200;2026;20879.11;02/07/2026;9384382000179;GLOBAL PRODUÇÕES E EMPREENDIMENTOS LTDA-ME;644.432,92;43.611,64;"VALOR LIQUIDADO REFERENTE A: PRESTAÇÃO DE SERVIÇOS CONTINUADOS COM DEDICAÇÃO EXCLUSIVA DE MÃO DE OBRA DE SERVIÇOS DE LIMPEZA, COPEIRAGEM E RECEPÇÃO. REFERENTE AO MÊS DE ABRIL DE 2026. - MAC 
PROCESSO NUP: 021155/2024";;;0;1545;0,00;0,00;Liquidação;43.611,64;0,00;;43.611,64
[20879-20262564];1;20879;20262564;3200;3200;2026;20879.2;02/07/2026;9384382000179;GLOBAL PRODUÇÕES E EMPREENDIMENTOS LTDA-ME;644.432,92;20.599,97;"VALOR LIQUIDADO REFERENTE A: VALOR EMPENHADO REFERENTE A: PRESTAÇÃO DE SERVIÇOS CONTINUADOS COM DEDICAÇÃO EXCLUSIVA DE MÃO DE OBRA DE SERVIÇOS DE LIMPEZA, COPEIRAGEM E RECEPÇÃO. REFERENTE AO MÊS DE ABRIL DE 2026. - MAC 
PROCESSO NUP: 021155/2024";;;0;1545;0,00;0,00;Liquidação;20.599,97;0,00;;20.599,97
[20879-20262564];1;20879;20262564;3200;3200;2026;20879.3;02/07/2026;9384382000179;GLOBAL PRODUÇÕES E EMPREENDIMENTOS LTDA-ME;644.432,92;20.599,97;"VALOR LIQUIDADO REFERENTE A: VALOR EMPENHADO REFERENTE A: PRESTAÇÃO DE SERVIÇOS CONTINUADOS COM DEDICAÇÃO EXCLUSIVA DE MÃO DE OBRA DE SERVIÇOS DE LIMPEZA, COPEIRAGEM E RECEPÇÃO. REFERENTE AO MÊS DE ABRIL DE 2026. - MAC 
PROCESSO NUP: 021155/2024";;;0;1545;0,00;0,00;Liquidação;20.599,97;0,00;;20.599,97
[20879-20262564];1;20879;20262564;3200;3200;2026;20879.4;02/07/2026;9384382000179;GLOBAL PRODUÇÕES E EMPREENDIMENTOS LTDA-ME;644.432,92;15.449,98;"VALOR LIQUIDADO REFERENTE A: VALOR EMPENHADO REFERENTE A: PRESTAÇÃO DE SERVIÇOS CONTINUADOS COM DEDICAÇÃO EXCLUSIVA DE MÃO DE OBRA DE SERVIÇOS DE LIMPEZA, COPEIRAGEM E RECEPÇÃO. REFERENTE AO MÊS DE ABRIL DE 2026. - MAC 
PROCESSO NUP: 021155/2024";;;0;1545;0,00;0,00;Liquidação;15.449,98;0,00;;15.449,98
[20879-20262564];1;20879;20262564;3200;3200;2026;20879.5;02/07/2026;9384382000179;GLOBAL PRODUÇÕES E EMPREENDIMENTOS LTDA-ME;644.432,92;38.160,18;"VALOR LIQUIDADO REFERENTE A: PRESTAÇÃO DE SERVIÇOS CONTINUADOS COM DEDICAÇÃO EXCLUSIVA DE MÃO DE OBRA DE SERVIÇOS DE LIMPEZA, COPEIRAGEM E RECEPÇÃO. REFERENTE AO MÊS DE ABRIL DE 2026. - MAC 
PROCESSO NUP: 021155/2024";;;0;1545;0,00;0,00;Liquidação;38.160,18;0,00;;38.160,18
[20879-20262564];1;20879;20262564;3200;3200;2026;20879.6;02/07/2026;9384382000179;GLOBAL PRODUÇÕES E EMPREENDIMENTOS LTDA-ME;644.432,92;51.222,10;"VALOR LIQUIDADO REFERENTE A: VALOR EMPENHADO REFERENTE A: PRESTAÇÃO DE SERVIÇOS CONTINUADOS COM DEDICAÇÃO EXCLUSIVA DE MÃO DE OBRA DE SERVIÇOS DE LIMPEZA, COPEIRAGEM E RECEPÇÃO. REFERENTE AO MÊS DE ABRIL DE 2026. - MAC 
PROCESSO NUP: 021155/2024";;;0;1545;0,00;0,00;Liquidação;51.222,10;0,00;;51.222,10
[20879-20262564];1;20879;20262564;3200;3200;2026;20879.7;02/07/2026;9384382000179;GLOBAL PRODUÇÕES E EMPREENDIMENTOS LTDA-ME;644.432,92;127.459,58;"VALOR LIQUIDADO REFERENTE A: PRESTAÇÃO DE SERVIÇOS CONTINUADOS COM DEDICAÇÃO EXCLUSIVA DE MÃO DE OBRA DE SERVIÇOS DE LIMPEZA, COPEIRAGEM E RECEPÇÃO. REFERENTE AO MÊS DE ABRIL DE 2026. - MAC 
PROCESSO NUP: 021155/2024";;;0;1545;0,00;0,00;Liquidação;127.459,58;0,00;;127.459,58
[20879-20262564];1;20879;20262564;3200;3200;2026;20879.8;02/07/2026;9384382000179;GLOBAL PRODUÇÕES E EMPREENDIMENTOS LTDA-ME;644.432,92;115.599,13;"VALOR LIQUIDADO REFERENTE A: PRESTAÇÃO DE SERVIÇOS CONTINUADOS COM DEDICAÇÃO EXCLUSIVA DE MÃO DE OBRA DE SERVIÇOS DE LIMPEZA, COPEIRAGEM E RECEPÇÃO. REFERENTE AO MÊS DE ABRIL DE 2026. - MAC 
PROCESSO NUP: 021155/2024";;;0;1545;0,00;0,00;Liquidação;115.599,13;0,00;;115.599,13
[20879-20262564];1;20879;20262564;3200;3200;2026;20879.9;02/07/2026;9384382000179;GLOBAL PRODUÇÕES E EMPREENDIMENTOS LTDA-ME;644.432,92;45.079,85;"VALOR LIQUIDADO REFERENTE A: PRESTAÇÃO DE SERVIÇOS CONTINUADOS COM DEDICAÇÃO EXCLUSIVA DE MÃO DE OBRA DE SERVIÇOS DE LIMPEZA, COPEIRAGEM E RECEPÇÃO. REFERENTE AO MÊS DE ABRIL DE 2026. - MAC 
PROCESSO NUP: 021155/2024";;;0;1545;0,00;0,00;Liquidação;45.079,85;0,00;;45.079,85
[20878-20262565];1;20878;20262565;3200;3200;2026;20878.1;02/07/2026;9384382000179;GLOBAL PRODUÇÕES E EMPREENDIMENTOS LTDA-ME;700.690,25;379.838,38;"VALOR LIQUIDADO REFERENTE A: PRESTAÇÃO DE SERVIÇOS CONTINUADOS COM DEDICAÇÃO EXCLUSIVA DE MÃO DE OBRA DE SERVIÇOS DE LIMPEZA, COPEIRAGEM E RECEPÇÃO. REFERENTE AO MÊS DE ABRIL DE 2026. - ATENÇÃO PRIMARIA.
PROCESSO NUP: 021155/2024
NF: 706";;;0;1545;0,00;0,00;Liquidação;379.838,38;0,00;;379.838,38
[20878-20262565];1;20878;20262565;3200;3200;2026;20878.2;02/07/2026;9384382000179;GLOBAL PRODUÇÕES E EMPREENDIMENTOS LTDA-ME;700.690,25;261.669,83;"VALOR LIQUIDADO REFERENTE A: PRESTAÇÃO DE SERVIÇOS CONTINUADOS COM DEDICAÇÃO EXCLUSIVA DE MÃO DE OBRA DE SERVIÇOS DE LIMPEZA, COPEIRAGEM E RECEPÇÃO. REFERENTE AO MÊS DE ABRIL DE 2026. - ATENÇÃO PRIMARIA.
PROCESSO NUP: 021155/2024
NF: 707";;;0;1545;0,00;0,00;Liquidação;261.669,83;0,00;;261.669,83
[20868-20262268];1;20868;20262268;7100;7100;2026;20868.1;02/07/2026;30658048000152;LUAL PRODUCOES ARTISTICAS LTDA;250.000,00;250.000,00;"VALOR LIQUIDADO REFERENTE A:  CONTRATAÇÃO DIRETA DE APRESENTAÇÃO DE SHOWS ARTÍSTICO MUSICAL COM A LUCY ALVES, A SER REALIZADO NOS DIAS 25 A 28 DE JUNHO DE 2026, NO ESTÁDIO NILTON SANTOS, DURANTES AS FESTIVIDADES DO 34º ARRAIÁ DA CAPITAL, 
NO MUNICIPIO DE PALMAS-TO.";;;0;1545;0,00;0,00;Liquidação;250.000,00;0,00;;250.000,00
[20867-20262268];1;20867;20262268;7100;7100;2026;20867.1;02/07/2026;7298107000107;TN PRODUCOES LTDA;250.000,00;250.000,00;VALOR LIQUIDADO REFERENTE A: VALOR EMPENHADO REFERENTE A: CONTRATAÇÃO DIRETA DE APRESENTAÇÃO DE SHOWS ARTÍSTICO MUSICAL COM A BANDA FORRÓ DO MUIDO A SER REALIZADO NOS DIAS 28 DE JUNHO DE 2026, NO ESTÁDIO NILTON SANTOS, DURANTES AS FESTIVIDADES DO 34º ARRAIÁ DA CAPITAL, NO MUNICIPIO DE PALMAS-TO.;;;0;1545;0,00;0,00;Liquidação;250.000,00;0,00;;250.000,00
[20858-20262268];1;20858;20262268;7100;7100;2026;20858.1;02/07/2026;8618930000115;PROMOVE PRODUÇÕES DE EVENTOS ARTISTICOS - EIRELI;240.000,00;240.000,00;VALOR LIQUIDADO REFERENTE A: VALOR EMPENHADO REFERENTE A: CONTRATAÇÃO DA BANDA COMPANHIA DO CALYPSO PARA UMA APRESENTAÇÃO NO 34º ARRAIÁ DA CAPITAL QUE ACONTECERÁ ENTRE OS DIAS 25 A 28 DE JUNHO DE 2026;;;0;1545;0,00;0,00;Liquidação;240.000,00;0,00;;240.000,00
[20848-20262566];2;20848;20262566;3200;3200;2026;20848.1.1;02/07/2026;13597589000107;MEDIMAGEM DIAGNÓSTICOS MÉDICOS POR IMAGEM;32.954,15;32.954,15;"LIQUIDAÇÃO PARA PAGAMENTO PARCIAL DA NOTA FISCAL 3119, REFERENTE A MARÇO/2026 VALOR   "" SUS """;;;0;1545;0,00;0,00;Pagamento;32.954,15;32.954,15;32.954,15;32.954,15
[20848-20262566];1;20848;20262566;3200;3200;2026;20848.1;02/07/2026;13597589000107;MEDIMAGEM DIAGNÓSTICOS MÉDICOS POR IMAGEM;32.954,15;32.954,15;"LIQUIDAÇÃO PARA PAGAMENTO PARCIAL DA NOTA FISCAL 3119, REFERENTE A MARÇO/2026 VALOR   "" SUS """;;;0;1545;0,00;0,00;Liquidação;32.954,15;0,00;;32.954,15
[20847-20261040];2;20847;20261040;6100;6100;2026;20847.1.1;02/07/2026;14092519000151;MONTANA ASSESORIA EMPRESARIAL  LTDA;11.872,55;11.872,55;REPACTUAÇÃO DO CONTRATO: 03/2024. CONSIDERANDO OS SERVICÇOS DE COPEIRAGEM, JARDINAGEM E SERVICOS GERAIS. COM FORNECIMENTO DE TODO MATERIAL E EQUIPAMENTOS QUE SE FIZEREM NECESSÁRIOS A EXECUÇÃO DOS SERVIÇOS. RETROATIVO REFERENTE A REPACTUAÇÃO 2025 - JANEIRO A MAIO DE 2026.;;;0;1545;0,00;0,00;Pagamento;11.872,55;11.872,55;11.872,55;11.872,55
[20814-20262565];1;20814;20262565;3200;3200;2026;20814.1;02/07/2026;25086034000171;ENERGISA TOCANTINS - DISTRIBUIDORA DE ENERGISA S/A;257.599,42;257.599,42;"VALOR LIQUIDADO REFERENTE A: FORNECIMENTO DE ENERGIA ELÉTRICA
REF: MAIO DE 2026
NUP: 019803/2024
PRIMÁRIA";;;0;1545;0,00;0,00;Liquidação;257.599,42;0,00;;257.599,42
[20813-20260555];1;20813;20260555;3200;3200;2026;20813.1;02/07/2026;25086034000171;ENERGISA TOCANTINS - DISTRIBUIDORA DE ENERGISA S/A;99.601,39;98.409,60;"VALOR LIQUIDADO REFERENTE A: FORNECIMENTO DE ENERGIA ELÉTRICA
REF: MAIO DE 2026
NUP: 019803/2024
GESTÃO";;;0;1545;0,00;0,00;Liquidação;98.409,60;0,00;;98.409,60
[20813-20260555];1;20813;20260555;3200;3200;2026;20813.2;02/07/2026;25086034000171;ENERGISA TOCANTINS - DISTRIBUIDORA DE ENERGISA S/A;99.601,39;429,23;"VALOR LIQUIDADO REFERENTE A: FORNECIMENTO DE ENERGIA ELÉTRICA
REF: MAIO DE 2026
NUP: 019803/2024
FESP";;;0;1545;0,00;0,00;Liquidação;429,23;0,00;;429,23
[20813-20260555];1;20813;20260555;3200;3200;2026;20813.3;02/07/2026;25086034000171;ENERGISA TOCANTINS - DISTRIBUIDORA DE ENERGISA S/A;99.601,39;762,56;"VALOR LIQUIDADO REFERENTE A: FORNECIMENTO DE ENERGIA ELÉTRICA
REF: MAIO DE 2026
NUP: 019803/2024
CONSELHO MUNICIPAL DE SAÚDE";;;0;1545;0,00;0,00;Liquidação;762,56;0,00;;762,56
[20812-20261912];1;20812;20261912;3200;3200;2026;20812.1;02/07/2026;25086034000171;ENERGISA TOCANTINS - DISTRIBUIDORA DE ENERGISA S/A;51.882,28;41.195,98;"VALOR LIQUIDADO REFERENTE A: FORNECIMENTO DE ENERGIA ELÉTRICA
REF: MAIO DE 2026
NUP: 019803/2024
VISA";;;0;1545;0,00;0,00;Liquidação;41.195,98;0,00;;41.195,98
[20812-20261912];1;20812;20261912;3200;3200;2026;20812.2;02/07/2026;25086034000171;ENERGISA TOCANTINS - DISTRIBUIDORA DE ENERGISA S/A;51.882,28;10.686,30;"VALOR LIQUIDADO REFERENTE A: FORNECIMENTO DE ENERGIA ELÉTRICA
REF: MAIO DE 2026
NUP: 019803/2024
VISA";;;0;1545;0,00;0,00;Liquidação;10.686,30;0,00;;10.686,30
[20811-20262564];1;20811;20262564;3200;3200;2026;20811.1;02/07/2026;25086034000171;ENERGISA TOCANTINS - DISTRIBUIDORA DE ENERGISA S/A;248.769,96;35.167,59;"FORNECIMENTO DE ENERGIA ELÉTRICA
REF: MAIO DE 2026
NUP: 019803/2024
ESPECIALIZADA";;;0;1545;0,00;0,00;Liquidação;35.167,59;0,00;;35.167,59
[20811-20262564];1;20811;20262564;3200;3200;2026;20811.2;02/07/2026;25086034000171;ENERGISA TOCANTINS - DISTRIBUIDORA DE ENERGISA S/A;248.769,96;24.507,89;"FORNECIMENTO DE ENERGIA ELÉTRICA
REF: MAIO  DE 2026
NUP: 019803/2024
ESPECIALIZADA";;;0;1545;0,00;0,00;Liquidação;24.507,89;0,00;;24.507,89
[20811-20262564];1;20811;20262564;3200;3200;2026;20811.3;02/07/2026;25086034000171;ENERGISA TOCANTINS - DISTRIBUIDORA DE ENERGISA S/A;248.769,96;37.958,73;"FORNECIMENTO DE ENERGIA ELÉTRICA
REF: MAIO DE 2026
NUP: 019803/2024
CAPS";;;0;1545;0,00;0,00;Liquidação;37.958,73;0,00;;37.958,73
[20811-20262564];1;20811;20262564;3200;3200;2026;20811.4;02/07/2026;25086034000171;ENERGISA TOCANTINS - DISTRIBUIDORA DE ENERGISA S/A;248.769,96;135.340,62;"FORNECIMENTO DE ENERGIA ELÉTRICA
REF: MAIO  DE 2026
NUP: 019803/2024
UPAS";;;0;1545;0,00;0,00;Liquidação;135.340,62;0,00;;135.340,62
[20811-20262564];1;20811;20262564;3200;3200;2026;20811.5;02/07/2026;25086034000171;ENERGISA TOCANTINS - DISTRIBUIDORA DE ENERGISA S/A;248.769,96;15.795,13;"FORNECIMENTO DE ENERGIA ELÉTRICA
REF: MAIO DE 2026
NUP: 019803/2024
SAMU";;;0;1545;0,00;0,00;Liquidação;15.795,13;0,00;;15.795,13
[20807-20262571];1;20807;20262571;3200;3200;2026;20807.1;02/07/2026;8202415000150;AHARDS SISTEMAS S/A;4.703,60;2.351,80;"REF. AO CONTRATO Nº 02/2023 - LOCAÇÃO DE EQUIPAMENTO DEDICADO PARA RECONHECIMENTO FACIAL DOS SERVIDORES - ITEM 6 DO CONTRATO  COMPETENCIA DOS MESES JANEIRO E FEVEREIRO DE 2026.
VISA NUP: 0.028152/2024";;;0;1545;0,00;0,00;Liquidação;2.351,80;0,00;;2.351,80
[20807-20262571];1;20807;20262571;3200;3200;2026;20807.2;02/07/2026;8202415000150;AHARDS SISTEMAS S/A;4.703,60;2.351,80;"REF. AO CONTRATO Nº 02/2023 - LOCAÇÃO DE EQUIPAMENTO DEDICADO PARA RECONHECIMENTO FACIAL DOS SERVIDORES - ITEM 6 DO CONTRATO  COMPETENCIA DOS MESES JANEIRO E FEVEREIRO DE 2026.
VISA NUP: 0.028152/2024";;;0;1545;0,00;0,00;Liquidação;2.351,80;0,00;;2.351,80
[20804-20262571];1;20804;20262571;3200;3200;2026;20804.1;02/07/2026;8202415000150;AHARDS SISTEMAS S/A;4.854,46;2.427,23;"REF. AO CONTRATO Nº 02/2023 - PRESTAÇÃO DE SERVIÇOS COM LICENÇA DE USO DE SOFTWARE PARA CONTROLE E ACOMPANHEMENTO DOS REGISTROS DE PONTO DOS SERVIDORES -  ITENS 3, 4 E 5 DO CONTRATO - COMPETENCIA DOS MESES JANEIRO E FEVEREIRO DE 2026.
VISA  NUP: 0.028152/2024";;;0;1545;0,00;0,00;Liquidação;2.427,23;0,00;;2.427,23
[20804-20262571];1;20804;20262571;3200;3200;2026;20804.2;02/07/2026;8202415000150;AHARDS SISTEMAS S/A;4.854,46;2.427,23;"REF. AO CONTRATO Nº 02/2023 - PRESTAÇÃO DE SERVIÇOS COM LICENÇA DE USO DE SOFTWARE PARA CONTROLE E ACOMPANHEMENTO DOS REGISTROS DE PONTO DOS SERVIDORES -  ITENS 3, 4 E 5 DO CONTRATO ? COMPETENCIA DOS MESES JANEIRO E FEVEREIRO DE 2026.
VISA  NUP: 0.028152/2024";;;0;1545;0,00;0,00;Liquidação;2.427,23;0,00;;2.427,23
[20729-20262592];1;20729;20262592;5600;5600;2026;20729.1;02/07/2026;9597053000106;V3BR LOCAÇÕES E EVENTOS LTDA;600.000,00;1.827,00;VALOR LIQUIDADO REFERENTE A: PROCESSO DE DESPESAS DE EXERCICIOS ANTERIORES - DEA 2026000324 - LOCAÇÃO DE ESTRUTURA TEMPORARIA NUP 017304.2024 / 2023037766 - EVENTO: TAQUARI É DE CRISTO;;;0;1545;0,00;0,00;Liquidação;1.827,00;0,00;;1.827,00
[20729-20262592];1;20729;20262592;5600;5600;2026;20729.10;02/07/2026;9597053000106;V3BR LOCAÇÕES E EVENTOS LTDA;600.000,00;2.868,00;VALOR LIQUIDADO REFERENTE A: PROCESSO DE DESPESAS DE EXERCICIOS ANTERIORES - DEA - LOCAÇÃO DE ESTRUTURA TEMPORARIA (NUP 017304.2024 / 2023037766) - EVENTO: PAZ RUN;;;0;1545;0,00;0,00;Liquidação;2.868,00;0,00;;2.868,00
[20729-20262592];1;20729;20262592;5600;5600;2026;20729.2;02/07/2026;9597053000106;V3BR LOCAÇÕES E EVENTOS LTDA;600.000,00;3.600,00;VALOR LIQUIDADO REFERENTE A: PROCESSO DE DESPESAS DE EXERCICIOS ANTERIORES - DEA - LOCAÇÃO DE ESTRUTURA TEMPORARIA NUP 017304.2024 / 2023037766 - EVENTO: ESTREIA DA QUADRILHA CAFUNDO DO BREJO;;;0;1545;0,00;0,00;Liquidação;3.600,00;0,00;;3.600,00
[20729-20262592];1;20729;20262592;5600;5600;2026;20729.3;02/07/2026;9597053000106;V3BR LOCAÇÕES E EVENTOS LTDA;600.000,00;246.639,00;VALOR LIQUIDADO REFERENTE A: PROCESSO DE DESPESAS DE EXERCICIOS ANTERIORES - DEA(2026000324) - LOCAÇÃO DE ESTRUTURA TEMPORARIA (NUP 017304.2024 / 2023037766) EVENTO: FAZENDINHA AGROTINS 2025;;;0;1545;0,00;0,00;Liquidação;246.639,00;0,00;;246.639,00
[20729-20262592];1;20729;20262592;5600;5600;2026;20729.4;02/07/2026;9597053000106;V3BR LOCAÇÕES E EVENTOS LTDA;600.000,00;5.363,45;VALOR LIQUIDADO REFERENTE A: PROCESSO DE DESPESAS DE EXERCICIOS ANTERIORES - DEA - LOCAÇÃO DE ESTRUTURA TEMPORARIA NUP 017304.2024 / 2023037766 EVENTO: TRAVESSIA DO LAGO DE PALMAS (DESAFIO 8K);;;0;1545;0,00;0,00;Liquidação;5.363,45;0,00;;5.363,45
[20729-20262592];1;20729;20262592;5600;5600;2026;20729.5;02/07/2026;9597053000106;V3BR LOCAÇÕES E EVENTOS LTDA;600.000,00;960,00;VALOR LIQUIDADO REFERENTE A: PROCESSO DE DESPESAS DE EXERCICIOS ANTERIORES - DEA - LOCAÇÃO DE ESTRUTURA TEMPORARIA (NUP 017304.2024 / 2023037766) - EVENTO: CORRIDA DE RUA MARISTA NIGHT RUN;;;0;1545;0,00;0,00;Liquidação;960,00;0,00;;960,00
[20729-20262592];1;20729;20262592;5600;5600;2026;20729.6;02/07/2026;9597053000106;V3BR LOCAÇÕES E EVENTOS LTDA;600.000,00;2.400,00;VALOR LIQUIDADO REFERENTE A: PROCESSO DE DESPESAS DE EXERCICIOS ANTERIORES - DEA - LOCAÇÃO DE ESTRUTURA TEMPORARIA (NUP 017304.2024 / 2023037766) - EVENTO: MARISTA NIGHT RUN;;;0;1545;0,00;0,00;Liquidação;2.400,00;0,00;;2.400,00
[20729-20262592];1;20729;20262592;5600;5600;2026;20729.7;02/07/2026;9597053000106;V3BR LOCAÇÕES E EVENTOS LTDA;600.000,00;6.862,65;VALOR LIQUIDADO REFERENTE A: PROCESSO DE DESPESAS DE EXERCICIOS ANTERIORES - DEA - LOCAÇÃO DE ESTRUTURA TEMPORARIA (NUP 017304.2024 / 2023037766);;;0;1545;0,00;0,00;Liquidação;6.862,65;0,00;;6.862,65
[20729-20262592];1;20729;20262592;5600;5600;2026;20729.8;02/07/2026;9597053000106;V3BR LOCAÇÕES E EVENTOS LTDA;600.000,00;5.586,00;VALOR LIQUIDADO REFERENTE A: PROCESSO DE DESPESAS DE EXERCICIOS ANTERIORES - DEA - LOCAÇÃO DE ESTRUTURA TEMPORARIA NUP (017304.2024 / 2023037766) - EVENTO: FEIRAO DO MEI - CASA DO EMPREENDEDOR DE PALMAS;;;0;1545;0,00;0,00;Liquidação;5.586,00;0,00;;5.586,00
[20729-20262592];1;20729;20262592;5600;5600;2026;20729.9;02/07/2026;9597053000106;V3BR LOCAÇÕES E EVENTOS LTDA;600.000,00;16.270,50;VALOR LIQUIDADO REFERENTE A: PROCESSO DE DESPESAS DE EXERCICIOS ANTERIORES - DEA - LOCAÇÃO DE ESTRUTURA TEMPORARIA (NUP 017304.2024 / 2023037766) - EVENTO: ENTREGA DA PRAÇA DA ARNE 13;;;0;1545;0,00;0,00;Liquidação;16.270,50;0,00;;16.270,50
[20640-20262617];2;20640;20262617;3200;3200;2026;20640.1.1;02/07/2026;30177354000177;FUNDO DE PREVIDÊNCIA CAPITALIZADA - FPC;104.078,55;104.078,55;Liquidação Automática dos servidores da Folha Normal, competência Junho/2026, Entidade: FUNDO MUNICIPAL DE SAÚDE.;;;0;1545;0,00;0,00;Pagamento;104.078,55;104.078,55;104.078,55;104.078,55
[20639-20262617];2;20639;20262617;3200;3200;2026;20639.1.1;02/07/2026;30177348000110;FUNDO DE PREVIDÊNCIA SOCIAL DO MUNICÍPIO DE PALMAS - FPP;42.287,20;42.287,20;Liquidação Automática dos servidores da Folha Normal, competência Junho/2026, Entidade: FUNDO MUNICIPAL DE SAÚDE.;;;0;1545;0,00;0,00;Pagamento;42.287,20;42.287,20;42.287,20;42.287,20
[20606-20262588];2;20606;20262588;3200;3200;2026;20606.1.1;02/07/2026;25091307000176;INST.DE GESTÃO.PREVID.  DO EST.  DO TO-  I;1.990,93;1.990,93;Liquidação Automática dos servidores da Folha Normal, competência Junho/2026, Entidade: FUNDO MUNICIPAL DE SAÚDE.;;;0;1545;0,00;0,00;Pagamento;1.990,93;1.990,93;1.990,93;1.990,93
[20603-20262586];2;20603;20262586;3200;3200;2026;20603.1.1;02/07/2026;30177354000177;FUNDO DE PREVIDÊNCIA CAPITALIZADA - FPC;334,71;334,71;Liquidação Automática dos servidores da Folha Normal, competência Junho/2026, Entidade: FUNDO MUNICIPAL DE SAÚDE.;;;0;1545;0,00;0,00;Pagamento;334,71;334,71;334,71;334,71
[20602-20262586];2;20602;20262586;3200;3200;2026;20602.1.1;02/07/2026;30177348000110;FUNDO DE PREVIDÊNCIA SOCIAL DO MUNICÍPIO DE PALMAS - FPP;1.871,20;1.871,20;Liquidação Automática dos servidores da Folha Normal, competência Junho/2026, Entidade: FUNDO MUNICIPAL DE SAÚDE.;;;0;1545;0,00;0,00;Pagamento;1.871,20;1.871,20;1.871,20;1.871,20
[20601-20262586];2;20601;20262586;3200;3200;2026;20601.1.1;02/07/2026;30177348000110;FUNDO DE PREVIDÊNCIA SOCIAL DO MUNICÍPIO DE PALMAS - FPP;2.097,62;2.097,62;Liquidação Automática dos servidores da Folha Normal, competência Junho/2026, Entidade: FUNDO MUNICIPAL DE SAÚDE.;;;0;1545;0,00;0,00;Pagamento;2.097,62;2.097,62;2.097,62;2.097,62
[20600-20261499];2;20600;20261499;3200;3200;2026;20600.1.1;02/07/2026;30177354000177;FUNDO DE PREVIDÊNCIA CAPITALIZADA - FPC;648.825,61;648.825,61;Liquidação Automática dos servidores da Folha Normal, competência Junho/2026, Entidade: FUNDO MUNICIPAL DE SAÚDE.;;;0;1545;0,00;0,00;Pagamento;648.825,61;648.825,61;648.825,61;648.825,61
[20599-20261499];2;20599;20261499;3200;3200;2026;20599.1.1;02/07/2026;30177348000110;FUNDO DE PREVIDÊNCIA SOCIAL DO MUNICÍPIO DE PALMAS - FPP;234.807,20;234.807,20;Liquidação Automática dos servidores da Folha Normal, competência Junho/2026, Entidade: FUNDO MUNICIPAL DE SAÚDE.;;;0;1545;0,00;0,00;Pagamento;234.807,20;234.807,20;234.807,20;234.807,20
[20542-20260621];2;20542;20260621;3200;3200;2026;20542.1.1;02/07/2026;30177354000177;FUNDO DE PREVIDÊNCIA CAPITALIZADA - FPC;85,17;85,17;Liquidação Automática dos servidores da Folha Normal, competência Junho/2026, Entidade: FUNDO MUNICIPAL DE SAÚDE.;;;0;1545;0,00;0,00;Pagamento;85,17;85,17;85,17;85,17
[20541-20260621];2;20541;20260621;3200;3200;2026;20541.1.1;02/07/2026;30177354000177;FUNDO DE PREVIDÊNCIA CAPITALIZADA - FPC;2.964,56;2.964,56;Liquidação Automática dos servidores da Folha Normal, competência Junho/2026, Entidade: FUNDO MUNICIPAL DE SAÚDE.;;;0;1545;0,00;0,00;Pagamento;2.964,56;2.964,56;2.964,56;2.964,56
[20540-20260621];2;20540;20260621;3200;3200;2026;20540.1.1;02/07/2026;30177354000177;FUNDO DE PREVIDÊNCIA CAPITALIZADA - FPC;14.770,96;14.770,96;Liquidação Automática dos servidores da Folha Normal, competência Junho/2026, Entidade: FUNDO MUNICIPAL DE SAÚDE.;;;0;1545;0,00;0,00;Pagamento;14.770,96;14.770,96;14.770,96;14.770,96
[20525-20262617];2;20525;20262617;3200;3200;2026;20525.1.1;02/07/2026;30177354000177;FUNDO DE PREVIDÊNCIA CAPITALIZADA - FPC;288.082,75;288.082,75;Liquidação Automática dos servidores da Folha Normal, competência Junho/2026, Entidade: FUNDO MUNICIPAL DE SAÚDE.;;;0;1545;0,00;0,00;Pagamento;288.082,75;288.082,75;288.082,75;288.082,75
[20524-20262617];2;20524;20262617;3200;3200;2026;20524.1.1;02/07/2026;30177348000110;FUNDO DE PREVIDÊNCIA SOCIAL DO MUNICÍPIO DE PALMAS - FPP;108.378,26;108.378,26;Liquidação Automática dos servidores da Folha Normal, competência Junho/2026, Entidade: FUNDO MUNICIPAL DE SAÚDE.;;;0;1545;0,00;0,00;Pagamento;108.378,26;108.378,26;108.378,26;108.378,26
[20523-20262615];2;20523;20262615;3200;3200;2026;20523.1.1;02/07/2026;25091307000176;INST.DE GESTÃO.PREVID.  DO EST.  DO TO-  I;3.375,79;3.375,79;Liquidação Automática dos servidores da Folha Normal, competência Junho/2026, Entidade: FUNDO MUNICIPAL DE SAÚDE.;;;0;1545;0,00;0,00;Pagamento;3.375,79;3.375,79;3.375,79;3.375,79
[20478-20261511];2;20478;20261511;3200;3200;2026;20478.1.1;02/07/2026;30177354000177;FUNDO DE PREVIDÊNCIA CAPITALIZADA - FPC;196.780,17;196.780,17;Liquidação Automática dos servidores da Folha Normal, competência Junho/2026, Entidade: FUNDO MUNICIPAL DE SAÚDE.;;;0;1545;0,00;0,00;Pagamento;196.780,17;196.780,17;196.780,17;196.780,17
[20456-20262617];2;20456;20262617;3200;3200;2026;20456.1.1;02/07/2026;30177348000110;FUNDO DE PREVIDÊNCIA SOCIAL DO MUNICÍPIO DE PALMAS - FPP;53.447,39;53.447,39;Liquidação Automática dos servidores da Folha Normal, competência Junho/2026, Entidade: FUNDO MUNICIPAL DE SAÚDE.;;;0;1545;0,00;0,00;Pagamento;53.447,39;53.447,39;53.447,39;53.447,39
[20453-20260621];2;20453;20260621;3200;3200;2026;20453.1.1;02/07/2026;30177354000177;FUNDO DE PREVIDÊNCIA CAPITALIZADA - FPC;107.953,10;107.953,10;Liquidação Automática dos servidores da Folha Normal, competência Junho/2026, Entidade: FUNDO MUNICIPAL DE SAÚDE.;;;0;1545;0,00;0,00;Pagamento;107.953,10;107.953,10;107.953,10;107.953,10
[20340-20261507];2;20340;20261507;3200;3200;2026;20340.1.1;02/07/2026;30177354000177;FUNDO DE PREVIDÊNCIA CAPITALIZADA - FPC;138.007,92;138.007,92;Liquidação Automática dos servidores da Folha Normal, competência Junho/2026, Entidade: FUNDO MUNICIPAL DE SAÚDE.;;;0;1545;0,00;0,00;Pagamento;138.007,92;138.007,92;138.007,92;138.007,92
[20339-20261507];2;20339;20261507;3200;3200;2026;20339.1.1;02/07/2026;30177348000110;FUNDO DE PREVIDÊNCIA SOCIAL DO MUNICÍPIO DE PALMAS - FPP;49.356,65;49.356,65;Liquidação Automática dos servidores da Folha Normal, competência Junho/2026, Entidade: FUNDO MUNICIPAL DE SAÚDE.;;;0;1545;0,00;0,00;Pagamento;49.356,65;49.356,65;49.356,65;49.356,65
[20317-20260659];2;20317;20260659;3200;3200;2026;20317.1.1;02/07/2026;30177354000177;FUNDO DE PREVIDÊNCIA CAPITALIZADA - FPC;133.424,95;133.424,95;Liquidação Automática dos servidores da Folha Normal, competência Junho/2026, Entidade: FUNDO MUNICIPAL DE SAÚDE.;;;0;1545;0,00;0,00;Pagamento;133.424,95;133.424,95;133.424,95;133.424,95
[20316-20260659];2;20316;20260659;3200;3200;2026;20316.1.1;02/07/2026;30177348000110;FUNDO DE PREVIDÊNCIA SOCIAL DO MUNICÍPIO DE PALMAS - FPP;35.040,54;35.040,54;Liquidação Automática dos servidores da Folha Normal, competência Junho/2026, Entidade: FUNDO MUNICIPAL DE SAÚDE.;;;0;1545;0,00;0,00;Pagamento;35.040,54;35.040,54;35.040,54;35.040,54
[20199-20262566];2;20199;20262566;3200;3200;2026;20199.1.1;02/07/2026;13597589000107;MEDIMAGEM DIAGNÓSTICOS MÉDICOS POR IMAGEM;26.805,85;26.805,85;LIQUIDAÇÃO PARA PAGAMENTO PARCIAL DA NOTA FISCAL Nº 3119, REFERENTE A MARÇO/2026;;;0;1545;0,00;0,00;Pagamento;26.805,85;26.805,85;26.805,85;26.805,85
[20199-20262566];1;20199;20262566;3200;3200;2026;20199.1;02/07/2026;13597589000107;MEDIMAGEM DIAGNÓSTICOS MÉDICOS POR IMAGEM;26.805,85;26.805,85;LIQUIDAÇÃO PARA PAGAMENTO PARCIAL DA NOTA FISCAL Nº 3119, REFERENTE A MARÇO/2026;;;0;1545;0,00;0,00;Liquidação;26.805,85;0,00;;26.805,85
[20196-20262566];2;20196;20262566;3200;3200;2026;20196.3.1;02/07/2026;13597589000107;MEDIMAGEM DIAGNÓSTICOS MÉDICOS POR IMAGEM;98.440,00;45.320,00;LIQUIDAÇÃO PARA PAGAMENTO DA NOTA FISCAL Nº 2537, REFERENTE A JANEIRO/2026;;;0;1545;0,00;0,00;Pagamento;45.320,00;45.320,00;98.440,00;196.880,00
[20196-20262566];2;20196;20262566;3200;3200;2026;20196.4.1;02/07/2026;13597589000107;MEDIMAGEM DIAGNÓSTICOS MÉDICOS POR IMAGEM;98.440,00;53.120,00;LIQUIDAÇÃO PARA PAGAMENTO DA NOTA FISCAL Nº 2538, REFERENTE A FEVEREIRO2026;;;0;1545;0,00;0,00;Pagamento;53.120,00;53.120,00;98.440,00;196.880,00
[20196-20262566];1;20196;20262566;3200;3200;2026;20196.1;02/07/2026;13597589000107;MEDIMAGEM DIAGNÓSTICOS MÉDICOS POR IMAGEM;98.440,00;45.320,00;LIQUIDAÇÃO PARA PAGAMENTO DA NOTA FISCAL Nº 1557, REFERENTE A JANEIRO/2026;;;0;1545;0,00;0,00;Liquidação;45.320,00;0,00;;45.320,00
[20196-20262566];1;20196;20262566;3200;3200;2026;20196.2;02/07/2026;13597589000107;MEDIMAGEM DIAGNÓSTICOS MÉDICOS POR IMAGEM;98.440,00;53.120,00;LIQUIDAÇÃO PARA PAGAMENTO DA NOTA FISCAL Nº 2422, REFERENTE A FEVEREIRO/2026;;;0;1545;0,00;0,00;Liquidação;53.120,00;0,00;;53.120,00
[20196-20262566];1;20196;20262566;3200;3200;2026;20196.3;02/07/2026;13597589000107;MEDIMAGEM DIAGNÓSTICOS MÉDICOS POR IMAGEM;98.440,00;45.320,00;LIQUIDAÇÃO PARA PAGAMENTO DA NOTA FISCAL Nº 2537, REFERENTE A JANEIRO/2026;;;0;1545;0,00;0,00;Liquidação;45.320,00;0,00;;45.320,00
[20196-20262566];1;20196;20262566;3200;3200;2026;20196.4;02/07/2026;13597589000107;MEDIMAGEM DIAGNÓSTICOS MÉDICOS POR IMAGEM;98.440,00;53.120,00;LIQUIDAÇÃO PARA PAGAMENTO DA NOTA FISCAL Nº 2538, REFERENTE A FEVEREIRO2026;;;0;1545;0,00;0,00;Liquidação;53.120,00;0,00;;53.120,00
[20183-20262075];2;20183;20262075;1601;9911;2026;20183.1.1;02/07/2026;97398136900;GISELI GONCALVES PORTO MANGABEIRA;2.113,13;2.113,13;VALOR PAGO REFERENTE A: VALOR EMPENHADO REFERENTE A: PAGAMENTO DE DIÁRIA AO SERVIDOR GISELI GONÇALVES PORTO MANGABEIRA PARTICIPAÇÃO NO CURSO NACIONAL DE TREINADORES NÍVEL III, PROMOVIDO PELA CONFEDERAÇÃO BRASILEIRA DE VOLEIBOL (CBV), NA CIDADE DE MACEIÓ/AL, COM A FINALIDADE DE CAPACITAÇÃO, APERFEIÇOAMENTO  TÉCNICO  E  ATUALIZAÇÃO  PROFISSIONAL  EM  METODOLOGIAS  DE  TREINAMENTO ESPORTIVO, VISANDO À QUALIFICAÇÃO DOS SERVIÇOS PRESTADOS E AO FORTALECIMENTO DAS AÇÕES DE DESENVOLVIMENTO DO VOLEIBOL E DO ESPORTE NO ÂMBITO MUNICIPAL.;;;0;1545;0,00;0,00;Pagamento;2.113,13;2.113,13;2.113,13;2.113,13
[20168-20262566];2;20168;20262566;3200;3200;2026;20168.1.1;02/07/2026;21329779000163;NEUROMED EXAMES E DIAGNÓSTICOS LTDA.;78.520,00;27.040,00;LIQUIDAÇÃO PARA PAGAMENTO DA NOTA FISCAL Nº 75, REFERENTE A JANEIRO/2026;;;0;1545;0,00;0,00;Pagamento;27.040,00;27.040,00;78.520,00;78.520,00
[20168-20262566];2;20168;20262566;3200;3200;2026;20168.2.1;02/07/2026;21329779000163;NEUROMED EXAMES E DIAGNÓSTICOS LTDA.;78.520,00;23.400,00;LIQUIDAÇÃO PARA PAGAMENTO DA NOTA FISCAL Nº 117, REFERENTE A FEVEREIRO/2026;;;0;1545;0,00;0,00;Pagamento;23.400,00;23.400,00;78.520,00;78.520,00
[20168-20262566];2;20168;20262566;3200;3200;2026;20168.3.1;02/07/2026;21329779000163;NEUROMED EXAMES E DIAGNÓSTICOS LTDA.;78.520,00;28.080,00;LIQUIDAÇÃO PARA PAGAMENTO DA NOTA FISCAL Nº 181, REFERENTE A MARÇO/2026;;;0;1545;0,00;0,00;Pagamento;28.080,00;28.080,00;78.520,00;78.520,00
[20168-20262566];1;20168;20262566;3200;3200;2026;20168.1;02/07/2026;21329779000163;NEUROMED EXAMES E DIAGNÓSTICOS LTDA.;78.520,00;27.040,00;LIQUIDAÇÃO PARA PAGAMENTO DA NOTA FISCAL Nº 75, REFERENTE A JANEIRO/2026;;;0;1545;0,00;0,00;Liquidação;27.040,00;0,00;;27.040,00
[20168-20262566];1;20168;20262566;3200;3200;2026;20168.2;02/07/2026;21329779000163;NEUROMED EXAMES E DIAGNÓSTICOS LTDA.;78.520,00;23.400,00;LIQUIDAÇÃO PARA PAGAMENTO DA NOTA FISCAL Nº 117, REFERENTE A FEVEREIRO/2026;;;0;1545;0,00;0,00;Liquidação;23.400,00;0,00;;23.400,00
[20168-20262566];1;20168;20262566;3200;3200;2026;20168.3;02/07/2026;21329779000163;NEUROMED EXAMES E DIAGNÓSTICOS LTDA.;78.520,00;28.080,00;LIQUIDAÇÃO PARA PAGAMENTO DA NOTA FISCAL Nº 181, REFERENTE A MARÇO/2026;;;0;1545;0,00;0,00;Liquidação;28.080,00;0,00;;28.080,00
[20095-20261912];2;20095;20261912;3200;3200;2026;20095.3.1;02/07/2026;6273582000166;RS PRODUTOS E SERVICOS LTDA;201.665,88;66.429,63;"LIQUIDAÇÃO PARA PAGAMENTO REFERENTE AOS MES DE ABRIL DE 2026
NUP: 37936/2026.
NF: 985 - VISA";;;0;1545;0,00;0,00;Pagamento;66.429,63;66.429,63;200.873,55;200.873,55
[20094-20262565];2;20094;20262565;3200;3200;2026;20094.3.1;02/07/2026;6273582000166;RS PRODUTOS E SERVICOS LTDA;292.463,92;72.089,49;"LIQIUIDAÇÃO PARA PAGAMENTO REFERENTE AOS MES DE ABRIL DE 2026.
NUP: 37936/2026
NF: 983 - PRIMÁRIA";;;0;1545;0,00;0,00;Pagamento;72.089,49;72.089,49;218.321,45;218.321,45
[20093-20260555];2;20093;20260555;3200;3200;2026;20093.3.1;02/07/2026;6273582000166;RS PRODUTOS E SERVICOS LTDA;199.637,60;99.305,56;"LIQUIDAÇÃO PARA PAGAMENTO REFERENTE AO MES DE ABRIL DE 2026
NUP: 37936/2026
NF: 982 - GESTÃO";;;0;1545;0,00;0,00;Pagamento;99.305,56;99.305,56;298.943,16;298.943,16
[20082-20260711];2;20082;20260711;3300;3300;2026;20082.1.2;02/07/2026;23584874149;CARLOS ALBERTO DIAS DE MORAES;3.178,14;3.178,14;"REPRESENTAR A SEARME EM CUMPRIMENTO DE AGENDAS INSTITUCIONAIS ESTRATÉGICAS JUNTO A ÓRGÃOS FEDERAIS E INSTITUIÇÕES
PARCEIRAS, VISANDO À CAPTAÇÃO DE RECURSOS, FORTALECIMENTO DE PROGRAMAS PÚBLICOS E AMPLIAÇÃO DE AÇÕES VOLTADAS AO
DESENVOLVIMENTO AGROPECUÁRIO E DA AGRICULTURA FAMILIAR DO MUNICÍPIO DE PALMAS, REFERENTES AO PERÍODO DE 15 A 18 DE
JUNHO DE 2026, EM RAZÃO DO DESLOCAMENTO INSTITUCIONAL DE PALMAS/TO À BRASÍLIA/DF, TOTALIZANDO 3,5  DIÁRIAS";;;0;1545;0,00;0,00;Pagamento;3.178,14;3.178,14;6.356,28;3.178,14
[18555-20260806];2;18555;20260806;3500;3500;2026;18555.1.1;02/07/2026;18033786000290;EIXO NORTE LTDA;11.053.218,00;4.308.081,46;"REGISTRO DE PREÇO PARA AQUISIÇÃO DE MASSA ASFÁLTICA DO TIPO CBUQ ( CONCRETO BETUMINOSO USINADO A QUENTE) 
ESSA COTAÇÃO É EM RELAÇÃO AOS EMPENHOS QUE FORAM ANULADOS.";41496;;0;1545;0,00;0,00;Pagamento;4.308.081,46;4.308.081,46;4.308.081,46;4.308.081,46
[18555-20260806];1;18555;20260806;3500;3500;2026;18555.1;02/07/2026;18033786000290;EIXO NORTE LTDA;11.053.218,00;4.308.081,46;"REGISTRO DE PREÇO PARA AQUISIÇÃO DE MASSA ASFÁLTICA DO TIPO CBUQ ( CONCRETO BETUMINOSO USINADO A QUENTE) 
ESSA COTAÇÃO É EM RELAÇÃO AOS EMPENHOS QUE FORAM ANULADOS.";41496;;0;1545;0,00;0,00;Liquidação;4.308.081,46;0,00;;4.308.081,46
[18534-20260848];2;18534;20260848;3700;3700;2026;18534.1.1;02/07/2026;49450180000100;PUJANÇA COMERCIO E SERVIÇOS LTDA;239,40;239,40;SEM DESCRIÇÃO;41492;;0;1545;0,00;0,00;Pagamento;239,40;239,40;239,40;239,40
[18512-20260638];2;18512;20260638;3200;3200;2026;18512.1.1;02/07/2026;24142867000140;CENTRO INTERDISCIPLINAR ESPECIALIZADO EM NEUROCIÊNCIA  E ATENDIMENTO  HUMANIZADO LTDA;400,00;400,00;"VALOR PAGO REFERENTE A: PROCEDIMENTO COMUM INFÂNCIA E JUVENTUDE Nº 0000655-87.2025.8.27.2743/TO
CARLOS EDUARDO DA SILVA TAVARES, EXAME ELETROENCEFALOGRAMA COM SEDAÇÃO";;;0;1545;0,00;0,00;Pagamento;400,00;400,00;400,00;400,00
[18507-20260638];2;18507;20260638;3200;3200;2026;18507.1.1;02/07/2026;24142867000140;CENTRO INTERDISCIPLINAR ESPECIALIZADO EM NEUROCIÊNCIA  E ATENDIMENTO  HUMANIZADO LTDA;400,00;400,00;"VALOR PAGO REFERENTE A: PROCEDIMENTO COMUM INFÂNCIA E JUVENTUDE Nº 0001252-56.2025.8.27.2743/TO
DAVI CESAR RODRIGUES DOS SANTOS. EXAME ELETROENCEFALOGRAMA COM SEDACAO";;;0;1545;0,00;0,00;Pagamento;400,00;400,00;400,00;400,00
[18498-20260638];2;18498;20260638;3200;3200;2026;18498.3.1;02/07/2026;47387032000155;VIVIANE SOARES LOPES DOS SANTOS;2.174,67;724,89;"LIQUIDAÇÃO PARA PAGAMENTO REFERENTE A MARÇO DE 2026.
NUP: 22484/2024. NF 36";;;0;1545;0,00;0,00;Pagamento;724,89;724,89;2.174,67;2.174,67
[18350-20261724];2;18350;20261724;3500;3500;2026;18350.1.1;02/07/2026;9045079000141;CAPITAL TUR TRANSPORTE E TURISMO EIRELI-ME;447.391,18;160.781,21;VALOR LIQUIDADO REFERENTE AO DEA, MES DE JULHO, NF Nº202600007 - CONTRATAÇÃO DE EMPRESA ESPECIALIZADA EM LOCAÇÃO DE ONIBUS TIPO URBANO QUE ATENDERÁ A SECRETARIA DE INFRAESTRUTURA E SERVIÇOS PUBLICOS. SEISP EM SUAS ATIVIDADES DIÁRIAS;;;0;1545;0,00;0,00;Pagamento;160.781,21;160.781,21;447.391,18;447.391,18
[18350-20261724];2;18350;20261724;3500;3500;2026;18350.2.1;02/07/2026;9045079000141;CAPITAL TUR TRANSPORTE E TURISMO EIRELI-ME;447.391,18;139.809,74;"VALOR LIQUIDADO REFERENTE AO DEA, MES DE AGOSTO, NF Nº202600008 - CONTRATAÇÃO DE EMPRESA ESPECIALIZADA EM LOCAÇÃO DE ONIBUS TIPO
URBANO QUE ATENDERÁ A SECRETARIA DE INFRAESTRUTURA E SERVIÇOS PUBLICOS. SEISP EM SUAS ATIVIDADES DIÁRIAS";;;0;1545;0,00;0,00;Pagamento;139.809,74;139.809,74;447.391,18;447.391,18
[18350-20261724];2;18350;20261724;3500;3500;2026;18350.3.1;02/07/2026;9045079000141;CAPITAL TUR TRANSPORTE E TURISMO EIRELI-ME;447.391,18;146.800,23;"VALOR LIQUIDADO REFERENTE AO DEA, MES DE SETEMBRO, NF Nº202600009 - CONTRATAÇÃO DE EMPRESA ESPECIALIZADA EM LOCAÇÃO DE ONIBUS TIPO
URBANO QUE ATENDERÁ A SECRETARIA DE INFRAESTRUTURA E SERVIÇOS PUBLICOS. SEISP EM SUAS ATIVIDADES DIÁRIAS";;;0;1545;0,00;0,00;Pagamento;146.800,23;146.800,23;447.391,18;447.391,18
[18323-20262500];2;18323;20262500;5300;5300;2026;18323.2.1;02/07/2026;36629329000163;OLIMPO - SOCIEDADE INDIVIDUAL DE ADVOCACIA;1.733,85;1.733,85;VALOR LIQUIDADO REFERENTE A REQUISIÇÃO DE PAGAMENTO DE PEQUENO VALOR - RPV, REFERENTE AO PROCESSO JUDICIAL 0002851-09.2024.8.27.2729.;;;0;1545;0,00;0,00;Pagamento;1.733,85;1.733,85;3.467,70;3.467,70
[18323-20262500];1;18323;20262500;5300;5300;2026;18323.2;02/07/2026;36629329000163;OLIMPO - SOCIEDADE INDIVIDUAL DE ADVOCACIA;1.733,85;1.733,85;VALOR LIQUIDADO REFERENTE A REQUISIÇÃO DE PAGAMENTO DE PEQUENO VALOR - RPV, REFERENTE AO PROCESSO JUDICIAL 0002851-09.2024.8.27.2729.;;;0;1545;0,00;0,00;Liquidação;1.733,85;1.733,85;;1.733,85
[18146-20261921];2;18146;20261921;7800;7800;2026;18146.1.1;02/07/2026;15590921001362;SEMPRE AUTORIDADE CERTIFICADORA LTDA;449,00;449,00;SEM DESCRIÇÃO;41339;;0;1545;0,00;0,00;Pagamento;449,00;449,00;449,00;449,00
[17746-20260813];2;17746;20260813;3500;3500;2026;17746.1.1;02/07/2026;15984883000199;ELÉTRICA RADIANTE MATERIAIS ELÉTRICOS LTDA;82.750,00;82.750,00;REGISTRO DE PREÇOS PARA A ESCOLHA DA PROPOSTA MAIS VANTAJOSA PARA FUTURA AQUISIÇÃO DE MATERIAIS ELÉTRICOS, PARA MANUTENÇÃO DA INFRAESTRUTURA DE ILUMINAÇÃO PÚBLICA DO MUNICÍPIO DE PALMAS - TO, DE INTERESSE DA SECRETARIA MUNICIPAL DE INFRAESTRUTURA E OBRAS PÚBLICAS, CONFORME CONDIÇÕES, QUANTIDADES E EXIGÊNCIAS ESTABELECIDAS NESTE EDITAL E SEUS ANEXOS;40572;;0;1545;0,00;0,00;Pagamento;82.750,00;82.750,00;82.750,00;82.750,00
[17740-20260810];2;17740;20260810;3500;3500;2026;17740.1.1;02/07/2026;11504824000115;N DOS SANTOS LTDA;249.571,85;42.901,31;REGISTRO DE PREÇOS PARA A ESCOLHA DA PROPOSTA MAIS VANTAJOSA PARA FUTURA AQUISIÇÃO DE MATERIAIS ELÉTRICOS, PARA MANUTENÇÃO DA INFRAESTRUTURA DE ILUMINAÇÃO PÚBLICA DO MUNICÍPIO DE PALMAS - TO, DE INTERESSE DA SECRETARIA MUNICIPAL DE INFRAESTRUTURA E OBRAS PÚBLICAS, CONFORME CONDIÇÕES, QUANTIDADES E EXIGÊNCIAS ESTABELECIDAS NESTE EDITAL E SEUS ANEXOS;40587;;0;1545;0,00;0,00;Pagamento;42.901,31;42.901,31;42.901,31;42.901,31
[17736-20260810];2;17736;20260810;3500;3500;2026;17736.1.1;02/07/2026;15984883000199;ELÉTRICA RADIANTE MATERIAIS ELÉTRICOS LTDA;37.740,00;37.740,00;REGISTRO DE PREÇOS PARA A ESCOLHA DA PROPOSTA MAIS VANTAJOSA PARA FUTURA AQUISIÇÃO DE MATERIAIS ELÉTRICOS, PARA MANUTENÇÃO DA INFRAESTRUTURA DE ILUMINAÇÃO PÚBLICA DO MUNICÍPIO DE PALMAS - TO, DE INTERESSE DA SECRETARIA MUNICIPAL DE INFRAESTRUTURA E OBRAS PÚBLICAS, CONFORME CONDIÇÕES, QUANTIDADES E EXIGÊNCIAS ESTABELECIDAS NESTE EDITAL E SEUS ANEXOS;40572;;0;1545;0,00;0,00;Pagamento;37.740,00;37.740,00;37.740,00;37.740,00
[17309-20262472];1;17309;20262472;2500;2500;2026;17309.2;02/07/2026;19200109000109;MONTANA SEGURANÇA LTDA EPP;5.380,32;5.380,32;PAGAMENTO REFERENTE AO MÊS DE MARÇO/2026.;;;0;1545;0,00;0,00;Liquidação;5.380,32;0,00;;5.380,32
[17074-20261088];1;17074;20261088;7100;7100;2026;17074.1;02/07/2026;34245227000119;M M PRODUCOES LTDA;120.000,00;120.000,00;VALOR LIQUIDADO REFERENTE A: VALOR EMPENHADO REFERENTE A:CONTRATAÇÃO POR INEXIGIBILIDADE/EXCLUSIVIDADE DOS ARTISTAS PAULINHO BRAGA E ELETRA E BANDA PARA O EVENTO ?CIRANDA CULTURAL? A REALIZAR-SE NO DIA 31 DE MAIO DE 2026, EM PALMAS-TO.;;;0;1545;0,00;0,00;Liquidação;120.000,00;0,00;;120.000,00
[16334-20261882];2;16334;20261882;2700;2700;2026;16334.1.1;02/07/2026;26994285000117;TOPOCART TOPOGRAFIA ENGENHARIA E AEROLEVANTAMENTOS LTDA.;181.085,57;181.085,57;VALOR EMPENHADO REFERENTE A SERVIÇO DE RESTITUIÇÃO ESTEREOFOTOGRAMÉTRICA DIGITAL.;;;0;1545;0,00;0,00;Pagamento;181.085,57;181.085,57;181.085,57;181.085,57
[14987-20260416];2;14987;20260416;2900;2900;2026;14987.2.1;02/07/2026;26753608000180;CREA -TO;3.920,40;325,17;LIQUIDAÇÃO PARA SUPRIR DESPESA COM PAGAMENTO DE TAXAS DE ANOTAÇÃO DE RESPONSABILIDADE TÉCNICA (ART) JUNTO AO CONSELHO REGIONAL DE ENGENHARIA E AGRONOMIA DO TOCANTINS (CREA/TO), DESTINADAS À REGULARIZAÇÃO DAS ATIVIDADES TÉCNICAS DESENVOLVIDAS PELOS ENGENHEIROS CIVIS E ELETRICISTAS DA SECRETARIA MUNICIPAL DA EDUCAÇÃO (SEMED) DE PALMAS DURANTE O EXERCÍCIO DE 2026.;;;0;1545;0,00;0,00;Pagamento;325,17;325,17;650,34;650,34
[14947-20260247];2;14947;20260247;2300;2300;2026;14947.1.1;02/07/2026;19200109000109;MONTANA SEGURANÇA LTDA EPP;16.477,54;8.238,77;SEM DESCRIÇÃO;;;0;1545;0,00;0,00;Pagamento;8.238,77;8.238,77;16.477,54;16.477,54
[14947-20260247];2;14947;20260247;2300;2300;2026;14947.2.1;02/07/2026;19200109000109;MONTANA SEGURANÇA LTDA EPP;16.477,54;8.238,77;SEM DESCRIÇÃO;;;0;1545;0,00;0,00;Pagamento;8.238,77;8.238,77;16.477,54;16.477,54
[14915-20262405];1;14915;20262405;5800;5800;2026;14915.1;02/07/2026;44408138000108;CREATIVE SOLUCOES ATACADISTA LTDA;165.942,34;80.386,80;REGISTRO DE PREÇOS PARA FUTURA AQUISIÇÃO DE MOBILIÁRIO PARA EQUIPAR E ESTRUTURAR OS EQUIPAMENTOS DE RESPONSABILIDADE DOS SERVIÇOS DE PROTEÇÃO SOCIAL BÁSICA E ESPECIAL;40312;;0;1545;0,00;0,00;Liquidação;80.386,80;0,00;;80.386,80
[14625-20260788];1;14625;20260788;3500;3500;2026;14625.3;02/07/2026;3422281000169;ENGIX ENGENHARIA E SERVICOS LTDA;18.919.842,50;636.408,41;"VALOR LIQUIDADO REFERENTE A NF Nº2026000481 - SERVICO MANUTENCAO PREDIAL COM FORNECIMENTO DE MATERIAIS E MAO DE OBRA, CONFORME CONTRATO Nº 030/2025, PROCESSO 2025000092;001526/2025 - 1° MEDIÇÃO - 28/04/2026 A 05/06/2026 - CONFORME PREVISTO NA RELAÇÃO DE DESPESAS DE INVESTIMENTO DO CONTRATO DEFINANCIAMENTO NÚMERO 40/00090-7 - MANUTENÇÃO QUADRA DE AREIA DO PAÇO";;;0;1545;0,00;0,00;Liquidação;636.408,41;2.567.106,57;;636.408,41
[14625-20260788];1;14625;20260788;3500;3500;2026;14625.4;02/07/2026;3422281000169;ENGIX ENGENHARIA E SERVICOS LTDA;18.919.842,50;474.744,79;"VALOR LIQUIDADO REFERENTE A NF Nº2026000477 - SERVICO MANUTENCAO PREDIAL COM FORNECIMENTO DE MATERIAIS E MAO DE OBRA, CONFORME CONTRATO Nº 030/2025, PROCESSO 2025000092;001526/2025 - 1º MEDIÇÃO - PERIODO 30/04/2026 A 30/06/2026 - CONFORME PREVISTO NA RELAÇÃO DE DESPESAS DE INVESTIMENTO DOCONTRATO DE FINANCIAMENTO NÚMERO 40/00090-7 - MANUTENÇÃO GERAL ABRIGO RAIO DE SOL";;;0;1545;0,00;0,00;Liquidação;474.744,79;2.567.106,57;;474.744,79
[14625-20260788];1;14625;20260788;3500;3500;2026;14625.5;02/07/2026;3422281000169;ENGIX ENGENHARIA E SERVICOS LTDA;18.919.842,50;736.730,55;"VALOR LIQUIDADO REFERENTE A NF Nº2026000478 - SERVICO MANUTENCAO PREDIAL COM FORNECIMENTO DE MATERIAIS E MAO DE OBRA, CONFORME CONTRATO Nº 030/2025, PROCESSO 2025000092;001526/2025 -1° MEDIÇÃO - PERIODO 20/03/2026 A 30/06/2026 - CONFORME PREVISTO NA RELAÇÃO DE DESPESAS DE INVESTIMENTO DOCONTRATO DE FINANCIAMENTO NÚMERO 40/00090-7 - EMERGENCIAL CRAS TAQUARUÇU 2026";;;0;1545;0,00;0,00;Liquidação;736.730,55;2.567.106,57;;736.730,55
[14511-20261040];2;14511;20261040;6100;6100;2026;14511.1.1;02/07/2026;14092519000151;MONTANA ASSESORIA EMPRESARIAL  LTDA;58.491,09;19.497,03;PRESTAÇÃO DE SERVIÇOS CONTÍNUOS DE COPEIRAGEM, LIMPEZA E JARDINEGEM. REF. A MAIO DE 2026;41209;;0;1545;0,00;0,00;Pagamento;19.497,03;19.497,03;19.497,03;19.497,03
[11752-20261842];2;11752;20261842;3200;3200;2026;11752.3.1;02/07/2026;24121235000108;CAMPINA ENGENHARIA LTDA;2.315.000,00;469.376,79;LIQUIDAÇÃO  DA EMPRESA ESPECIALIZADA PARA A EXECUÇÃO DE OBRA DE ENGENHARIA VOLTADA À CONSTRUÇÃO DE UM CENTRO DE ATENÇÃO PSICOSSOCIAL PORTE III (CAPS III), CONTRATO Nº 01/2026. NUP E-PALMAS: 38619/2025. NF 51;;;0;1545;0,00;0,00;Pagamento;469.376,79;469.376,79;1.897.330,62;1.897.330,62
[11460-20260991];2;11460;20260991;5800;5800;2026;11460.1.1;02/07/2026;21399312000270;JB COMERCIAL DE MEDICAMENTOS LTDA;22.120,00;4.740,00;SEM DESCRIÇÃO;41008;;0;1545;0,00;0,00;Pagamento;4.740,00;4.740,00;4.740,00;4.740,00
[11429-20260728];2;11429;20260728;3300;3300;2026;11429.1.1;02/07/2026;1200433000153;RURALBRAS-COMERCIO ATAC.E VAREJ. DE PROD;17.163,44;17.163,44;SEM DESCRIÇÃO;40905;;0;1545;0,00;0,00;Pagamento;17.163,44;17.163,44;17.163,44;17.163,44
[11423-20260731];2;11423;20260731;3300;3300;2026;11423.1.1;02/07/2026;1200433000153;RURALBRAS-COMERCIO ATAC.E VAREJ. DE PROD;11.536,74;11.536,74;SEM DESCRIÇÃO;40905;;0;1545;0,00;0,00;Pagamento;11.536,74;11.536,74;11.536,74;11.536,74
[11419-20260728];1;11419;20260728;3300;3300;2026;11419.1;02/07/2026;53253436000159;FG3 AGRO - COMERCIO DE PRODS AGROPECUARIOS LTDA;6.300,00;6.300,00;AQUISIÇÃO DE DEFENSIVOS AGRÍCOLAS, FERRAMENTAS, EQUIPAMENTOS, IMPLEMENTOS AGRÍCOLAS, MATERIAIS DE IRRIGAÇÃO, INSUMOS PARA ALIMENTAÇÃO E SUPLEMENTAÇÃO ANIMAL, AVES DE PRODUÇÃO E EQUIPAMENTOS DE PROTEÇÃO INDIVIDUAL, DESTINADOS À IMPLANTAÇÃO, MANUTENÇÃO E OPERACIONALIZAÇÃO DAS UNIDADES TÉCNICO-DEMONSTRATIVAS DA ?FAZENDINHA?, NO ÂMBITO DA AGROTINS 2026, CONFORME ESPECIFICAÇÕES E QUANTITATIVOS DEFINIDOS NESTE TERMO DE REFERÊNCIA.;40905;;0;1545;0,00;0,00;Liquidação;6.300,00;0,00;;6.300,00
[11417-20260731];2;11417;20260731;3300;3300;2026;11417.1.1;02/07/2026;1200433000153;RURALBRAS-COMERCIO ATAC.E VAREJ. DE PROD;13.745,75;13.745,75;SEM DESCRIÇÃO;40905;;0;1545;0,00;0,00;Pagamento;13.745,75;13.745,75;13.745,75;13.745,75
[11408-20261937];2;11408;20261937;1202;9912;2026;11408.2.2;02/07/2026;69144434000161;SANCETUR - SANTA CECILIA TURISMO LTDA;23.131.878,98;2.000.000,00;LIQUIDAÇÃO PARCIAL NFSE 22 CONCESSÃO DOS SERVIÇOS DE TRANSPORTE COLETIVO PÚBLICO DE PASSAGEIROS POR ÔNIBUS DO MUNICÍPIO DE PALMAS/TO SERVIÇOS PRESTADOS NO PERÍODO 01 A 31 DE MAIO DE 2026.;40206;;0;1545;0,00;0,00;Pagamento;2.000.000,00;2.000.000,00;8.941.090,33;12.057.014,33
[11406-20261929];1;11406;20261929;1202;9912;2026;11406.3;02/07/2026;4819323000162;KAELE LTDA;38.092,00;9.523,00;"LIQUIDAÇÃO REF. PRESTAÇÃO DE SERVIÇOS DE LOCAÇÃO DE VEÍCULOS ADMINISTRATIVOS E OPERACIONAIS (ADAPTADOS) SEM USO (ZERO QUILOMETRO), SEM MOTORISTA, COM QUILOMETRAGEM LIVRE, SEGURO TOTAL E SISTEMA DE RASTREAMENTO E MONITORAMENTO INCLUSO - CONTRATO N° 010/2025 (KAELE LTDA). REF: ABRIL DE 2026.
01 VEÍCULO TIPO HATCHBACK - R$ 2.823,00.
01 VEÍCULO TIPO MONTANA - R$ 6.700,00.";;;0;1545;0,00;0,00;Liquidação;9.523,00;19.046,00;;9.523,00
[11406-20261929];1;11406;20261929;1202;9912;2026;11406.4;02/07/2026;4819323000162;KAELE LTDA;38.092,00;6.983,53;"LIQUIDAÇÃO REF. PRESTAÇÃO DE SERVIÇOS DE LOCAÇÃO DE VEÍCULOS ADMINISTRATIVOS E OPERACIONAIS (ADAPTADOS) SEM USO (ZERO QUILOMETRO), SEM MOTORISTA, COM QUILOMETRAGEM LIVRE, SEGURO TOTAL E SISTEMA DE RASTREAMENTO E MONITORAMENTO INCLUSO - CONTRATO N° 010/2025 (KAELE LTDA). REF: MAIO DE 2026.
01 VEÍCULO TIPO HATCHBACK - R$ 2.823,00.
01 VEÍCULO TIPO MONTANA - R$ 6.700,00.";;;0;1545;0,00;0,00;Liquidação;6.983,53;19.046,00;;6.983,53
[11270-20260638];2;11270;20260638;3200;3200;2026;11270.1.1;02/07/2026;47387032000155;VIVIANE SOARES LOPES DOS SANTOS;6.020,25;724,89;LIQUIDADO REF. A CONTRATAÇÃO DE EMPRESA DE LIMPEZA DE PISCINAS PARA ATENDER A REDE MUNICIPAL DE SAÚDE DE PALMAS-TO. CENTRO  DE ATENÇÃO  PSICOSSOCIAL  ÁLCOOL  E DROGAS CAPS AD III - REF. AO 2º TERMO ADITIVO. NF 37 COMP. ABRIL DE 2026;;;0;1545;0,00;0,00;Pagamento;724,89;724,89;1.477,42;1.477,42
[11270-20260638];2;11270;20260638;3200;3200;2026;11270.2.1;02/07/2026;47387032000155;VIVIANE SOARES LOPES DOS SANTOS;6.020,25;752,53;LIQUIDAÇÃO REF. A CONTRATAÇÃO DE EMPRESA DE LIMPEZA DE PISCINAS PARA ATENDER A REDE MUNICIPAL DE SAÚDE DE PALMAS-TO. CENTRO  DE ATENÇÃO  PSICOSSOCIAL  ÁLCOOL  E DROGAS CAPS AD III - REF. AO 2º TERMO ADITIVO. NF 38 COMP. MAIO DE 2026;;;0;1545;0,00;0,00;Pagamento;752,53;752,53;1.477,42;1.477,42
[11265-20260175];2;11265;20260175;2100;9909;2026;11265.3.1;02/07/2026;6015659000106;R/C CARTUCHOS, INFORMATICA E PAPELARIA LTDA;22.680,00;2.520,00;SEM DESCRIÇÃO;;;0;1545;0,00;0,00;Pagamento;2.520,00;2.520,00;5.040,00;7.560,00
[11211-20261040];2;11211;20261040;6100;6100;2026;11211.1.1;02/07/2026;41034574000168;PORTO DO VAU SEGURANÇA PRIVADA LTDA;407.427,36;46.402,45;CONTRATAÇÃO DE EMPRESA ESPECIALIZADA NA PRESTAÇÃO DE SERVIÇO CONTÍNUO DE VIGILÂNCIA PATRIMONIAL ARMADA, REF. AO PERÍODO DE 20/04 A 31/05 DE 2026;40888;;0;1545;0,00;0,00;Pagamento;46.402,45;46.402,45;46.402,45;46.402,45
[10849-20261180];2;10849;20261180;9100;9100;2026;10849.1.1;02/07/2026;3104201000127;MARAJO EMPREENDIMENTOS IMOBILIARIOS LTDA;83.190,00;27.730,00;SEM DESCRIÇÃO;;;0;1545;0,00;0,00;Pagamento;27.730,00;27.730,00;27.730,00;83.190,00
[10784-20260148];2;10784;20260148;1900;1900;2026;10784.4.1;02/07/2026;58138221000100;CONECTA  COMERCIO  E  SERVIÇOS  LTDA;208.267,29;32.985,00;REGISTRO DE PREÇOS, PARA FUTURA AQUISIÇÃO DE CAL HIDRATADO CH1 (CONFORME NORMAS ABNT NBR 6473), SACO COM 20KG.;39363;;0;1545;0,00;0,00;Pagamento;32.985,00;32.985,00;153.270,30;153.270,30
[10100-20262095];1;10100;20262095;6110;6110;2026;10100.2;02/07/2026;509973;BANCO DO BRASIL SA;14.393,18;2.960,18;VALOR LIQUIDADO REFERENTE A TAXA SELIC, MESES ABIL A JUNHO DE 2026.;;;0;1545;0,00;0,00;Liquidação;2.960,18;2.923,18;;2.960,18
[8629-20261246];1;8629;20261246;9400;9400;2026;8629.4;01/07/2026;37381902000125;REDE NACIONAL DE APRENDIZAGEM, PROMOÇÃO SOCIAL E INTEGRAÇÃO;140.664,80;12.740,97;CONTRATAÇÃO DE ENTIDADE/INSTITUIÇÃO SEM FINS LUCRATIVOS PARA ELABORAÇÃO E EXECUÇÃODE PROGRAMA DE DESENVOLVIMENTO SOCIAL E INSTITUCIONAL. REF 4/2026.;40728;;0;1545;0,00;0,00;Liquidação;12.740,97;0,00;;12.740,97
[8626-20260148];2;8626;20260148;1900;1900;2026;8626.2.2;01/07/2026;36093043000106;I R SOUSA SERVIÇO E COMERCIO DE GRAMA;399.500,00;59.850,00;REGISTRO DE PREÇOS, PARA FUTURA AQUISIÇÃO DE GRAMA ESMERALDA EM PLACAS, PARA PLANTIO EM PRAÇAS, PARQUES, CANTEIROS CENTRAIS E OUTROS, PARA ATENDER AS NECESSIDADES DA SECRETARIA MUNICIPAL DE ZELADORIA URBANA;39054;;0;1545;0,00;0,00;Pagamento;59.850,00;59.850,00;215.730,00;215.730,00
[7777-20260149];2;7777;20260149;1900;1900;2026;7777.6.3;01/07/2026;3749325000160;R CARDOSO ALVES DA CRUZ & CIA LTDA -ME;630.000,00;74.947,89;LIQUIDAÇÃO TOTAL DA 23ª MEDIÇÃO, CORRESPONDENTE AO PERÍODO DE 01/03/2026 A 31/03/2026, RELATIVA À CONTRATAÇÃO DE EMPRESA ESPECIALIZADA NA PRESTAÇÃO DE SERVIÇOS COM MICROTRATORES AUTOPROPELIDOS.;40668;;0;1545;0,00;0,00;Pagamento;74.947,89;74.947,89;545.013,89;634.003,55
[7624-20260244];2;7624;20260244;2300;2300;2026;7624.4.1;01/07/2026;45591859000150;SETE DISTRIBUIDORA LTDA;8.281,25;357,75;"ÓRGÃO PARTICIPANTE DO PE 042/2025; OBJETO: AQUISIÇÃO DE ÁGUA, GÁS E GELO";39823;;0;1545;0,00;0,00;Pagamento;357,75;357,75;4.757,65;5.115,40
[7624-20260244];2;7624;20260244;2300;2300;2026;7624.5.1;01/07/2026;45591859000150;SETE DISTRIBUIDORA LTDA;8.281,25;310,25;"ÓRGÃO PARTICIPANTE DO PE 042/2025; OBJETO: AQUISIÇÃO DE ÁGUA, GÁS E GELO";39823;;0;1545;0,00;0,00;Pagamento;310,25;310,25;4.757,65;5.115,40
[7624-20260244];2;7624;20260244;2300;2300;2026;7624.6.1;01/07/2026;45591859000150;SETE DISTRIBUIDORA LTDA;8.281,25;666,25;"ÓRGÃO PARTICIPANTE DO PE 042/2025; OBJETO: AQUISIÇÃO DE ÁGUA, GÁS E GELO";39823;;0;1545;0,00;0,00;Pagamento;666,25;666,25;4.757,65;5.115,40
[7624-20260244];2;7624;20260244;2300;2300;2026;7624.7.1;01/07/2026;45591859000150;SETE DISTRIBUIDORA LTDA;8.281,25;471,50;"ÓRGÃO PARTICIPANTE DO PE 042/2025; OBJETO: AQUISIÇÃO DE ÁGUA, GÁS E GELO";39823;;0;1545;0,00;0,00;Pagamento;471,50;471,50;4.757,65;5.115,40
[7624-20260244];2;7624;20260244;2300;2300;2026;7624.8.1;01/07/2026;45591859000150;SETE DISTRIBUIDORA LTDA;8.281,25;623,50;"ÓRGÃO PARTICIPANTE DO PE 042/2025; OBJETO: AQUISIÇÃO DE ÁGUA, GÁS E GELO";39823;;0;1545;0,00;0,00;Pagamento;623,50;623,50;4.757,65;5.115,40
[6959-20260983];2;6959;20260983;5800;5800;2026;6959.1.1;01/07/2026;49450180000100;PUJANÇA COMERCIO E SERVIÇOS LTDA;190,40;190,40;AQUISIÇÃO DE EXTINTORES E RECARGA, PLACAS DE SINALIZAÇÃO, SERVIÇOS DE MANUTENÇÃO PARA ATENDER AS DEMANDAS DA SECRETARIA DE AÇÃO SOCIAL E DA MULHER.;40382;;0;1545;0,00;0,00;Pagamento;190,40;190,40;190,40;190,40
[6949-20260983];2;6949;20260983;5800;5800;2026;6949.1.1;01/07/2026;49450180000100;PUJANÇA COMERCIO E SERVIÇOS LTDA;144,00;144,00;AQUISIÇÃO DE EXTINTORES E RECARGA, PLACAS DE SINALIZAÇÃO, SERVIÇOS DE MANUTENÇÃO PARA ATENDER AS DEMANDAS DA SECRETARIA DE AÇÃO SOCIAL E DA MULHER.;40382;;0;1545;0,00;0,00;Pagamento;144,00;144,00;144,00;144,00
[6911-20260992];2;6911;20260992;5800;5800;2026;6911.1.1;01/07/2026;49450180000100;PUJANÇA COMERCIO E SERVIÇOS LTDA;54,00;54,00;AQUISIÇÃO DE EXTINTORES E RECARGA, PLACAS DE SINALIZAÇÃO, SERVIÇOS DE MANUTENÇÃO PARA ATENDER AS DEMANDAS DA SECRETARIA DE AÇÃO SOCIAL E DA MULHER.;40382;;0;1545;0,00;0,00;Pagamento;54,00;54,00;54,00;54,00
[6891-20260646];2;6891;20260646;3200;3200;2026;6891.1.2;01/07/2026;40455009000101;ALMEIDA FARMACEUTICA LTDA;19.934,50;19.934,50;O OBJETO DA PRESENTE LICITAÇÃO É O REGISTRO DE PREÇOS PARA A ESCOLHA DA PROPOSTA MAIS VANTAJOSA PARA FUTURA AQUISIÇÃO DE MEDICAMENTOS QUE RESTARAM DESERTOS E FRACASSADOS REMUME, CAPS E CONTROLADOS, DE INTERESSE DA SECRETARIA MUNICIPAL DE SAÚDE, CONFORME CONDIÇÕES, QUANTIDADES E EXIGÊNCIAS ESTABELECIDAS NESTE EDITAL E SEUS ANEXOS.;38878;;0;1545;0,00;0,00;Pagamento;19.934,50;19.934,50;39.869,00;19.934,50
[6714-20260428];2;6714;20260428;2900;2900;2026;6714.2.1;01/07/2026;16995171000138;ACE - ESCOLA MUNICIPAL MARIA VERÔNICA ALVES DE SOUSA;19.365,74;9.682,87;"VALOR PAGO REFERENTE A: VALOR EMPENHADO REFERENTE A: REPASSE PARA GASTOS COM GESTÃO ESCOLAR CONFORME LEI Nº 1.256, DE 22 DE DEZEMBRO DE 2003, COM AS ALTERAÇÕES INTRODUZIDAS PELAS LEIS Nº 2.309, DE 09 DE MAIO DE 2017; N° 3.067, DE 03 DE ABRIL 2024; E Nº 3.297, DE 13 DE NOVEMBRO DE 2025 PORTARIA/GAB/SEMED/Nº 0340, DE 25 DE NOVEMBRO DE 2025.  PAGAMENTO REFERENTE AO MÊS DE  MARÇO/2026";;;0;1545;0,00;0,00;Pagamento;9.682,87;9.682,87;19.365,74;19.365,74
[6711-20260427];2;6711;20260427;2900;2900;2026;6711.2.1;01/07/2026;16995171000138;ACE - ESCOLA MUNICIPAL MARIA VERÔNICA ALVES DE SOUSA;8.299,60;4.149,80;"VALOR PAGO REFERENTE A: REPASSE PARA GASTOS COM GESTÃO ESCOLAR CONFORME LEI Nº 1.256, DE 22 DE DEZEMBRO DE 2003, COM AS ALTERAÇÕES INTRODUZIDAS PELAS LEIS Nº 2.309, DE 09 DE MAIO DE 2017; N° 3.067, DE 03 DE ABRIL 2024; E Nº 3.297, DE 13 DE NOVEMBRO DE 2025 PORTARIA/GAB/SEMED/Nº 0340, DE 25 DE NOVEMBRO DE 2025. PAGAMENTO REFERENTE AO MÊS DE  MARÇO/2026";;;0;1545;0,00;0,00;Pagamento;4.149,80;4.149,80;8.299,60;8.299,60
[6597-20261040];1;6597;20261040;6100;6100;2026;6597.4;01/07/2026;14092519000151;MONTANA ASSESORIA EMPRESARIAL  LTDA;77.988,12;19.497,03;CONTRATAÇÃO DE EMPRESA ESPECIALIZADA NA PRESTAÇÃO DE SERVIÇOS CONTÍNUOS DE COPEIRAGEM, LIMPEZA E JARDINAGEM. REF. ABRIL DE 2026;40624;;0;1545;0,00;0,00;Liquidação;19.497,03;58.491,09;;19.497,03
[6441-20260411];2;6441;20260411;2900;2900;2026;6441.4.1;01/07/2026;34161074000121;FERRONATO LOCAÇÃO DE VEÍCULOS LTDA;94.675,00;13.525,00;LIQUIDAÇÃO NF 20260000238 REFERENTE AO MÊS DE MAIO DE 2026 PARA SUPRIR DESPESA COM CONTRATAÇÃO DE EMPRESA ESPECIALIZADA PARA PRESTAÇÃO DE SERVIÇOS DE MANUTENÇÃO PREVENTIVA E CORRETIVA DE APARELHOS DE AR CONDICIONADO, MANUTENÇÃO PREVENTIVA.;;;0;1545;0,00;0,00;Pagamento;13.525,00;13.525,00;67.625,00;67.625,00
[6078-20260412];2;6078;20260412;2900;2900;2026;6078.5.1;01/07/2026;5302688000188;S. DE PAULA & CIA. LTDA. - EPP;1.375.266,87;152.807,43;LIQUIDAÇÃO DO RECIBO DE LOCAÇÃO DE IMÓVEL Nº 05/2026, EMITIDO 15/06/2026, REFERENTE AO MÊS DE MAIO, CORRESPONDENTE A DESPESA COM LOCAÇÃO DE IMÓVEL PARA SECRETARIA MUNICIPAL DA EDUCAÇÃO DE PALMAS/TO, LOCALIZADO A QUADRA 202 SUL, AVENIDA TEOTÔNIO SEGURADO, CONJUNTO 01, LOTE 07, PLANO DIRETOR SUL, EM PALMAS/TO, COM UMA ÁREA PREDIAL TOTAL DE 6.018,41 M², REFERENTE AO EXERCÍCIO DE 2026.;;;0;1545;0,00;0,00;Pagamento;152.807,43;152.807,43;764.037,15;764.037,15
[6061-20261825];1;6061;20261825;2900;2900;2026;6061.5;01/07/2026;41034574000168;PORTO DO VAU SEGURANÇA PRIVADA LTDA;489.000,00;67.904,56;LIQUIDAÇÃO DA NOTA FISCAL 2026000000045, REFERENTE AO MÊS DE MAIO DE 2026, CORRESPONDENTE A PRESTAÇÃO DE SERVIÇOS CONTÍNUOS DE VIGILÂNCIA PATRIMONIAL ARMADA E DESARMADA, COM DEDICAÇÃO EXCLUSIVA DE MÃO DE OBRA, PARA ATENDER ÀS  NECESSIDADES DA SECRETARIA MUNICIPAL DE EDUCAÇÃO DO MUNICÍPIO DE PALMAS/TO.;;;0;1545;0,00;0,00;Liquidação;67.904,56;271.618,24;;67.904,56
[3444-20260380];1;3444;20260380;2700;2700;2026;3444.5;01/07/2026;5355405000166;IKHON GESTAO CONHECIMENTOS E TECNOLOGIA LTDA;585.480,00;97.580,00;"CONTRATAÇÃO DA EMPRESA:IKHON, ESPECIALIZADA EM SERVIÇOS DE GESTÃO DE TECNOLOGIA
2022009034 (Nº DO PROCESSO NO PRODATA) - NUP: 006065/2023 (VOL 6)

CONTRATO Nº 07/2022";40402;;0;1545;0,00;0,00;Liquidação;97.580,00;390.320,00;;97.580,00
[20879-20262564];0;20879;20262564;3200;3200;2026;20879;01/07/2026;9384382000179;GLOBAL PRODUÇÕES E EMPREENDIMENTOS LTDA-ME;644.432,92;0,00;"VALOR EMPENHADO REFERENTE A: VALOR EMPENHADO REFERENTE A: PRESTAÇÃO DE SERVIÇOS CONTINUADOS COM DEDICAÇÃO EXCLUSIVA DE MÃO DE OBRA DE SERVIÇOS DE LIMPEZA, COPEIRAGEM E RECEPÇÃO. REFERENTE AO MÊS DE ABRIL DE 2026. - MAC 
PROCESSO NUP: 021155/2024";;;0;1545;0,00;0,00;Empenho;644.432,92;0,00;0,00;0,00
[20878-20262565];0;20878;20262565;3200;3200;2026;20878;01/07/2026;9384382000179;GLOBAL PRODUÇÕES E EMPREENDIMENTOS LTDA-ME;700.690,25;0,00;"VALOR EMPENHADO REFERENTE A: PRESTAÇÃO DE SERVIÇOS CONTINUADOS COM DEDICAÇÃO EXCLUSIVA DE MÃO DE OBRA DE SERVIÇOS DE LIMPEZA, COPEIRAGEM E RECEPÇÃO. REFERENTE AO MÊS DE ABRIL DE 2026. - ATENÇÃO PRIMARIA.
PROCESSO NUP: 021155/2024";;;0;1545;0,00;0,00;Empenho;700.690,25;0,00;0,00;0,00
[20877-20262415];1;20877;20262415;5300;5300;2026;20877.1;01/07/2026;58771255168;JOAO BATISTA ALVES DE ARAUJO;5.621,34;5.621,34;VALOR EMPENHADO REFERENTE A REQUISIÇÃO DE PAGAMENTO DE PEQUENO VALOR - RPV, REFERENTE AO PROCESSO JUDICIAL Nº 0000195-45.2025.8.27.2729;;;0;1545;0,00;0,00;Liquidação;5.621,34;0,00;;5.621,34
[20877-20262415];0;20877;20262415;5300;5300;2026;20877;01/07/2026;58771255168;JOAO BATISTA ALVES DE ARAUJO;5.621,34;0,00;VALOR EMPENHADO REFERENTE A REQUISIÇÃO DE PAGAMENTO DE PEQUENO VALOR - RPV, REFERENTE AO PROCESSO JUDICIAL Nº 0000195-45.2025.8.27.2729;;;0;1545;0,00;0,00;Empenho;5.621,34;0,00;0,00;0,00
[20876-20260555];0;20876;20260555;3200;3200;2026;20876;01/07/2026;21545863000114;ORZIL CONSULTORIA E TREINAMENTO LTDA;19.788,00;0,00;CONTRATAÇÃO DE SERVIÇOS DE CAPACITAÇÃO E TREINAMENTO, CONSISTINDO NA INSCRIÇÃO DE 04 (QUATRO) SERVIDORES DA SECRETARIA MUNICIPAL DE SAÚDE DE PALMAS - SEMUS NO CURSO COMO GERIR, MONITORAR E AVALIAR AS PARCERIAS CELEBRADAS PELO MROSC, NA MODALIDADE PRESENCIAL, COM CARGA HORÁRIA DE 16 (DEZESSEIS) HORAS, 2 DIAS, A SER REALIZADO PRESENCIALMENTE NOS DIAS 01 E 02 DE JULHO DE 2026, NA CIDADE DE BRASÍLIA - DF.;41544;;0;1545;0,00;0,00;Empenho;19.788,00;0,00;0,00;0,00
[20875-20260551];0;20875;20260551;3200;3200;2026;20875;01/07/2026;3506307000157;TICKET SOLUÇÕES HDFGT S/A;126.640,96;0,00;"EMPENHO PARA 3º TERMO ADITVO AO CONTRATO 77/2023 - PRESTAÇÃO DE SERVIÇOS DE GERENCIAMENTO, CONTROLE DE FROTA E FORNECIMENTO DE COMBUSTÍVEL.
SERVIÇOS ADMINISTRATIVO - GESTÃO.
NUP: 0.019044/2024.";41525;;0;1545;0,00;0,00;Empenho;126.640,96;0,00;0,00;0,00
[20874-20260806];0;20874;20260806;3500;3500;2026;20874;01/07/2026;8336895000141;CUSTOMIZACAO EM ASFALTOS E PAVIMENTOS LTDA.;215.580,40;0,00;FUTURA CONTRATAÇÃO DE EMPRESA ESPECIALIZADA PARA FORNECIMENTO DE MATERIAL BETUMINOSO RL-1C, RR-2C E CM-30. (SALDO RESTANTE);40266;;0;1545;0,00;0,00;Empenho;215.580,40;0,00;0,00;0,00
[20873-20261203];0;20873;20261203;9300;9300;2026;20873;01/07/2026;26640235000131;OLYMPIA EMPREENDIMENTOS IMOBILIARIOS LTDA;28.019,70;0,00;EMPENHO REFERENTE AO CONTRATO N° 008/2022, PROCESSO: 2022041805 - LOCAÇÃO DE IMÓVEL COMERCIAL, TIPO GALPÃO;;;0;1545;0,00;0,00;Empenho;28.019,70;0,00;0,00;0,00
[20872-20262415];1;20872;20262415;5300;5300;2026;20872.1;01/07/2026;540026131;POLLYANA GLORIA VALENÇA CAETANO;7.841,54;7.841,54;VALOR EMPENHADO REFERENTE A REQUISIÇÃO DE PAGAMENTO DE PEQUENO VALOR - RPV, REFERENTE AO PROCESSO JUDICIAL Nº 0014347-98.2025.8.27.2729;;;0;1545;0,00;0,00;Liquidação;7.841,54;0,00;;7.841,54
[20872-20262415];0;20872;20262415;5300;5300;2026;20872;01/07/2026;540026131;POLLYANA GLORIA VALENÇA CAETANO;7.841,54;0,00;VALOR EMPENHADO REFERENTE A REQUISIÇÃO DE PAGAMENTO DE PEQUENO VALOR - RPV, REFERENTE AO PROCESSO JUDICIAL Nº 0014347-98.2025.8.27.2729;;;0;1545;0,00;0,00;Empenho;7.841,54;0,00;0,00;0,00
[20871-20262268];0;20871;20262268;7100;7100;2026;20871;01/07/2026;9597053000106;V3BR LOCAÇÕES E EVENTOS LTDA;543.097,62;0,00;"VALOR EMPENHADO REFERENTE A: CONTRATAÇÃO DE EMPRESA ESPECIALIZADA NA PRESTAÇÃO DE SERVIÇOS DE
ORNAMENTAÇÃO, AMBIENTAÇÃO E DECORAÇÃO TEMÁTICA, DESTINADOS AO ATENDIMENTO DAS PROGRAMAÇÕES CULTURAIS, ARTÍSTICAS,
INSTITUCIONAIS E COMEMORATIVAS DESENVOLVIDAS PELA FUNDAÇÃO CULTURAL DE PALMAS AO LONGO DO EXERCÍCIO DE 2026";;;0;1545;0,00;0,00;Empenho;543.097,62;0,00;0,00;0,00
[20870-20262268];0;20870;20262268;7100;7100;2026;20870;01/07/2026;22526936000193;VDJ PRODUCOES LTDA;25.000,00;0,00;VALOR EMPENHADO REFERENTE A: CONTRATAÇÃO DE SHOW ARTÍSTICO MUSICAL COM THEO SANTANA PARA O ARRAIA DA CAPITAL 2026;;;0;1545;0,00;0,00;Empenho;25.000,00;0,00;0,00;0,00
[20869-20262268];0;20869;20262268;7100;7100;2026;20869;01/07/2026;60439810000170;60.439.810 MARIA EDUARDA SANTOS DE SOUSA ROCHA;26.500,00;0,00;"VALOR EMPENHADO REFERENTE A: CONTRATAÇÃO  DIRETA  DE  APRESENTAÇÃO  DA  BANDA  3  TONS  DE  PRETO,  A  SER 
REALIZADO NO DIA 27 DE JUNHO DE 2026, NO ESTÁDIO NILTON SANTOS, DURANTE AS FESTIVIDADES DO 34º ARRAIÁ DA CAPITAL.";;;0;1545;0,00;0,00;Empenho;26.500,00;0,00;0,00;0,00
[20868-20262268];0;20868;20262268;7100;7100;2026;20868;01/07/2026;30658048000152;LUAL PRODUCOES ARTISTICAS LTDA;250.000,00;0,00;"VALOR EMPENHADO REFERENTE A:  CONTRATAÇÃO DIRETA DE APRESENTAÇÃO DE SHOWS ARTÍSTICO MUSICAL COM A LUCY ALVES, A SER REALIZADO NOS DIAS 25 A 28 DE JUNHO DE 2026, NO ESTÁDIO NILTON SANTOS, DURANTES AS FESTIVIDADES DO 34º ARRAIÁ DA CAPITAL, 
NO MUNICIPIO DE PALMAS-TO.";;;0;1545;0,00;0,00;Empenho;250.000,00;0,00;0,00;0,00
[20867-20262268];0;20867;20262268;7100;7100;2026;20867;01/07/2026;7298107000107;TN PRODUCOES LTDA;250.000,00;0,00;VALOR EMPENHADO REFERENTE A: VALOR EMPENHADO REFERENTE A: CONTRATAÇÃO DIRETA DE APRESENTAÇÃO DE SHOWS ARTÍSTICO MUSICAL COM A BANDA FORRÓ DO MUIDO A SER REALIZADO NOS DIAS 28 DE JUNHO DE 2026, NO ESTÁDIO NILTON SANTOS, DURANTES AS FESTIVIDADES DO 34º ARRAIÁ DA CAPITAL, NO MUNICIPIO DE PALMAS-TO.;;;0;1545;0,00;0,00;Empenho;250.000,00;0,00;0,00;0,00
[20866-20262206];0;20866;20262206;5800;5800;2026;20866;01/07/2026;6343763000111;FUNDAÇÃO DE APOIO CIENTIFICO E TECNOLOGICO DO TOCANTINS;4.686,13;0,00;"VALOR EMPENHADO REFERENTE A CONTRATAÇÃO  DE SERVIÇOS DE CAPACITAÇÃO PARA A EQUIPE MULTIPROFISSIONAL DA PRIMEIRA INSTITUIÇÃO DE LONGA 
PERMANÊNCIA PARA IDOSOS (ILPI) PÚBLICA DO MUNICÍPIO DE PALMAS/TO";;;0;1545;0,00;0,00;Empenho;4.686,13;0,00;0,00;0,00
[20865-20262268];0;20865;20262268;7100;7100;2026;20865;01/07/2026;24379006000180;MAGNUM BATATINHA FRITA LTDA;60.000,00;0,00;"VALOR EMPENHADO REFERENTE A: CONTRATAÇÃO DO PALHAÇO BATATINHA FRITA LTDA PARA APRESENTAÇÃO ARTÍSTICA 
NO 34° ARRAIÁ DA CAPITAL, A REALIZAR-SE NOS DIAS 25 Á 28 DE JUNHO DE 2026, 
EM AMBIENTE PÚBLICO.";;;0;1545;0,00;0,00;Empenho;60.000,00;0,00;0,00;0,00
[20864-20262268];0;20864;20262268;7100;7100;2026;20864;01/07/2026;12268721000166;DORIVAN BORGES DA SILVA;26.500,00;0,00;VALOR EMPENHADO REFERENTE A: CONTRATAÇÃO DIRETA DE APRESENTAÇÃO DO ARTISTA DORIVÃ, A SER REALIZADO NO DIA 27 DE  JUNHO  DE  2026,  NO  ESTÁDIO  NILTON  SANTOS,  DURANTES  AS  FESTIVIDADES  DO  34º ARRAIÁ DA CAPITAL.;;;0;1545;0,00;0,00;Empenho;26.500,00;0,00;0,00;0,00
[20863-20262205];0;20863;20262205;5800;5800;2026;20863;01/07/2026;6343763000111;FUNDAÇÃO DE APOIO CIENTIFICO E TECNOLOGICO DO TOCANTINS;57.613,87;0,00;"VALOR EMPENHADO REFERENTE A CONTRATAÇÃO  DE SERVIÇOS DE CAPACITAÇÃO PARA A EQUIPE MULTIPROFISSIONAL DA PRIMEIRA INSTITUIÇÃO DE LONGA 
PERMANÊNCIA PARA IDOSOS (ILPI) PÚBLICA DO MUNICÍPIO DE PALMAS/TO";;;0;1545;0,00;0,00;Empenho;57.613,87;0,00;0,00;0,00
[20862-20262268];0;20862;20262268;7100;7100;2026;20862;01/07/2026;12265819000160;ARTE & SHOW PRODUCOES;26.500,00;0,00;"VALOR EMPENHADO REFERENTE A: CONTRATAÇÃO  DIRETA  DA  DUPLA  VICTOR  SENNA  E  GABRIEL  E  BANDA,  A  SER 
REALIZADO NO DIA 28 DE JUNHO DE 2026, NO ESTÁDIO NILTON SANTOS, DURANTE 
AS FESTIVIDADES DO 34º ARRAIÁ DA CAPITAL.";;;0;1545;0,00;0,00;Empenho;26.500,00;0,00;0,00;0,00
[20861-20262268];1;20861;20262268;7100;7100;2026;20861.1;01/07/2026;19960826000120;MOLECA SERVICOS DE PRODUCOES E EVENTOS LTDA;200.000,00;200.000,00;VALOR LIQUIDADO REFERENTE A: VALOR EMPENHADO REFERENTE A: PROCESSO ADMINISTRATIVO DE CONTRATAÇÃO DIRETA DA BANDA MOLECA 100 VERGONHA, POR MEIO DE INEXIGIBILIDADE DE LICITAÇÃO PARA APRESENTAÇÃO ARTÍSTICA DURANTE O 34º ARRAIÁ DA CAPITAL, A REALIZAR-SE NO ESTÁDIO NILTON SANTOS, NO DIA 26 DE JUNHO DE 2026.;;;0;1545;0,00;0,00;Liquidação;200.000,00;0,00;;200.000,00
[20861-20262268];0;20861;20262268;7100;7100;2026;20861;01/07/2026;19960826000120;MOLECA SERVICOS DE PRODUCOES E EVENTOS LTDA;200.000,00;0,00;VALOR EMPENHADO REFERENTE A: VALOR EMPENHADO REFERENTE A: PROCESSO ADMINISTRATIVO DE CONTRATAÇÃO DIRETA DA BANDA MOLECA 100 VERGONHA, POR MEIO DE INEXIGIBILIDADE DE LICITAÇÃO PARA APRESENTAÇÃO ARTÍSTICA DURANTE O 34º ARRAIÁ DA CAPITAL, A REALIZAR-SE NO ESTÁDIO NILTON SANTOS, NO DIA 26 DE JUNHO DE 2026.;;;0;1545;0,00;0,00;Empenho;200.000,00;0,00;0,00;0,00
[20860-20262575];0;20860;20262575;3200;3200;2026;20860;01/07/2026;3506307000157;TICKET SOLUÇÕES HDFGT S/A;110.218,17;0,00;"EMPENHO PARA 3º TERMO ADITVO AO CONTRATO 77/2023 - PRESTAÇÃO DE SERVIÇOS DE GERENCIAMENTO, CONTROLE DE FROTA E FORNECIMENTO DE COMBUSTÍVEL.
ATENÇÃO PRIMARIA. 
NUP: 0.019044/2024.";41540;;0;1545;0,00;0,00;Empenho;110.218,17;0,00;0,00;0,00
[20859-20262575];0;20859;20262575;3200;3200;2026;20859;01/07/2026;3506307000157;TICKET SOLUÇÕES HDFGT S/A;90.178,43;0,00;"EMPENHO PARA 3º TERMO ADITVO AO CONTRATO 77/2023 - PRESTAÇÃO DE SERVIÇOS DE GERENCIAMENTO, CONTROLE DE FROTA E FORNECIMENTO DE COMBUSTÍVEL.
ATENÇÃO PRIMARIA 
NUP: 0.019044/2024.";41541;;0;1545;0,00;0,00;Empenho;90.178,43;0,00;0,00;0,00
[20858-20262268];0;20858;20262268;7100;7100;2026;20858;01/07/2026;8618930000115;PROMOVE PRODUÇÕES DE EVENTOS ARTISTICOS - EIRELI;240.000,00;0,00;VALOR EMPENHADO REFERENTE A: VALOR EMPENHADO REFERENTE A: CONTRATAÇÃO DA BANDA COMPANHIA DO CALYPSO PARA UMA APRESENTAÇÃO NO 34º ARRAIÁ DA CAPITAL QUE ACONTECERÁ ENTRE OS DIAS 25 A 28 DE JUNHO DE 2026;;;0;1545;0,00;0,00;Empenho;240.000,00;0,00;0,00;0,00
[20857-20262511];1;20857;20262511;5300;5300;2026;20857.1;01/07/2026;60859318168;NADIA  APARECIDA SANTOS;4.093,48;4.093,48;VALOR LIQUIDADO REFERENTE A: VALOR EMPENHADO REFERENTE A: PAGAMENTO DE RPV EM FAVOR DE NADIA APARECIDA SANTOS, REFERENTE AO PROCESSO JUDICIAL N° 0000010-28.2024.5.10.0801;;;0;1545;0,00;0,00;Liquidação;4.093,48;0,00;;4.093,48
[20857-20262511];0;20857;20262511;5300;5300;2026;20857;01/07/2026;60859318168;NADIA  APARECIDA SANTOS;4.093,48;0,00;VALOR EMPENHADO REFERENTE A: VALOR EMPENHADO REFERENTE A: PAGAMENTO DE RPV EM FAVOR DE NADIA APARECIDA SANTOS, REFERENTE AO PROCESSO JUDICIAL N° 0000010-28.2024.5.10.0801;;;0;1545;0,00;0,00;Empenho;4.093,48;0,00;0,00;0,00
[20853-20262546];0;20853;20262546;3200;3200;2026;20853;01/07/2026;3506307000157;TICKET SOLUÇÕES HDFGT S/A;362.722,52;0,00;"EMPENHO PARA 3º TERMO ADITVO AO CONTRATO 77/2023 - PRESTAÇÃO DE SERVIÇOS DE GERENCIAMENTO, CONTROLE DE FROTA E FORNECIMENTO DE COMBUSTÍVEL.
MAC 
NUP: 0.019044/2024.";41537;;0;1545;0,00;0,00;Empenho;362.722,52;0,00;0,00;0,00
[20852-20262511];1;20852;20262511;5300;5300;2026;20852.1;01/07/2026;60263873234;NEWTON CESAR DA SILVA LOPES;537,31;537,31;VALOR LIQUIDADO REFERENTE A: REQUISIÇÃO DE PEQUENO VALOR - RPV AO BENFICIÁRIO NEWTON CESAR DA SILVA LOPES, REFERENTE AO PROCESSO JUDICIAL N° 0002558-23.2024.5.10.0802, VALOR DE R$ 537,31 (QUINHENTOS E TRINTA E SETE REAIS E TRINTA E UM CENTAVOS).;;;0;1545;0,00;0,00;Liquidação;537,31;0,00;;537,31
[20852-20262511];0;20852;20262511;5300;5300;2026;20852;01/07/2026;60263873234;NEWTON CESAR DA SILVA LOPES;537,31;0,00;VALOR EMPENHADO REFERENTE A: REQUISIÇÃO DE PEQUENO VALOR - RPV AO BENFICIÁRIO NEWTON CESAR DA SILVA LOPES, REFERENTE AO PROCESSO JUDICIAL N° 0002558-23.2024.5.10.0802, VALOR DE R$ 537,31 (QUINHENTOS E TRINTA E SETE REAIS E TRINTA E UM CENTAVOS).;;;0;1545;0,00;0,00;Empenho;537,31;0,00;0,00;0,00
[20851-20262546];0;20851;20262546;3200;3200;2026;20851;01/07/2026;3506307000157;TICKET SOLUÇÕES HDFGT S/A;40.302,46;0,00;"EMPENHO PARA 3º TERMO ADITVO AO CONTRATO 77/2023 - PRESTAÇÃO DE SERVIÇOS DE GERENCIAMENTO, CONTROLE DE FROTA E FORNECIMENTO DE COMBUSTÍVEL.
MAC
NUP: 0.019044/2024.";41538;;0;1545;0,00;0,00;Empenho;40.302,46;0,00;0,00;0,00
[20850-20261468];0;20850;20261468;2900;2900;2026;20850;01/07/2026;60967551000150;INSTITUTO PRESBITERIANO MACKENZIE;523.984,50;0,00;EMPENHO REFERENTE A LOCAÇÃO DE IMÓVEL URBANO PARA FINS INSTITUCIONAIS, ESPECIFICAMENTE UM PRÉDIO COM VOCAÇÃO EDUCACIONAL, DESTINADO À INSTALAÇÃO DE UNIDADE EDUCACIONAL INTEGRANTE DA REDE MUNICIPAL DE ENSINO DE PALMAS/TO.;;;0;1545;0,00;0,00;Empenho;523.984,50;0,00;0,00;0,00
[20849-20261468];0;20849;20261468;2900;2900;2026;20849;01/07/2026;60967551000150;INSTITUTO PRESBITERIANO MACKENZIE;523.984,50;0,00;EMPENHO REFERENTE A LOCAÇÃO DE IMÓVEL URBANO PARA FINS INSTITUCIONAIS, ESPECIFICAMENTE UM PRÉDIO COM VOCAÇÃO EDUCACIONAL, DESTINADO À INSTALAÇÃO DE UNIDADE EDUCACIONAL INTEGRANTE DA REDE MUNICIPAL DE ENSINO DE PALMAS/TO.;;;0;1545;0,00;0,00;Empenho;523.984,50;0,00;0,00;0,00
[20848-20262566];0;20848;20262566;3200;3200;2026;20848;01/07/2026;13597589000107;MEDIMAGEM DIAGNÓSTICOS MÉDICOS POR IMAGEM;32.954,15;0,00;"EMPENHO PARA PAGAMENTO S ALDO REFERENTE A MARÇO DE 2026.
NUP: 23094/2024.";;;0;1545;0,00;0,00;Empenho;32.954,15;0,00;0,00;0,00
[20847-20261040];1;20847;20261040;6100;6100;2026;20847.1;01/07/2026;14092519000151;MONTANA ASSESORIA EMPRESARIAL  LTDA;11.872,55;11.872,55;REPACTUAÇÃO DO CONTRATO: 03/2024. CONSIDERANDO OS SERVICÇOS DE COPEIRAGEM, JARDINAGEM E SERVICOS GERAIS. COM FORNECIMENTO DE TODO MATERIAL E EQUIPAMENTOS QUE SE FIZEREM NECESSÁRIOS A EXECUÇÃO DOS SERVIÇOS. RETROATIVO REFERENTE A REPACTUAÇÃO 2025 - JANEIRO A MAIO DE 2026.;;;0;1545;0,00;0,00;Liquidação;11.872,55;0,00;;11.872,55
[20847-20261040];0;20847;20261040;6100;6100;2026;20847;01/07/2026;14092519000151;MONTANA ASSESORIA EMPRESARIAL  LTDA;11.872,55;0,00;REPACTUAÇÃO DO CONTRATO: 03/2024. CONSIDERANDO OS SERVICÇOS DE COPEIRAGEM, JARDINAGEM E SERVICOS GERAIS. COM FORNECIMENTO DE TODO MATERIAL E EQUIPAMENTOS QUE SE FIZEREM NECESSÁRIOS A EXECUÇÃO DOS SERVIÇOS. RETROATIVO REFERENTE A REPACTUAÇÃO 2025 - JANEIRO A MAIO DE 2026.;;;0;1545;0,00;0,00;Empenho;11.872,55;0,00;0,00;0,00
[20846-20262566];0;20846;20262566;3200;3200;2026;20846;01/07/2026;577777000113;COOPERATIVA DOS MÉDICOS ANESTESIOLOGISTA DO TOCANTINS;480.000,00;0,00;"EMPENHO PARA TERMO ADITIVO REF. AO CONTRATO Nº 18/2022 PARA PERIODO DE  JULHO A DEZEMBRO/2026.
NUP: 22951/2024.";;;0;1545;0,00;0,00;Empenho;480.000,00;0,00;0,00;0,00
[20845-20262511];1;20845;20262511;5300;5300;2026;20845.1;01/07/2026;60859318168;NADIA  APARECIDA SANTOS;5.414,77;5.414,77;VALOR LIQUIDADO REFERENTE A: PAGAMENTO DE RPV EM FAVOR DE NADIA APARECIDA SANTOS, REFERENTE AO PROCESSO JUDICILA N° 0000256-21.2024.5.10.0802;;;0;1545;0,00;0,00;Liquidação;5.414,77;0,00;;5.414,77
[20845-20262511];0;20845;20262511;5300;5300;2026;20845;01/07/2026;60859318168;NADIA  APARECIDA SANTOS;5.414,77;0,00;VALOR EMPENHADO REFERENTE A: PAGAMENTO DE RPV EM FAVOR DE NADIA APARECIDA SANTOS, REFERENTE AO PROCESSO JUDICILA N° 0000256-21.2024.5.10.0802;;;0;1545;0,00;0,00;Empenho;5.414,77;0,00;0,00;0,00
[20844-20261912];0;20844;20261912;3200;3200;2026;20844;01/07/2026;25086034000171;ENERGISA TOCANTINS - DISTRIBUIDORA DE ENERGISA S/A;51.882,28;0,00;"VALOR EMPENHADO REFERENTE A: FORNECIMENTO DE ENERGIA ELÉTRICA
REF: JUNHO DE 2026
NUP: 019803/2024
VISA";;;0;1545;0,00;0,00;Empenho;51.882,28;0,00;0,00;0,00
[20843-20262564];0;20843;20262564;3200;3200;2026;20843;01/07/2026;25086034000171;ENERGISA TOCANTINS - DISTRIBUIDORA DE ENERGISA S/A;248.769,96;0,00;"VALOR EMPENHADO REFERENTE A: FORNECIMENTO DE ENERGIA ELÉTRICA
REF: JUNHO DE 2026
NUP: 019803/2024
MAC";;;0;1545;0,00;0,00;Empenho;248.769,96;0,00;0,00;0,00
[20842-20262565];0;20842;20262565;3200;3200;2026;20842;01/07/2026;25086034000171;ENERGISA TOCANTINS - DISTRIBUIDORA DE ENERGISA S/A;257.599,42;0,00;"VALOR EMPENHADO REFERENTE A: FORNECIMENTO DE ENERGIA ELÉTRICA
REF: JUNHO DE 2026
NUP: 019803/2024
PRIMÁRIA";;;0;1545;0,00;0,00;Empenho;257.599,42;0,00;0,00;0,00
[20841-20260362];2;20841;20260362;2700;2700;2026;20841.1.1;01/07/2026;76990656115;FABIANO FRANCISCO DE SOUZA;19.410,00;19.410,00;"VALOR PAGO REFERENTE A: CURSO DE FORMAÇÃO ESPECIALIZADA ""GOVERNANÇA FISCAL E ECONOMIA DIGITAL"", NOS DIAS 06 A 10 DE JULHO, PROMOVIDO PELA ASSOCIAÇÃO BRASILEIRA DAS SECRETARIAS DE FINANÇAS DAS CAPITAIS (ABRASF), EM PARCERIA COM O INSTITUTO SUPERIOR DE CIÊNCIAS SOCIAIS E POLÍTICAS DA UNIVERSIDADE DE LISBOA (ISCSP-ULISBOA), POR MEIO DO SEU INSTITUTO DE ADMINISTRAÇÃO E POLÍTICAS PÚBLICAS (ISCSP-IAPP).  PERÍODO DA VIAGEM: 04 A 11 DE JULHO DE 2026.";;;0;1545;0,00;0,00;Pagamento;19.410,00;19.410,00;19.410,00;19.410,00
[20841-20260362];1;20841;20260362;2700;2700;2026;20841.1;01/07/2026;76990656115;FABIANO FRANCISCO DE SOUZA;19.410,00;19.410,00;"VALOR LIQUIDADO REFERENTE A: CURSO DE FORMAÇÃO ESPECIALIZADA ""GOVERNANÇA FISCAL E ECONOMIA DIGITAL"", NOS DIAS 06 A 10 DE JULHO, PROMOVIDO PELA ASSOCIAÇÃO BRASILEIRA DAS SECRETARIAS DE FINANÇAS DAS CAPITAIS (ABRASF), EM PARCERIA COM O INSTITUTO SUPERIOR DE CIÊNCIAS SOCIAIS E POLÍTICAS DA UNIVERSIDADE DE LISBOA (ISCSP-ULISBOA), POR MEIO DO SEU INSTITUTO DE ADMINISTRAÇÃO E POLÍTICAS PÚBLICAS (ISCSP-IAPP).  PERÍODO DA VIAGEM: 04 A 11 DE JULHO DE 2026.";;;0;1545;0,00;0,00;Liquidação;19.410,00;0,00;;19.410,00
[20841-20260362];0;20841;20260362;2700;2700;2026;20841;01/07/2026;76990656115;FABIANO FRANCISCO DE SOUZA;19.410,00;0,00;"VALOR EMPENHADO REFERENTE A: CURSO DE FORMAÇÃO ESPECIALIZADA ""GOVERNANÇA FISCAL E ECONOMIA DIGITAL"", NOS DIAS 06 A 10 DE JULHO, PROMOVIDO PELA ASSOCIAÇÃO BRASILEIRA DAS SECRETARIAS DE FINANÇAS DAS CAPITAIS (ABRASF), EM PARCERIA COM O INSTITUTO SUPERIOR DE CIÊNCIAS SOCIAIS E POLÍTICAS DA UNIVERSIDADE DE LISBOA (ISCSP-ULISBOA), POR MEIO DO SEU INSTITUTO DE ADMINISTRAÇÃO E POLÍTICAS PÚBLICAS (ISCSP-IAPP).  PERÍODO DA VIAGEM: 04 A 11 DE JULHO DE 2026.";;;0;1545;0,00;0,00;Empenho;19.410,00;0,00;0,00;0,00
[20840-20262415];1;20840;20262415;5300;5300;2026;20840.1;01/07/2026;2651049123;IASSER VIEIRA MARTINS;3.582,06;3.582,06;VALOR LIQUIDADO REFERENTE A: REQUISIÇÃO DE PEQUENO VALOR - RPV AO BENFICIÁRIO IASSER VIEIRA MARTINS, REFERENTE AO PROCESSO JUDICIAL N°002558-23.2024.5.10.0802, VALOR DE R$ 3.582,06 (TRÊS MIL, QUINHENTOS E OITENTA E DOIS REAIS E SEIS CENTAVOS).;;;0;1545;0,00;0,00;Liquidação;3.582,06;0,00;;3.582,06
[20840-20262415];0;20840;20262415;5300;5300;2026;20840;01/07/2026;2651049123;IASSER VIEIRA MARTINS;3.582,06;0,00;VALOR EMPENHADO REFERENTE A: REQUISIÇÃO DE PEQUENO VALOR - RPV AO BENFICIÁRIO IASSER VIEIRA MARTINS, REFERENTE AO PROCESSO JUDICIAL N°002558-23.2024.5.10.0802, VALOR DE R$ 3.582,06 (TRÊS MIL, QUINHENTOS E OITENTA E DOIS REAIS E SEIS CENTAVOS).;;;0;1545;0,00;0,00;Empenho;3.582,06;0,00;0,00;0,00
[20839-20261040];1;20839;20261040;6100;6100;2026;20839.1;01/07/2026;14092519000151;MONTANA ASSESORIA EMPRESARIAL  LTDA;28.494,12;28.494,12;VALOR EMPENHADO REFERENTE A REPACTUAÇÃO DO CONTRATO 03/2024. PRESTAÇÃO DE SERVIÇOS DE COPEIRAGEM, JARDINAGEM E SERVIÇOS GERAIS. DE JANEIRO A DEZEMBRO DE 2025;;;0;1545;0,00;0,00;Liquidação;28.494,12;0,00;;28.494,12
[20839-20261040];0;20839;20261040;6100;6100;2026;20839;01/07/2026;14092519000151;MONTANA ASSESORIA EMPRESARIAL  LTDA;28.494,12;0,00;VALOR EMPENHADO REFERENTE A REPACTUAÇÃO DO CONTRATO 03/2024. PRESTAÇÃO DE SERVIÇOS DE COPEIRAGEM, JARDINAGEM E SERVIÇOS GERAIS. DE JANEIRO A DEZEMBRO DE 2025;;;0;1545;0,00;0,00;Empenho;28.494,12;0,00;0,00;0,00
[20838-20262511];1;20838;20262511;5300;5300;2026;20838.1;01/07/2026;3808770155;MARCILIO MICHEL LEITE DIAS;6.088,33;6.088,33;VALOR LIQUIDADO REFERENTE A: VALOR EMPENHADO REFERENTE A: REQUISIÇÃO DE PEQUENO VALOR - RPV AO BENFICIÁRIO MARCILIO MICHEL LEITE DIAS, REFERENTE AO PROCESSO JUDICIAL N° 0000246-74.2024.5.10.0802, VALOR DE R$  6.088,33 (SEIS MIL, OITENTA E OITO REAIS E TRINTA E TRÊS CENTAVOS).;;;0;1545;0,00;0,00;Liquidação;6.088,33;0,00;;6.088,33
[20838-20262511];0;20838;20262511;5300;5300;2026;20838;01/07/2026;3808770155;MARCILIO MICHEL LEITE DIAS;6.088,33;0,00;VALOR EMPENHADO REFERENTE A: VALOR EMPENHADO REFERENTE A: REQUISIÇÃO DE PEQUENO VALOR - RPV AO BENFICIÁRIO MARCILIO MICHEL LEITE DIAS, REFERENTE AO PROCESSO JUDICIAL N° 0000246-74.2024.5.10.0802, VALOR DE R$  6.088,33 (SEIS MIL, OITENTA E OITO REAIS E TRINTA E TRÊS CENTAVOS).;;;0;1545;0,00;0,00;Empenho;6.088,33;0,00;0,00;0,00
[20837-20260362];1;20837;20260362;2700;2700;2026;20837.1;01/07/2026;76990656115;FABIANO FRANCISCO DE SOUZA;19.412,25;19.412,25;"VALOR LIQUIDADO REFERENTE A: CURSO DE FORMAÇÃO ESPECIALIZADA ""GOVERNANÇA FISCAL E ECONOMIA DIGITAL"", NOS DIAS 06 A 10 DE JULHO, PROMOVIDO PELA ASSOCIAÇÃO BRASILEIRA DAS SECRETARIAS DE FINANÇAS DAS CAPITAIS (ABRASF), EM PARCERIA COM O INSTITUTO SUPERIOR DE CIÊNCIAS SOCIAIS E POLÍTICAS DA UNIVERSIDADE DE LISBOA (ISCSP-ULISBOA), POR MEIO DO SEU INSTITUTO DE ADMINISTRAÇÃO E POLÍTICAS PÚBLICAS (ISCSP-IAPP).  PERÍODO DA VIAGEM: 04 A 11 DE JULHO DE 2026.";;;0;1545;0,00;0,00;Liquidação;19.412,25;0,00;;19.412,25
[20837-20260362];0;20837;20260362;2700;2700;2026;20837;01/07/2026;76990656115;FABIANO FRANCISCO DE SOUZA;19.412,25;0,00;"VALOR EMPENHADO REFERENTE A: CURSO DE FORMAÇÃO ESPECIALIZADA ""GOVERNANÇA FISCAL E ECONOMIA DIGITAL"", NOS DIAS 06 A 10 DE JULHO, PROMOVIDO PELA ASSOCIAÇÃO BRASILEIRA DAS SECRETARIAS DE FINANÇAS DAS CAPITAIS (ABRASF), EM PARCERIA COM O INSTITUTO SUPERIOR DE CIÊNCIAS SOCIAIS E POLÍTICAS DA UNIVERSIDADE DE LISBOA (ISCSP-ULISBOA), POR MEIO DO SEU INSTITUTO DE ADMINISTRAÇÃO E POLÍTICAS PÚBLICAS (ISCSP-IAPP).  PERÍODO DA VIAGEM: 04 A 11 DE JULHO DE 2026.";;;0;1545;0,00;0,00;Empenho;19.412,25;0,00;0,00;0,00
[20836-20260368];0;20836;20260368;2700;2700;2026;20836;01/07/2026;26640235000131;OLYMPIA EMPREENDIMENTOS IMOBILIARIOS LTDA;28.019,70;0,00;EMPENHO REFERENTE AO CONTRATO N° 008/2022, PROCESSO: 2022041805 - LOCAÇÃO DE IMÓVEL COMERCIAL, TIPO GALPÃO;;;0;1545;0,00;0,00;Empenho;28.019,70;0,00;0,00;0,00
[20835-20260271];0;20835;20260271;2500;2500;2026;20835;01/07/2026;26640235000131;OLYMPIA EMPREENDIMENTOS IMOBILIARIOS LTDA;28.019,70;0,00;EMPENHO REFERENTE AO CONTRATO N° 008/2022, PROCESSO: 2022041805 - LOCAÇÃO DE IMÓVEL COMERCIAL, TIPO GALPÃO;;;0;1545;0,00;0,00;Empenho;28.019,70;0,00;0,00;0,00
[20834-20262415];1;20834;20262415;5300;5300;2026;20834.1;01/07/2026;92458432115;LEANDRO SOUZA DA SILVA;27.402,26;27.402,26;VALOR LIQUIDADO REFERENTE A: REQUISIÇÃO DE PEQUENO VALOR - RPV AO BENFICIÁRIO LEANDRO SOUZA DA SILVA, REFERENTE AO PROCESSO JUDICIAL N° 0000438-07.2024.5.10.0802, VALOR DE R$  27.402,26 (VINTE E SETE MIL, QUATROCENTOS E DOIS REAIS E VINTE E SEIS CENTAVOS).;;;0;1545;0,00;0,00;Liquidação;27.402,26;0,00;;27.402,26
[20834-20262415];0;20834;20262415;5300;5300;2026;20834;01/07/2026;92458432115;LEANDRO SOUZA DA SILVA;27.402,26;0,00;VALOR EMPENHADO REFERENTE A: REQUISIÇÃO DE PEQUENO VALOR - RPV AO BENFICIÁRIO LEANDRO SOUZA DA SILVA, REFERENTE AO PROCESSO JUDICIAL N° 0000438-07.2024.5.10.0802, VALOR DE R$  27.402,26 (VINTE E SETE MIL, QUATROCENTOS E DOIS REAIS E VINTE E SEIS CENTAVOS).;;;0;1545;0,00;0,00;Empenho;27.402,26;0,00;0,00;0,00
[20833-20260368];0;20833;20260368;2700;2700;2026;20833;01/07/2026;26640235000131;OLYMPIA EMPREENDIMENTOS IMOBILIARIOS LTDA;28.019,70;0,00;EMPENHO REFERENTE AO CONTRATO N° 008/2022, PROCESSO: 2022041805 - LOCAÇÃO DE IMÓVEL COMERCIAL, TIPO GALPÃO;;;0;1545;0,00;0,00;Empenho;28.019,70;0,00;0,00;0,00
[20832-20260271];0;20832;20260271;2500;2500;2026;20832;01/07/2026;26640235000131;OLYMPIA EMPREENDIMENTOS IMOBILIARIOS LTDA;28.019,70;0,00;EMPENHO REFERENTE AO CONTRATO N° 008/2022, PROCESSO: 2022041805 - LOCAÇÃO DE IMÓVEL COMERCIAL, TIPO GALPÃO;;;0;1545;0,00;0,00;Empenho;28.019,70;0,00;0,00;0,00
[20831-20262094];0;20831;20262094;5800;5800;2026;20831;01/07/2026;58138221000100;CONECTA  COMERCIO  E  SERVIÇOS  LTDA;13.464,54;0,00;REGISTRO DE PREÇOS PARA FUTURA AQUISIÇÃO DE MOBILIÁRIO PARA EQUIPAR E ESTRUTURAR OS EQUIPAMENTOS DE RESPONSABILIDADE DOS SERVIÇOS DE PROTEÇÃO SOCIAL BÁSICA E ESPECIAL.  CONTA 7.014-9, AGÊNCIA 3615-3, BANCO DO BRASIL, CNPJ: 24.851.511/0001-85.;40312;;0;1545;0,00;0,00;Empenho;13.464,54;0,00;0,00;0,00
[20830-20262094];0;20830;20262094;5800;5800;2026;20830;01/07/2026;9097727000103;PONTUAL DISTRIBUIDORA EIRELE EPP;58.656,00;0,00;REGISTRO DE PREÇOS PARA FUTURA AQUISIÇÃO DE MOBILIÁRIO PARA EQUIPAR E ESTRUTURAR OS EQUIPAMENTOS DE RESPONSABILIDADE DOS SERVIÇOS DE PROTEÇÃO SOCIAL BÁSICA E ESPECIAL.  CONTA 7.014-9, AGÊNCIA 3615-3, BANCO DO BRASIL, CNPJ: 24.851.511/0001-85.;40312;;0;1545;0,00;0,00;Empenho;58.656,00;0,00;0,00;0,00
[20829-20260987];0;20829;20260987;5800;5800;2026;20829;01/07/2026;58138221000100;CONECTA  COMERCIO  E  SERVIÇOS  LTDA;434,34;0,00;REGISTRO DE PREÇOS PARA FUTURA AQUISIÇÃO DE MOBILIÁRIO PARA EQUIPAR E ESTRUTURAR OS EQUIPAMENTOS DE RESPONSABILIDADE DOS SERVIÇOS DE PROTEÇÃO SOCIAL BÁSICA E ESPECIAL;40312;;0;1545;0,00;0,00;Empenho;434,34;0,00;0,00;0,00
[20828-20261773];0;20828;20261773;3500;3500;2026;20828;01/07/2026;38146510000144;COCENO  CONSTRUTORA CENTRO NORTE LTDA.;43.127,00;0,00;"VALOR EMPENHADO  REFERENTE A 11ª MEDIÇÃO PARCIAL DAS OBRAS DE REQUALIFICAÇÃO DA LIGAÇÃO ENTRE A AVENIDA NS-15 E OS BAIRROS DA REGIÃO NORTE (SONHO MEU / CONDOMINIOS / MINERADORAS), CONTEMPLANDO A EXECUÇÃO DA DRENAGEM PLUVIAL, BUEIRO CELULAR PRÉ- MOLDADO SOBRE O CORREGO ÁGUA FRIA, TERRAPLENAGEM, PAVIMENTAÇÃO ASFALTICA, SINALIZAÇÃO VIÁRIA E CALÇADAS DE ACESSIBILIDADE, NO MUNICIPIO DE PALMAS / TO.PERIODO: 01/03/2026 A 30/04/2026
CONTRATO Nº. 028/2025";;;0;1545;0,00;0,00;Empenho;43.127,00;0,00;0,00;0,00
[20827-20260386];0;20827;20260386;2700;2700;2026;20827;01/07/2026;3663406113;ANDRESSA MARTA GOMES FERREIRA;714,29;0,00;VALOR EMPENHADO REFERENTE A: NOTA PREMIADA SORTEIO DE JUNHO 2026.;;;0;1545;0,00;0,00;Empenho;714,29;0,00;0,00;0,00
[20826-20260386];1;20826;20260386;2700;2700;2026;20826.1;01/07/2026;3546006135;MARCELO GUIMARAES BUCAR;714,29;714,29;VALOR LIQUIDADO REFERENTE A: NOTA PREMIADA SORTEIO DE JUNHO 2026.;;;0;1545;0,00;0,00;Liquidação;714,29;0,00;;714,29
[20826-20260386];0;20826;20260386;2700;2700;2026;20826;01/07/2026;3546006135;MARCELO GUIMARAES BUCAR;714,29;0,00;VALOR EMPENHADO REFERENTE A: NOTA PREMIADA SORTEIO DE JUNHO 2026.;;;0;1545;0,00;0,00;Empenho;714,29;0,00;0,00;0,00
[20825-20260386];1;20825;20260386;2700;2700;2026;20825.1;01/07/2026;225314169;WALLAS DE SOUSA MELO;14.285,72;14.285,72;VALOR LIQUIDADO REFERENTE A NOTA PREMIADA PALMENSE - SORTEIO DE JUNHO  DE 2026;;;0;1545;0,00;0,00;Liquidação;14.285,72;0,00;;14.285,72
[20825-20260386];0;20825;20260386;2700;2700;2026;20825;01/07/2026;225314169;WALLAS DE SOUSA MELO;14.285,72;0,00;VALOR EMPENHADO REFERENTE A NOTA PREMIADA PALMENSE - SORTEIO DE JUNHO  DE 2026;;;0;1545;0,00;0,00;Empenho;14.285,72;0,00;0,00;0,00
[20824-20260362];1;20824;20260362;2700;2700;2026;20824.1;01/07/2026;76990656115;FABIANO FRANCISCO DE SOUZA;19.425,00;19.425,00;"VALOR LIQUIDADO REFERENTE A: CURSO DE FORMAÇÃO ESPECIALIZADA ""GOVERNANÇA FISCAL E ECONOMIA DIGITAL"", NOS DIAS 06 A 10 DE JULHO, PROMOVIDO PELA ASSOCIAÇÃO BRASILEIRA DAS SECRETARIAS DE FINANÇAS DAS CAPITAIS (ABRASF), EM PARCERIA COM O INSTITUTO SUPERIOR DE CIÊNCIAS SOCIAIS E POLÍTICAS DA UNIVERSIDADE DE LISBOA (ISCSP-ULISBOA), POR MEIO DO SEU INSTITUTO DE ADMINISTRAÇÃO E POLÍTICAS PÚBLICAS (ISCSP-IAPP).  PERÍODO DA VIAGEM: 04 A 11 DE JULHO DE 2026.";;;0;1545;0,00;0,00;Liquidação;19.425,00;0,00;;19.425,00
[20824-20260362];0;20824;20260362;2700;2700;2026;20824;01/07/2026;76990656115;FABIANO FRANCISCO DE SOUZA;19.425,00;0,00;"VALOR EMPENHADO REFERENTE A: CURSO DE FORMAÇÃO ESPECIALIZADA ""GOVERNANÇA FISCAL E ECONOMIA DIGITAL"", NOS DIAS 06 A 10 DE JULHO, PROMOVIDO PELA ASSOCIAÇÃO BRASILEIRA DAS SECRETARIAS DE FINANÇAS DAS CAPITAIS (ABRASF), EM PARCERIA COM O INSTITUTO SUPERIOR DE CIÊNCIAS SOCIAIS E POLÍTICAS DA UNIVERSIDADE DE LISBOA (ISCSP-ULISBOA), POR MEIO DO SEU INSTITUTO DE ADMINISTRAÇÃO E POLÍTICAS PÚBLICAS (ISCSP-IAPP).  PERÍODO DA VIAGEM: 04 A 11 DE JULHO DE 2026.";;;0;1545;0,00;0,00;Empenho;19.425,00;0,00;0,00;0,00
[20810-20260557];2;20810;20260557;3200;3200;2026;20810.1.1;01/07/2026;8202415000150;AHARDS SISTEMAS S/A;21.313,20;10.656,10;REF. AO CONTRATO Nº 02/2023 - PRESTAÇÃO DE SERVIÇOS COM LICENÇA DE USO DE SOFTWARE PARA CONTROLE E ACOMPANHEMENTO DOS REGISTROS DE PONTO DOS SERVIDORES -  ITENS 3, 4 E 5 DO CONTRATO ? COMPETENCIA DOS MESES JANEIRO E FEVEREIRO DE 2026 - GESTÃO. NUP: 0.028152/2024;;;0;1545;0,00;0,00;Pagamento;10.656,10;10.656,10;21.312,20;21.312,20
[20810-20260557];2;20810;20260557;3200;3200;2026;20810.2.1;01/07/2026;8202415000150;AHARDS SISTEMAS S/A;21.313,20;10.656,10;REF. AO CONTRATO Nº 02/2023 - PRESTAÇÃO DE SERVIÇOS COM LICENÇA DE USO DE SOFTWARE PARA CONTROLE E ACOMPANHEMENTO DOS REGISTROS DE PONTO DOS SERVIDORES -  ITENS 3, 4 E 5 DO CONTRATO ? COMPETENCIA DOS MESES JANEIRO E FEVEREIRO DE 2026 - GESTÃO. NUP: 0.028152/2024;;;0;1545;0,00;0,00;Pagamento;10.656,10;10.656,10;21.312,20;21.312,20
[20810-20260557];1;20810;20260557;3200;3200;2026;20810.2;01/07/2026;8202415000150;AHARDS SISTEMAS S/A;21.313,20;10.656,10;REF. AO CONTRATO Nº 02/2023 - PRESTAÇÃO DE SERVIÇOS COM LICENÇA DE USO DE SOFTWARE PARA CONTROLE E ACOMPANHEMENTO DOS REGISTROS DE PONTO DOS SERVIDORES -  ITENS 3, 4 E 5 DO CONTRATO ? COMPETENCIA DOS MESES JANEIRO E FEVEREIRO DE 2026 - GESTÃO. NUP: 0.028152/2024;;;0;1545;0,00;0,00;Liquidação;10.656,10;0,00;;10.656,10
[20808-20260557];2;20808;20260557;3200;3200;2026;20808.1.1;01/07/2026;8202415000150;AHARDS SISTEMAS S/A;8.231,30;4.115,65;"REF. AO CONTRATO Nº 02/2023 - LOCAÇÃO DE EQUIPAMENTO DEDICADO PARA RECONHECIMENTO FACIAL DOS SERVIDORES - ITEM 6 DO CONTRATO  COMPETENCIA DOS MESES JANEIRO E FEVEREIRO DE 2026 - GESTÃO..
NUP: 0.028152/2024.";;;0;1545;0,00;0,00;Pagamento;4.115,65;4.115,65;4.115,65;8.231,30
[20777-20262500];1;20777;20262500;5300;5300;2026;20777.2;01/07/2026;34275794000118;MEZZAROBA -  SOCIEDADE INDIVIDUAL DE ADVOCACIA;1.995,80;1.995,80;VALOR LIQUIDADO REFERENTE A: REQUISIÇÃO DE PEQUENO VALOR - RPV AO BENFICIÁRIO MEZZAROBA - SOCIEDADE INDIVIDUAL DE ADVOCACIA, REFERENTE AO PROCESSO JUDICIAL N° 0010016-44.2023.8.27.2729, VALOR DE R$  R$1.995,80 (MIL, NOVECENTOS ENOVENTA E CINCO REAIS E OITENTA CENTAVOS).;;;0;1545;0,00;0,00;Liquidação;1.995,80;0,00;;1.995,80
[20776-20260380];1;20776;20260380;2700;2700;2026;20776.1;01/07/2026;2744987000184;PRODATA INFORMATICA LTDA;687.179,46;229.059,82;"VALOR LIQUIDADO REFERENTE A PRESTAÇÃO DE SERVIÇOS DE LICENÇA DE SOFTWARES INTEGRADO DE GESTÃO PÚBLICA
NA MODALIDADE DE SUPORTE E TREINAMENTO PRESENCIAL, SEM RESTRIÇÃO DE LIMITE DE USUÁRIOS DE TODOS OS MÓDULOS. REFERENTE AO MÊS DE ABRIL DE 2026.";;;0;1545;0,00;0,00;Liquidação;229.059,82;0,00;;229.059,82
[20769-20262511];1;20769;20262511;5300;5300;2026;20769.2;01/07/2026;5482731111;WESLEY LUCENA DE OLIVEIRA;1.641,35;1.641,35;VALOR LIQUIDADO REFERENTE A: REQUISIÇÃO DE PEQUENO VALOR - RPV AO BENFICIÁRIO WESLEY LUCENA DE OLIVEIRA , REFERENTE AO PROCESSO JUDICIAL N° 0004672-14.2025.8.27.2729, VALOR DE R$ R$1.641,35  (MIL,SEISCENTOS E QUARENTA E UM REAIS E TRINTA E CINCO CENTAVOS).;;;0;1545;0,00;0,00;Liquidação;1.641,35;0,00;;1.641,35
[20716-20262567];2;20716;20262567;3200;3200;2026;20716.1.1;01/07/2026;8202415000150;AHARDS SISTEMAS S/A;15.286,70;7.643,35;"REF. AO CONTRATO Nº 02/2023 - LOCAÇÃO DE EQUIPAMENTO DEDICADO PARA RECONHECIMENTO FACIAL DOS SERVIDORES - ITEM 6 DO CONTRATO  COMPETENCIA DOS MESES JANEIRO E FEVEREIRO DE 2026.
MAC NUP: 0.028152/2024";;;0;1545;0,00;0,00;Pagamento;7.643,35;7.643,35;15.286,70;15.286,70
[20716-20262567];2;20716;20262567;3200;3200;2026;20716.2.1;01/07/2026;8202415000150;AHARDS SISTEMAS S/A;15.286,70;7.643,35;"REF. AO CONTRATO Nº 02/2023 - LOCAÇÃO DE EQUIPAMENTO DEDICADO PARA RECONHECIMENTO FACIAL DOS SERVIDORES - ITEM 6 DO CONTRATO  COMPETENCIA DOS MESES JANEIRO E FEVEREIRO DE 2026.
MAC NUP: 0.028152/2024";;;0;1545;0,00;0,00;Pagamento;7.643,35;7.643,35;15.286,70;15.286,70
[20714-20262567];2;20714;20262567;3200;3200;2026;20714.1.1;01/07/2026;8202415000150;AHARDS SISTEMAS S/A;42.628,68;21.314,34;"REF. AO CONTRATO Nº 02/2023 - PRESTAÇÃO DE SERVIÇOS COM LICENÇA DE USO DE SOFTWARE PARA CONTROLE E ACOMPANHEMENTO DOS REGISTROS DE PONTO DOS SERVIDORES -  ITENS 3, 4 E 5 DO CONTRATO - COMPETENCIA MESES DE JANEIRO E FEVEREIRO DE 2026.
MAC - NUP: 0.028152/202";;;0;1545;0,00;0,00;Pagamento;21.314,34;21.314,34;42.628,68;42.628,68
[20714-20262567];2;20714;20262567;3200;3200;2026;20714.2.1;01/07/2026;8202415000150;AHARDS SISTEMAS S/A;42.628,68;21.314,34;"REF. AO CONTRATO Nº 02/2023 - PRESTAÇÃO DE SERVIÇOS COM LICENÇA DE USO DE SOFTWARE PARA CONTROLE E ACOMPANHEMENTO DOS REGISTROS DE PONTO DOS SERVIDORES -  ITENS 3, 4 E 5 DO CONTRATO ? COMPETENCIA DOS MESES JANEIRO E FEVEREIRO DE 2026.
MAC NUP: 0.028152/202";;;0;1545;0,00;0,00;Pagamento;21.314,34;21.314,34;42.628,68;42.628,68
[20713-20262568];2;20713;20262568;3200;3200;2026;20713.1.1;01/07/2026;8202415000150;AHARDS SISTEMAS S/A;42.332,40;21.166,20;"REF. AO CONTRATO Nº 02/2023 - LOCAÇÃO DE EQUIPAMENTO DEDICADO PARA RECONHECIMENTO FACIAL DOS SERVIDORES - ITEM 6 DO CONTRATO  COMPETENCIA DOS MESES JANEIRO E FEVEREIRO DE 2026.
ATENÇÃO PRIMARIA  NUP: 0.028152/2024";;;0;1545;0,00;0,00;Pagamento;21.166,20;21.166,20;42.332,40;42.332,40
[20713-20262568];2;20713;20262568;3200;3200;2026;20713.2.1;01/07/2026;8202415000150;AHARDS SISTEMAS S/A;42.332,40;21.166,20;"REF. AO CONTRATO Nº 02/2023 - LOCAÇÃO DE EQUIPAMENTO DEDICADO PARA RECONHECIMENTO FACIAL DOS SERVIDORES - ITEM 6 DO CONTRATO  COMPETENCIA DOS MESES JANEIRO E FEVEREIRO DE 2026.
ATENÇÃO PRIMARIA  NUP: 0.028152/2024";;;0;1545;0,00;0,00;Pagamento;21.166,20;21.166,20;42.332,40;42.332,40
[20712-20262568];2;20712;20262568;3200;3200;2026;20712.1.1;01/07/2026;8202415000150;AHARDS SISTEMAS S/A;67.617,22;33.808,61;REF. AO CONTRATO Nº 02/2023 - PRESTAÇÃO DE SERVIÇOS COM LICENÇA DE USO DE SOFTWARE PARA CONTROLE E ACOMPANHEMENTO DOS REGISTROS DE PONTO DOS SERVIDORES -  ITENS 3, 4 E 5 DO CONTRATO ? COMPETENCIA DOS MESES JANEIRO E FEVEREIRO DE 2026 - ATENÇÃO PRIMARIA. NUP: 0.028152/202;;;0;1545;0,00;0,00;Pagamento;33.808,61;33.808,61;67.617,22;67.617,22
[20712-20262568];2;20712;20262568;3200;3200;2026;20712.2.1;01/07/2026;8202415000150;AHARDS SISTEMAS S/A;67.617,22;33.808,61;REF. AO CONTRATO Nº 02/2023 - PRESTAÇÃO DE SERVIÇOS COM LICENÇA DE USO DE SOFTWARE PARA CONTROLE E ACOMPANHEMENTO DOS REGISTROS DE PONTO DOS SERVIDORES -  ITENS 3, 4 E 5 DO CONTRATO ? COMPETENCIA DOS MESES JANEIRO E FEVEREIRO DE 2026 - ATENÇÃO PRIMARIA. NUP: 0.028152/202;;;0;1545;0,00;0,00;Pagamento;33.808,61;33.808,61;67.617,22;67.617,22
[20176-20262566];2;20176;20262566;3200;3200;2026;20176.1.1;01/07/2026;39805707000100;ITA IMAGEM E TÉCNICOS ASSOCIADOS LTDA.;475.139,88;135.337,32;LIQUIDAÇÃO PARA PAGAMENTO DA NOTA FISCAL 179, REFERENTE A JANEIRO/2026;;;0;1545;0,00;0,00;Pagamento;135.337,32;135.337,32;475.139,88;475.139,88
[20176-20262566];2;20176;20262566;3200;3200;2026;20176.2.1;01/07/2026;39805707000100;ITA IMAGEM E TÉCNICOS ASSOCIADOS LTDA.;475.139,88;164.570,76;LIQUIDAÇÃO PARA PAGAMENTO DA NOTA FISCAL Nº 243, REFERENTE A FEVEREIRO/2026;;;0;1545;0,00;0,00;Pagamento;164.570,76;164.570,76;475.139,88;475.139,88
[20176-20262566];2;20176;20262566;3200;3200;2026;20176.3.1;01/07/2026;39805707000100;ITA IMAGEM E TÉCNICOS ASSOCIADOS LTDA.;475.139,88;175.231,80;LIQUIDAÇÃO PARA PAGAMENTO DA NOTA FISCAL Nº 327, REFERENTE A MARÇO/2026;;;0;1545;0,00;0,00;Pagamento;175.231,80;175.231,80;475.139,88;475.139,88
[20166-20262566];2;20166;20262566;3200;3200;2026;20166.1.1;01/07/2026;4721117000115;ARAI, KAMINISHI E COSTA LTDA.;120.800,00;34.411,85;LIQUIDAÇÃO PARA PAGAMENTO DA NOTA FISCAL Nº 4681, REFERENTE A JANEIRO/2026;;;0;1545;0,00;0,00;Pagamento;34.411,85;34.411,85;114.125,20;114.125,20
[20166-20262566];2;20166;20262566;3200;3200;2026;20166.2.1;01/07/2026;4721117000115;ARAI, KAMINISHI E COSTA LTDA.;120.800,00;60.120,00;LIQUIDAÇÃO PARA PAGAMENTO DA NOTA FISCAL Nº 7189, REFERENTE A FEVEREIRO/2026;;;0;1545;0,00;0,00;Pagamento;60.120,00;60.120,00;114.125,20;114.125,20
[20166-20262566];2;20166;20262566;3200;3200;2026;20166.3.1;01/07/2026;4721117000115;ARAI, KAMINISHI E COSTA LTDA.;120.800,00;19.593,35;LIQUIDAÇÃO PARA PAGAMENTO DA NOTA FISCAL Nº 9592, REFERENTE A MARÇO/2026;;;0;1545;0,00;0,00;Pagamento;19.593,35;19.593,35;114.125,20;114.125,20
[20095-20261912];1;20095;20261912;3200;3200;2026;20095.3;01/07/2026;6273582000166;RS PRODUTOS E SERVICOS LTDA;201.665,88;66.429,63;"LIQUIDAÇÃO PARA PAGAMENTO REFERENTE AOS MES DE ABRIL DE 2026
NUP: 37936/2026.
NF: 985 - VISA";;;0;1545;0,00;0,00;Liquidação;66.429,63;134.443,92;;66.429,63
[20094-20262565];1;20094;20262565;3200;3200;2026;20094.3;01/07/2026;6273582000166;RS PRODUTOS E SERVICOS LTDA;292.463,92;72.089,49;"LIQIUIDAÇÃO PARA PAGAMENTO REFERENTE AOS MES DE ABRIL DE 2026.
NUP: 37936/2026
NF: 983 - PRIMÁRIA";;;0;1545;0,00;0,00;Liquidação;72.089,49;146.231,96;;72.089,49
[20093-20260555];1;20093;20260555;3200;3200;2026;20093.3;01/07/2026;6273582000166;RS PRODUTOS E SERVICOS LTDA;199.637,60;99.305,56;"LIQUIDAÇÃO PARA PAGAMENTO REFERENTE AO MES DE ABRIL DE 2026
NUP: 37936/2026
NF: 982 - GESTÃO";;;0;1545;0,00;0,00;Liquidação;99.305,56;199.637,60;;99.305,56
[1982-20260290];1;1982;20260290;2500;2500;2026;1982.36;01/07/2026;4196645000100;IMPRENSA NACIONAL;35.000,00;314,16;CONTRATAÇÃO DE EMPRESA ESPECIALIZADA PARA REALIZAR PUBLICAÇÃO DE ATOS ADMINISTRATIVOS NO DIÁRIO OFICIAL DA UNIÃO - DOU, PARA ATENDIMENTO DA PREFEITURA MUNICIPAL DE PALMAS.;;;0;1545;0,00;0,00;Liquidação;314,16;10.754,20;;314,16
[1982-20260290];1;1982;20260290;2500;2500;2026;1982.37;01/07/2026;4196645000100;IMPRENSA NACIONAL;35.000,00;224,40;CONTRATAÇÃO DE EMPRESA ESPECIALIZADA PARA REALIZAR PUBLICAÇÃO DE ATOS ADMINISTRATIVOS NO DIÁRIO OFICIAL DA UNIÃO - DOU, PARA ATENDIMENTO DA PREFEITURA MUNICIPAL DE PALMAS.;;;0;1545;0,00;0,00;Liquidação;224,40;10.754,20;;224,40
[18598-20262500];2;18598;20262500;5300;5300;2026;18598.1.1;01/07/2026;36629329000163;OLIMPO - SOCIEDADE INDIVIDUAL DE ADVOCACIA;1.662,75;1.662,75;PAGAMENTO DE RPV EM FAVOR DE OLÍMPIO SOCIEDADE INDIVIDUAL DE ADVOCACIA, PROCESSO JUDICIAL N° 0030326-37.2024.8.27.2729.;;;0;1545;0,00;0,00;Pagamento;1.662,75;1.662,75;1.662,75;1.662,75
[18571-20260990];2;18571;20260990;5800;5800;2026;18571.1.2;01/07/2026;2024508138;PAULO DE SOUSA E SILVA;241,50;241,50;VALOR PAGO REFERENTE A: EMPENHO REFERENTE AO PAGAMENTO DE DIÁRIAS PARA O SERVIDOR PAULO DE SOUSA E SILVA, EM VIRTUDE DE SUA VISITA TÉCNICA AO SERVIÇO FAMÍLIA ACOLHEDORA DO MUNICIPIO DE ARAGUAÍNA - TO, QUE OCORREU NO DIA 02 DE JUNHO DE 2026, CONFORME OFÍCIO INTERNO Nº 115/2026/SPE/SEDES EM ANEXO. INFORMAMOS QUE O SERVIDOR FEZ PARTE DA EQUIPE TÉCNICA QUE ACOMPANHOU A DIRETORA DA PESSOA IDOSA LÍDIA XAVIER DE SOUSA OLIVEIRA NO EVENTO EM QUESTÃO, CONFORME OFÍCIO INTERNO Nº 115/2026/SPE/SEDES EM ANEXO;;;0;1545;0,00;0,00;Pagamento;241,50;241,50;483,00;241,50
[18543-20262511];2;18543;20262511;5300;5300;2026;18543.1.1;01/07/2026;85532258104;GISELE DE PAULA PROENÇA;5.095,45;5.095,45;PAGAMENTO DE RPV EM FAVOR DE GISELE DE PAULA PROENÇA, PROCESSO JUDICIAL N° 0019619-25.2015.8.27.2729.;;;0;1545;0,00;0,00;Pagamento;5.095,45;5.095,45;5.095,45;5.095,45
[18516-20262500];2;18516;20262500;5300;5300;2026;18516.1.1;01/07/2026;9086013000108;CAPIM DOURADO EMPREENDIMENTOS IMOB. E PARTIC. LTDA;433,83;433,83;VALOR PAGO REFERENTE A: REQUISIÇÃO DE PEQUENO VALOR - RPV AO BENFICIÁRIO CAPIM DOURADO EMPREENDIMENTOS IMOBILIÁRIOS E PARTICIPAÇÕES LTDA, REFERENTE AO PROCESSO JUDICIAL N° 0000784-47.2019.8.27.2729, VALOR DE R$  R$433,83 (QUATROCENTOS E TRINTA E TRÊS REAIS E OITENTA E TRÊS CENTAVOS).;;;0;1545;0,00;0,00;Pagamento;433,83;433,83;433,83;433,83
[18511-20262500];2;18511;20262500;5300;5300;2026;18511.1.1;01/07/2026;33703768000180;MAGALHAES SOCIEDADE DE ADVOCACIA;864,83;864,83;VALOR PAGO REFERENTE A: REQUISIÇÃO DE PEQUENO VALOR - RPV AO BENFICIÁRIO MAGALHAES  SOCIEDADE  INDIVIDUAL  DE ADVOCACIA,  REFERENTE AO PROCESSO JUDICIAL N° 0024221-78.2023.8.27.2729, VALOR DE R$ R$864,83  (OITOCENTOS  E SESSENTA E QUATRO REAIS E OITENTA E TRÊS CENTAVOS).;;;0;1545;0,00;0,00;Pagamento;864,83;864,83;864,83;864,83
[18505-20260638];2;18505;20260638;3200;3200;2026;18505.1.1;01/07/2026;24142867000140;CENTRO INTERDISCIPLINAR ESPECIALIZADO EM NEUROCIÊNCIA  E ATENDIMENTO  HUMANIZADO LTDA;800,00;800,00;VALOR PAGO REFERENTE A:  CUMPRIMENTO DE SENTENÇA ? AUTOS Nº 0048114-98.2023.8.27.2729/TO, CONSULTA EM NEUROLOGIA - PEDIÁTRICA NOME DO PACIENTE: EDILSON SILVA VIEIRA;;;0;1545;0,00;0,00;Pagamento;800,00;800,00;800,00;800,00
[18501-20260638];2;18501;20260638;3200;3200;2026;18501.1.1;01/07/2026;24142867000140;CENTRO INTERDISCIPLINAR ESPECIALIZADO EM NEUROCIÊNCIA  E ATENDIMENTO  HUMANIZADO LTDA;800,00;800,00;VALOR PAGO REFERENTE A: PROCEDIMENTO COMUM INFÂNCIA E JUVENTUDE - PROC. Nº 0002006-95.2025.8.27.2743 | KEILIANE CARNEIRO CRISOSTOMO;;;0;1545;0,00;0,00;Pagamento;800,00;800,00;800,00;800,00
[18496-20262511];2;18496;20262511;5300;5300;2026;18496.1.1;01/07/2026;3808770155;MARCILIO MICHEL LEITE DIAS;6.051,68;6.051,68;"VALOR PAGO REFERENTE A: REQUISIÇÃO DE PEQUENO VALOR - RPV AO BENFICIÁRIO MARCILIO MICHEL LEITE DIAS, REFERENTE AO PROCESSO JUDICIAL N° 0000246-74.2024.5.10.0802, VALOR DE R$ 6.051,68 (SEIS MIL, CINQUENTA E UM REAIS E SESSENTA E OITO
CENTAVOS).";;;0;1545;0,00;0,00;Pagamento;6.051,68;6.051,68;6.051,68;6.051,68
[18495-20262415];2;18495;20262415;5300;5300;2026;18495.1.1;01/07/2026;3328096175;FELISBERTO FERREIRA DOS SANTOS JUNIOR;28.299,60;28.299,60;VALOR PAGO REFERENTE A: REQUISIÇÃO DE PEQUENO VALOR - RPV AO BENFICIÁRIO FELISBERTO FERREIRA DOS SANTOS JUNIOR, REFERENTE AO PROCESSO JUDICIAL N° 00000.0.048202/2026, VALOR DE R$  R$ 28.299,60 (VINTE E OITO MIL, DUZENTOS E NOVENTA E NOVE REAIS E SESSENTA CENTAVOS).;;;0;1545;0,00;0,00;Pagamento;28.299,60;28.299,60;28.299,60;28.299,60
[18481-20262500];2;18481;20262500;5300;5300;2026;18481.1.1;01/07/2026;23220936000123;LEANDRO FREIRE DE SOUZA - SOCIEDADE INDIVIDUAL DE ADVOCACIA;368,24;368,24;VALOR EMPENHADO REFERENTE A REQUISIÇÃO DE PAGAMENTO DE PEQUENO VALOR - RPV, REFERENTE AO PROCESSO JUDICIAL 0024079-40.2024.8.27.2729.;;;0;1545;0,00;0,00;Pagamento;368,24;368,24;368,24;368,24
[18475-20262500];2;18475;20262500;5300;5300;2026;18475.1.1;01/07/2026;7248660000135;DEFENSORIA PUBLICA DO ESTADO DO TOCANTINS;86,21;86,21;VALOR EMPENHADO REFERENTE REQUISIÇÃO DE PAGAMENTO DE PEQUENO VALOR - RPV,  REFERENTE AO PROCESSO JUDICIAL 0044535-45.2023.8.27.2729.;;;0;1545;0,00;0,00;Pagamento;86,21;86,21;86,21;86,21
[18471-20262500];2;18471;20262500;5300;5300;2026;18471.1.1;01/07/2026;7248660000135;DEFENSORIA PUBLICA DO ESTADO DO TOCANTINS;1.158,98;1.158,98;VALOR EMPENHADO REFERENTE A REQUISIÇÃO DE PAGAMENTO DE PEQUENO VALOR - RPV,  REFERENTE AO PROCESSO JUDICIAL 0019963-98.2018.8.27.2729.;;;0;1545;0,00;0,00;Pagamento;1.158,98;1.158,98;1.158,98;1.158,98
[18447-20262415];2;18447;20262415;5300;5300;2026;18447.1.1;01/07/2026;1942188137;RODOLFO IAGHI LEITE ARAÚJO ANDRADE;164,63;164,63;VALOR PAGO REFERENTE A: REQUISIÇÃO DE PEQUENO VALOR - RPV AO BENFICIÁRIO RODOLFO IAGHI LEITE ARAÚJO ANDRADE, REFERENTE AO PROCESSO JUDICIAL N° 0034344-53.2014.8.27.2729, VALOR DE R$  VALOR: R$164,63(CENTO E SESSENTA E QUATRO REAIS E SESSENTA E TRÊS CENTAVOS).;;;0;1545;0,00;0,00;Pagamento;164,63;164,63;164,63;164,63
[18445-20262500];2;18445;20262500;5300;5300;2026;18445.1.1;01/07/2026;7248660000135;DEFENSORIA PUBLICA DO ESTADO DO TOCANTINS;504,53;504,53;VALOR PAGO REFERENTE A: REQUISIÇÃO DE PEQUENO VALOR - RPV AO BENFICIÁRIO DEFENSORIA PUBLICA DO ESTDO DO TOCANTIONS, REFERENTE AO PROCESSO JUDICIAL N° 0043448-88.2022.827.2729, VALOR DE R$ 504,53.;;;0;1545;0,00;0,00;Pagamento;504,53;504,53;504,53;504,53
[18443-20262500];2;18443;20262500;5300;5300;2026;18443.1.1;01/07/2026;7248660000135;DEFENSORIA PUBLICA DO ESTADO DO TOCANTINS;251,47;251,47;VALOR PAGO REFERENTE A: REQUISIÇÃO DE PEQUENO VALOR - RPV AO BENFICIÁRIO DEFENSORIA PUBLICA DO ESTADO DO TOCANTINS, REFERENTE AO PROCESSO JUDICIAL N° 5025669-50.2013.9.27.2729, VALOR DE R$  251,47 (DUZENTOS E CINQUENTA E UM REAIS E QUARENTA E SETE CENTAVOS).;;;0;1545;0,00;0,00;Pagamento;251,47;251,47;251,47;251,47
[18388-20262161];2;18388;20262161;3200;3200;2026;18388.1.1;01/07/2026;69144434000161;SANCETUR - SANTA CECILIA TURISMO LTDA;388,00;388,00;Liquidação Automático dos proventos/subsídios dos servidores da Folha Indenizatório, competência 55/2026;;;0;1545;0,00;0,00;Pagamento;388,00;388,00;388,00;388,00
[18387-20262161];2;18387;20262161;3200;3200;2026;18387.1.1;01/07/2026;69144434000161;SANCETUR - SANTA CECILIA TURISMO LTDA;1.758,57;1.758,57;Liquidação Automático dos proventos/subsídios dos servidores da Folha Indenizatório, competência 55/2026;;;0;1545;0,00;0,00;Pagamento;1.758,57;1.758,57;1.758,57;1.758,57
[18386-20262162];2;18386;20262162;3200;3200;2026;18386.1.1;01/07/2026;69144434000161;SANCETUR - SANTA CECILIA TURISMO LTDA;58,62;58,62;Liquidação Automático dos proventos/subsídios dos servidores da Folha Indenizatório, competência 55/2026;;;0;1545;0,00;0,00;Pagamento;58,62;58,62;58,62;58,62
[18385-20262162];2;18385;20262162;3200;3200;2026;18385.1.1;01/07/2026;69144434000161;SANCETUR - SANTA CECILIA TURISMO LTDA;970,00;970,00;Liquidação Automático dos proventos/subsídios dos servidores da Folha Indenizatório, competência 55/2026;;;0;1545;0,00;0,00;Pagamento;970,00;970,00;970,00;970,00
[18384-20262162];2;18384;20262162;3200;3200;2026;18384.1.1;01/07/2026;69144434000161;SANCETUR - SANTA CECILIA TURISMO LTDA;1.443,90;1.443,90;Liquidação Automático dos proventos/subsídios dos servidores da Folha Indenizatório, competência 55/2026;;;0;1545;0,00;0,00;Pagamento;1.443,90;1.443,90;1.443,90;1.443,90
[18383-20262163];2;18383;20262163;3200;3200;2026;18383.1.1;01/07/2026;69144434000161;SANCETUR - SANTA CECILIA TURISMO LTDA;1.552,00;1.552,00;Liquidação Automático dos proventos/subsídios dos servidores da Folha Indenizatório, competência 55/2026;;;0;1545;0,00;0,00;Pagamento;1.552,00;1.552,00;1.552,00;1.552,00
[18382-20262163];2;18382;20262163;3200;3200;2026;18382.1.1;01/07/2026;69144434000161;SANCETUR - SANTA CECILIA TURISMO LTDA;5.279,58;5.279,58;Liquidação Automático dos proventos/subsídios dos servidores da Folha Indenizatório, competência 55/2026;;;0;1545;0,00;0,00;Pagamento;5.279,58;5.279,58;5.279,58;5.279,58
[18381-20262164];2;18381;20262164;3200;3200;2026;18381.1.1;01/07/2026;69144434000161;SANCETUR - SANTA CECILIA TURISMO LTDA;776,00;776,00;Liquidação Automático dos proventos/subsídios dos servidores da Folha Indenizatório, competência 55/2026;;;0;1545;0,00;0,00;Pagamento;776,00;776,00;776,00;776,00
[18380-20262164];2;18380;20262164;3200;3200;2026;18380.1.1;01/07/2026;69144434000161;SANCETUR - SANTA CECILIA TURISMO LTDA;221,28;221,28;Liquidação Automático dos proventos/subsídios dos servidores da Folha Indenizatório, competência 55/2026;;;0;1545;0,00;0,00;Pagamento;221,28;221,28;221,28;221,28
[18379-20262164];2;18379;20262164;3200;3200;2026;18379.1.1;01/07/2026;69144434000161;SANCETUR - SANTA CECILIA TURISMO LTDA;75,93;75,93;Liquidação Automático dos proventos/subsídios dos servidores da Folha Indenizatório, competência 55/2026;;;0;1545;0,00;0,00;Pagamento;75,93;75,93;75,93;75,93
[18378-20262163];2;18378;20262163;3200;3200;2026;18378.1.1;01/07/2026;69144434000161;SANCETUR - SANTA CECILIA TURISMO LTDA;869,14;869,14;Liquidação Automático dos proventos/subsídios dos servidores da Folha Indenizatório, competência 55/2026;;;0;1545;0,00;0,00;Pagamento;869,14;869,14;869,14;869,14
[18377-20262164];2;18377;20262164;3200;3200;2026;18377.1.1;01/07/2026;69144434000161;SANCETUR - SANTA CECILIA TURISMO LTDA;154,32;154,32;Liquidação Automático dos proventos/subsídios dos servidores da Folha Indenizatório, competência 55/2026;;;0;1545;0,00;0,00;Pagamento;154,32;154,32;154,32;154,32
[18376-20262500];2;18376;20262500;5300;5300;2026;18376.1.1;01/07/2026;40189554000101;A & D RODRIGUES ADVOCACIA;1.061,27;1.061,27;VALOR PAGO REFERENTE A: REQUISIÇÃO DE PEQUENO VALOR - RPV AO BENFICIÁRIO A & D RODRIGUES ADVOCACIA, REFERENTE AO PROCESSO JUDICIAL N° 0042608-78.2022.8.27.2729, VALOR DE R$  R$1.061,27 (MIL, SESSENTA EUM REAIS E VINTE E SETE CENTAVOS).;;;0;1545;0,00;0,00;Pagamento;1.061,27;1.061,27;1.061,27;1.061,27
[18374-20262500];2;18374;20262500;5300;5300;2026;18374.1.1;01/07/2026;7248660000135;DEFENSORIA PUBLICA DO ESTADO DO TOCANTINS;6.452,30;6.452,30;VALOR PAGO REFERENTE A: REQUISIÇÃO DE PEQUENO VALOR - RPV AO BENFICIÁRIO DEFENSORIA PUBLICA DO ESTADO DO TOCANTINS, REFERENTE AO PROCESSO JUDICIAL N° 5023544-12.2013.8.27.2729, VALOR DE R$  VALOR: R$6.452,30  (SEIS  MIL,QUATROCENTOS E CINQUENTA E DOIS REAIS E TRINTA CENTAVOS).;;;0;1545;0,00;0,00;Pagamento;6.452,30;6.452,30;6.452,30;6.452,30
[18371-20262500];2;18371;20262500;5300;5300;2026;18371.1.1;01/07/2026;7248660000135;DEFENSORIA PUBLICA DO ESTADO DO TOCANTINS;357,67;357,67;VALOR PAGO REFERENTE A: REQUISIÇÃO DE PEQUENO VALOR - RPV AO BENFICIÁRIO DEFENSORIA PUBLICA DO ESTADO DO TOCANTINS, REFERENTE AO PROCESSO JUDICIAL N° 0043429-82.2022.8.27.2729, VALOR DE R$ R$357,67(TREZENTOS  ECINQUENTA E SETE REAIS E SESSENTA E SETE CENTAVOS).;;;0;1545;0,00;0,00;Pagamento;357,67;357,67;357,67;357,67
[18366-20262511];2;18366;20262511;5300;5300;2026;18366.1.1;01/07/2026;64832430149;JOSE ETERNO NUNES VIANA;2.449,23;2.449,23;VALOR PAGO REFERENTE A: REQUISIÇÃO DE PEQUENO VALOR - RPV AO BENFICIÁRIO JOSE ETERNO NUNES VIANA, REFERENTE AO PROCESSO JUDICIAL N° 0029262-41.2014.8.27.2729, VALOR DE R$  2449,23 (DOIS MIL, QUATROCENTOS E QUARENTA E NOVE REAIS E VINTE E TRES CENTAVOS).;;;0;1545;0,00;0,00;Pagamento;2.449,23;2.449,23;2.449,23;2.449,23
[18360-20262511];2;18360;20262511;5300;5300;2026;18360.1.1;01/07/2026;95691448072;DENISE COUSIN SOUZA KNEWITZ;865,17;865,17;VALOR PAGO REFERENTE A: REQUISIÇÃO DE PEQUENO VALOR - RPV AO BENFICIÁRIO DENISE COUSIN SOUZA KNEWITZ, REFERENTE AO PROCESSO JUDICIAL N° 0002004-07.2024.8.27.2729, VALOR DE R$ R$865,17 (OITOCENTOS ESESSENTA E CINCO REAIS E DEZESSETE CENTAVOS).;;;0;1545;0,00;0,00;Pagamento;865,17;865,17;865,17;865,17
[18337-20262500];2;18337;20262500;5300;5300;2026;18337.1.1;01/07/2026;7248660000135;DEFENSORIA PUBLICA DO ESTADO DO TOCANTINS;1.150,93;1.150,93;PAGAMENTO DE RPV EM FAVOR DA DEFENSORIA PUBLICA DO ESTADO DO TOCANTINS, PROCESSO JUDICIAL N° 0026320-94.2018.8.27.2729.;;;0;1545;0,00;0,00;Pagamento;1.150,93;1.150,93;1.150,93;1.150,93
[18331-20262415];2;18331;20262415;5300;5300;2026;18331.1.1;01/07/2026;4577759128;LEONIDAS ALVES DA SILVA MENDES;10.726,87;10.726,87;SEM DESCRIÇÃO;;;0;1545;0,00;0,00;Pagamento;10.726,87;10.726,87;10.726,87;10.726,87
[18323-20262500];2;18323;20262500;5300;5300;2026;18323.1.1;01/07/2026;36629329000163;OLIMPO - SOCIEDADE INDIVIDUAL DE ADVOCACIA;1.733,85;1.733,85;SEM DESCRIÇÃO;;;0;1545;0,00;0,00;Pagamento;1.733,85;1.733,85;1.733,85;1.733,85
[18320-20262500];2;18320;20262500;5300;5300;2026;18320.1.1;01/07/2026;7248660000135;DEFENSORIA PUBLICA DO ESTADO DO TOCANTINS;1.158,98;1.158,98;VALOR EMPENHADO REFERENTE AREQUISIÇÃO DE PAGAMENTO DE PEQUENO VALOR - RPV, PROCESSO JUDICIAL N° 0034730-78.2017.8.27.2729.;;;0;1545;0,00;0,00;Pagamento;1.158,98;1.158,98;1.158,98;1.158,98
[18319-20262500];2;18319;20262500;5300;5300;2026;18319.1.1;01/07/2026;7248660000135;DEFENSORIA PUBLICA DO ESTADO DO TOCANTINS;595,90;595,90;VALOR EMPENHADO REFERENTE A REQUISIÇÃO DE PAGAMENTO DE PEQUENO VALOR - RPV, PROCESSO JUDICIAL N° 0026433-53.2015.8.27.2729.;;;0;1545;0,00;0,00;Pagamento;595,90;595,90;595,90;595,90
[18317-20262500];2;18317;20262500;5300;5300;2026;18317.1.1;01/07/2026;7248660000135;DEFENSORIA PUBLICA DO ESTADO DO TOCANTINS;587,43;587,43;VALOR EMPENHADO REFERENTE A REQUISIÇÃO DE PAGAMENTO DE PEQUENO VALOR - RPV, PROCESSO JUDICIAL N° 0011311-63.2016.8.27.2729.;;;0;1545;0,00;0,00;Pagamento;587,43;587,43;587,43;587,43
[18308-20262432];2;18308;20262432;2900;2900;2026;18308.1.1;01/07/2026;36922587000133;ACCEI - CMEI VITORIA RÉGIA;7.280,00;7.280,00;"REPASSE DESTINADO AO CUSTEIO DE DESPESAS COM MANUTENÇÃO DA INFRAESTRUTURA, EM CONFORMIDADE COM A LEI Nº 1.256, DE 22 DE DEZEMBRO DE 2003, E SUAS ALTERAÇÕES PROMOVIDAS PELAS LEIS Nº 2.309, DE 09 DE MAIO DE 2017; Nº 3.067, DE 03 DE ABRIL DE 2024; E Nº 3.297, DE 13 DE NOVEMBRO DE 2025, BEM COMO PELA PORTARIA GAB/SEMED Nº 165, DE 12 DE MAIO DE 2026. EMPENHO E PAGAMENTO REFERENTES AO MÊS DE JUNHO DE 2026.";;;0;1545;0,00;0,00;Pagamento;7.280,00;7.280,00;7.280,00;7.280,00
[18307-20262432];2;18307;20262432;2900;2900;2026;18307.1.1;01/07/2026;44151469000105;ASSOCIACAO COMUNIDADE DO CENTRO MUNICIPAL DE EDUCACAO INFANTIL TEREZINHA ALVES EVANGELISTA;7.280,00;7.280,00;"REPASSE DESTINADO AO CUSTEIO DE DESPESAS COM MANUTENÇÃO DA INFRAESTRUTURA, EM CONFORMIDADE COM A LEI Nº 1.256, DE 22 DE DEZEMBRO DE 2003, E SUAS ALTERAÇÕES PROMOVIDAS PELAS LEIS Nº 2.309, DE 09 DE MAIO DE 2017; Nº 3.067, DE 03 DE ABRIL DE 2024; E Nº 3.297, DE 13 DE NOVEMBRO DE 2025, BEM COMO PELA PORTARIA GAB/SEMED Nº 165, DE 12 DE MAIO DE 2026. EMPENHO E PAGAMENTO REFERENTES AO MÊS DE JUNHO DE 2026.";;;0;1545;0,00;0,00;Pagamento;7.280,00;7.280,00;7.280,00;7.280,00
[18306-20262432];2;18306;20262432;2900;2900;2026;18306.1.1;01/07/2026;6064482000120;ACCEI - CMEI SONHO ENCANTADO;7.280,00;7.280,00;"REPASSE DESTINADO AO CUSTEIO DE DESPESAS COM MANUTENÇÃO DA INFRAESTRUTURA, EM CONFORMIDADE COM A LEI Nº 1.256, DE 22 DE DEZEMBRO DE 2003, E SUAS ALTERAÇÕES PROMOVIDAS PELAS LEIS Nº 2.309, DE 09 DE MAIO DE 2017; Nº 3.067, DE 03 DE ABRIL DE 2024; E Nº 3.297, DE 13 DE NOVEMBRO DE 2025, BEM COMO PELA PORTARIA GAB/SEMED Nº 165, DE 12 DE MAIO DE 2026. EMPENHO E PAGAMENTO REFERENTES AO MÊS DE JUNHO DE 2026.";;;0;1545;0,00;0,00;Pagamento;7.280,00;7.280,00;7.280,00;7.280,00
[18305-20262432];2;18305;20262432;2900;2900;2026;18305.1.1;01/07/2026;11686215000124;ACCEI - CMEI SONHO DE CRIANÇA;7.280,00;7.280,00;"REPASSE DESTINADO AO CUSTEIO DE DESPESAS COM MANUTENÇÃO DA INFRAESTRUTURA, EM CONFORMIDADE COM A LEI Nº 1.256, DE 22 DE DEZEMBRO DE 2003, E SUAS ALTERAÇÕES PROMOVIDAS PELAS LEIS Nº 2.309, DE 09 DE MAIO DE 2017; Nº 3.067, DE 03 DE ABRIL DE 2024; E Nº 3.297, DE 13 DE NOVEMBRO DE 2025, BEM COMO PELA PORTARIA GAB/SEMED Nº 165, DE 12 DE MAIO DE 2026. EMPENHO E PAGAMENTO REFERENTES AO MÊS DE JUNHO DE 2026.";;;0;1545;0,00;0,00;Pagamento;7.280,00;7.280,00;7.280,00;7.280,00
[18304-20262432];2;18304;20262432;2900;2900;2026;18304.1.1;01/07/2026;11588633000189;ACCEI - CMEI  SITIO DO PICA PAU AMARELO;7.280,00;7.280,00;"REPASSE DESTINADO AO CUSTEIO DE DESPESAS COM MANUTENÇÃO DA INFRAESTRUTURA, EM CONFORMIDADE COM A LEI Nº 1.256, DE 22 DE DEZEMBRO DE 2003, E SUAS ALTERAÇÕES PROMOVIDAS PELAS LEIS Nº 2.309, DE 09 DE MAIO DE 2017; Nº 3.067, DE 03 DE ABRIL DE 2024; E Nº 3.297, DE 13 DE NOVEMBRO DE 2025, BEM COMO PELA PORTARIA GAB/SEMED Nº 165, DE 12 DE MAIO DE 2026. EMPENHO E PAGAMENTO REFERENTES AO MÊS DE JUNHO DE 2026.";;;0;1545;0,00;0,00;Pagamento;7.280,00;7.280,00;7.280,00;7.280,00
[18303-20262432];2;18303;20262432;2900;2900;2026;18303.1.1;01/07/2026;20594625000136;ACCEI - CMEI SEMENTINHAS DO SABER;7.280,00;7.280,00;"REPASSE DESTINADO AO CUSTEIO DE DESPESAS COM MANUTENÇÃO DA INFRAESTRUTURA, EM CONFORMIDADE COM A LEI Nº 1.256, DE 22 DE DEZEMBRO DE 2003, E SUAS ALTERAÇÕES PROMOVIDAS PELAS LEIS Nº 2.309, DE 09 DE MAIO DE 2017; Nº 3.067, DE 03 DE ABRIL DE 2024; E Nº 3.297, DE 13 DE NOVEMBRO DE 2025, BEM COMO PELA PORTARIA GAB/SEMED Nº 165, DE 12 DE MAIO DE 2026. EMPENHO E PAGAMENTO REFERENTES AO MÊS DE JUNHO DE 2026.";;;0;1545;0,00;0,00;Pagamento;7.280,00;7.280,00;7.280,00;7.280,00
[18302-20262432];2;18302;20262432;2900;2900;2026;18302.1.1;01/07/2026;10297427000157;ACCEI - CMEI SEMENTES DO  AMANHÃ;7.280,00;7.280,00;"REPASSE DESTINADO AO CUSTEIO DE DESPESAS COM MANUTENÇÃO DA INFRAESTRUTURA, EM CONFORMIDADE COM A LEI Nº 1.256, DE 22 DE DEZEMBRO DE 2003, E SUAS ALTERAÇÕES PROMOVIDAS PELAS LEIS Nº 2.309, DE 09 DE MAIO DE 2017; Nº 3.067, DE 03 DE ABRIL DE 2024; E Nº 3.297, DE 13 DE NOVEMBRO DE 2025, BEM COMO PELA PORTARIA GAB/SEMED Nº 165, DE 12 DE MAIO DE 2026. EMPENHO E PAGAMENTO REFERENTES AO MÊS DE JUNHO DE 2026.";;;0;1545;0,00;0,00;Pagamento;7.280,00;7.280,00;7.280,00;7.280,00
[18298-20262432];2;18298;20262432;2900;2900;2026;18298.1.1;01/07/2026;17652131000156;ACCEI - CMEI PRINCIPES E PRINCESAS;7.280,00;7.280,00;"REPASSE DESTINADO AO CUSTEIO DE DESPESAS COM MANUTENÇÃO DA INFRAESTRUTURA, EM CONFORMIDADE COM A LEI Nº 1.256, DE 22 DE DEZEMBRO DE 2003, E SUAS ALTERAÇÕES PROMOVIDAS PELAS LEIS Nº 2.309, DE 09 DE MAIO DE 2017; Nº 3.067, DE 03 DE ABRIL DE 2024; E Nº 3.297, DE 13 DE NOVEMBRO DE 2025, BEM COMO PELA PORTARIA GAB/SEMED Nº 165, DE 12 DE MAIO DE 2026. EMPENHO E PAGAMENTO REFERENTES AO MÊS DE JUNHO DE 2026.";;;0;1545;0,00;0,00;Pagamento;7.280,00;7.280,00;7.280,00;7.280,00
[18297-20262432];2;18297;20262432;2900;2900;2026;18297.1.1;01/07/2026;18565823000120;ACCEI - CMEI PEQUENOS BRILHANTES;7.280,00;7.280,00;"REPASSE DESTINADO AO CUSTEIO DE DESPESAS COM MANUTENÇÃO DA INFRAESTRUTURA, EM CONFORMIDADE COM A LEI Nº 1.256, DE 22 DE DEZEMBRO DE 2003, E SUAS ALTERAÇÕES PROMOVIDAS PELAS LEIS Nº 2.309, DE 09 DE MAIO DE 2017; Nº 3.067, DE 03 DE ABRIL DE 2024; E Nº 3.297, DE 13 DE NOVEMBRO DE 2025, BEM COMO PELA PORTARIA GAB/SEMED Nº 165, DE 12 DE MAIO DE 2026. EMPENHO E PAGAMENTO REFERENTES AO MÊS DE JUNHO DE 2026.";;;0;1545;0,00;0,00;Pagamento;7.280,00;7.280,00;7.280,00;7.280,00
[18294-20262432];2;18294;20262432;2900;2900;2026;18294.1.1;01/07/2026;10379047000161;ACCEI - CMEI PARAISO INFANTIL;7.280,00;7.280,00;"REPASSE DESTINADO AO CUSTEIO DE DESPESAS COM MANUTENÇÃO DA INFRAESTRUTURA, EM CONFORMIDADE COM A LEI Nº 1.256, DE 22 DE DEZEMBRO DE 2003, E SUAS ALTERAÇÕES PROMOVIDAS PELAS LEIS Nº 2.309, DE 09 DE MAIO DE 2017; Nº 3.067, DE 03 DE ABRIL DE 2024; E Nº 3.297, DE 13 DE NOVEMBRO DE 2025, BEM COMO PELA PORTARIA GAB/SEMED Nº 165, DE 12 DE MAIO DE 2026. EMPENHO E PAGAMENTO REFERENTES AO MÊS DE JUNHO DE 2026.";;;0;1545;0,00;0,00;Pagamento;7.280,00;7.280,00;7.280,00;7.280,00
[18293-20262432];2;18293;20262432;2900;2900;2026;18293.1.1;01/07/2026;39276194000198;ACCEI - CMEI MUNDO FELIZ;7.280,00;7.280,00;"REPASSE DESTINADO AO CUSTEIO DE DESPESAS COM MANUTENÇÃO DA INFRAESTRUTURA, EM CONFORMIDADE COM A LEI Nº 1.256, DE 22 DE DEZEMBRO DE 2003, E SUAS ALTERAÇÕES PROMOVIDAS PELAS LEIS Nº 2.309, DE 09 DE MAIO DE 2017; Nº 3.067, DE 03 DE ABRIL DE 2024; E Nº 3.297, DE 13 DE NOVEMBRO DE 2025, BEM COMO PELA PORTARIA GAB/SEMED Nº 165, DE 12 DE MAIO DE 2026. EMPENHO E PAGAMENTO REFERENTES AO MÊS DE JUNHO DE 2026.";;;0;1545;0,00;0,00;Pagamento;7.280,00;7.280,00;7.280,00;7.280,00
[18292-20262511];2;18292;20262511;5300;5300;2026;18292.1.1;01/07/2026;60263873234;NEWTON CESAR DA SILVA LOPES;792,93;792,93;PAGAMENTO DE RPV EM FAVOR DE NEWTON CESAR DA SILVA LOPES, PROCESSO JUDICIAL N° 0002606-82.2024.5.10.0801.;;;0;1545;0,00;0,00;Pagamento;792,93;792,93;792,93;792,93
[18291-20262432];2;18291;20262432;2900;2900;2026;18291.1.1;01/07/2026;6007817000178;ACCEI - CMEI  MIUDINHOS;7.280,00;7.280,00;"REPASSE DESTINADO AO CUSTEIO DE DESPESAS COM MANUTENÇÃO DA INFRAESTRUTURA, EM CONFORMIDADE COM A LEI Nº 1.256, DE 22 DE DEZEMBRO DE 2003, E SUAS ALTERAÇÕES PROMOVIDAS PELAS LEIS Nº 2.309, DE 09 DE MAIO DE 2017; Nº 3.067, DE 03 DE ABRIL DE 2024; E Nº 3.297, DE 13 DE NOVEMBRO DE 2025, BEM COMO PELA PORTARIA GAB/SEMED Nº 165, DE 12 DE MAIO DE 2026. EMPENHO E PAGAMENTO REFERENTES AO MÊS DE JUNHO DE 2026.";;;0;1545;0,00;0,00;Pagamento;7.280,00;7.280,00;7.280,00;7.280,00
[18288-20262432];2;18288;20262432;2900;2900;2026;18288.1.1;01/07/2026;28545522000198;ACCEI - CMEI JOAO E MARIA;7.280,00;7.280,00;"REPASSE DESTINADO AO CUSTEIO DE DESPESAS COM MANUTENÇÃO DA INFRAESTRUTURA, EM CONFORMIDADE COM A LEI Nº 1.256, DE 22 DE DEZEMBRO DE 2003, E SUAS ALTERAÇÕES PROMOVIDAS PELAS LEIS Nº 2.309, DE 09 DE MAIO DE 2017; Nº 3.067, DE 03 DE ABRIL DE 2024; E Nº 3.297, DE 13 DE NOVEMBRO DE 2025, BEM COMO PELA PORTARIA GAB/SEMED Nº 165, DE 12 DE MAIO DE 2026. EMPENHO E PAGAMENTO REFERENTES AO MÊS DE JUNHO DE 2026.";;;0;1545;0,00;0,00;Pagamento;7.280,00;7.280,00;7.280,00;7.280,00
[18285-20262432];2;18285;20262432;2900;2900;2026;18285.1.1;01/07/2026;17347503000130;ACCEI - CMEI CRIANÇA FELIZ;7.280,00;7.280,00;"REPASSE DESTINADO AO CUSTEIO DE DESPESAS COM MANUTENÇÃO DA INFRAESTRUTURA, EM CONFORMIDADE COM A LEI Nº 1.256, DE 22 DE DEZEMBRO DE 2003, E SUAS ALTERAÇÕES PROMOVIDAS PELAS LEIS Nº 2.309, DE 09 DE MAIO DE 2017; Nº 3.067, DE 03 DE ABRIL DE 2024; E Nº 3.297, DE 13 DE NOVEMBRO DE 2025, BEM COMO PELA PORTARIA GAB/SEMED Nº 165, DE 12 DE MAIO DE 2026. EMPENHO E PAGAMENTO REFERENTES AO MÊS DE JUNHO DE 2026.";;;0;1545;0,00;0,00;Pagamento;7.280,00;7.280,00;7.280,00;7.280,00
[18284-20262432];2;18284;20262432;2900;2900;2026;18284.1.1;01/07/2026;10413075000158;ACCEI -  CMEI CONTOS DE FADA;7.280,00;7.280,00;"REPASSE DESTINADO AO CUSTEIO DE DESPESAS COM MANUTENÇÃO DA INFRAESTRUTURA, EM CONFORMIDADE COM A LEI Nº 1.256, DE 22 DE DEZEMBRO DE 2003, E SUAS ALTERAÇÕES PROMOVIDAS PELAS LEIS Nº 2.309, DE 09 DE MAIO DE 2017; Nº 3.067, DE 03 DE ABRIL DE 2024; E Nº 3.297, DE 13 DE NOVEMBRO DE 2025, BEM COMO PELA PORTARIA GAB/SEMED Nº 165, DE 12 DE MAIO DE 2026. EMPENHO E PAGAMENTO REFERENTES AO MÊS DE JUNHO DE 2026.";;;0;1545;0,00;0,00;Pagamento;7.280,00;7.280,00;7.280,00;7.280,00
[18281-20262432];2;18281;20262432;2900;2900;2026;18281.1.1;01/07/2026;20940846000119;ACCEI - CMEI CASTELO ENCANTADO;7.280,00;7.280,00;"REPASSE DESTINADO AO CUSTEIO DE DESPESAS COM MANUTENÇÃO DA INFRAESTRUTURA, EM CONFORMIDADE COM A LEI Nº 1.256, DE 22 DE DEZEMBRO DE 2003, E SUAS ALTERAÇÕES PROMOVIDAS PELAS LEIS Nº 2.309, DE 09 DE MAIO DE 2017; Nº 3.067, DE 03 DE ABRIL DE 2024; E Nº 3.297, DE 13 DE NOVEMBRO DE 2025, BEM COMO PELA PORTARIA GAB/SEMED Nº 165, DE 12 DE MAIO DE 2026. EMPENHO E PAGAMENTO REFERENTES AO MÊS DE JUNHO DE 2026.";;;0;1545;0,00;0,00;Pagamento;7.280,00;7.280,00;7.280,00;7.280,00
[18277-20262432];2;18277;20262432;2900;2900;2026;18277.1.1;01/07/2026;6041287000184;ACCEI - CMEI CANTINHO FELIZ;7.280,00;7.280,00;"REPASSE DESTINADO AO CUSTEIO DE DESPESAS COM MANUTENÇÃO DA INFRAESTRUTURA, EM CONFORMIDADE COM A LEI Nº 1.256, DE 22 DE DEZEMBRO DE 2003, E SUAS ALTERAÇÕES PROMOVIDAS PELAS LEIS Nº 2.309, DE 09 DE MAIO DE 2017; Nº 3.067, DE 03 DE ABRIL DE 2024; E Nº 3.297, DE 13 DE NOVEMBRO DE 2025, BEM COMO PELA PORTARIA GAB/SEMED Nº 165, DE 12 DE MAIO DE 2026. EMPENHO E PAGAMENTO REFERENTES AO MÊS DE JUNHO DE 2026.";;;0;1545;0,00;0,00;Pagamento;7.280,00;7.280,00;7.280,00;7.280,00
[18276-20262432];2;18276;20262432;2900;2900;2026;18276.1.1;01/07/2026;17073844000165;ACCEI - CMEI CANTINHO DO SABER;7.280,00;7.280,00;"REPASSE DESTINADO AO CUSTEIO DE DESPESAS COM MANUTENÇÃO DA INFRAESTRUTURA, EM CONFORMIDADE COM A LEI Nº 1.256, DE 22 DE DEZEMBRO DE 2003, E SUAS ALTERAÇÕES PROMOVIDAS PELAS LEIS Nº 2.309, DE 09 DE MAIO DE 2017; Nº 3.067, DE 03 DE ABRIL DE 2024; E Nº 3.297, DE 13 DE NOVEMBRO DE 2025, BEM COMO PELA PORTARIA GAB/SEMED Nº 165, DE 12 DE MAIO DE 2026. EMPENHO E PAGAMENTO REFERENTES AO MÊS DE JUNHO DE 2026.";;;0;1545;0,00;0,00;Pagamento;7.280,00;7.280,00;7.280,00;7.280,00
[18273-20262432];2;18273;20262432;2900;2900;2026;18273.1.1;01/07/2026;11686247000120;ACCEI - CMEI CANTINHO DA ALEGRIA;7.280,00;7.280,00;"REPASSE DESTINADO AO CUSTEIO DE DESPESAS COM MANUTENÇÃO DA INFRAESTRUTURA, EM CONFORMIDADE COM A LEI Nº 1.256, DE 22 DE DEZEMBRO DE 2003, E SUAS ALTERAÇÕES PROMOVIDAS PELAS LEIS Nº 2.309, DE 09 DE MAIO DE 2017; Nº 3.067, DE 03 DE ABRIL DE 2024; E Nº 3.297, DE 13 DE NOVEMBRO DE 2025, BEM COMO PELA PORTARIA GAB/SEMED Nº 165, DE 12 DE MAIO DE 2026. EMPENHO E PAGAMENTO REFERENTES AO MÊS DE JUNHO DE 2026.";;;0;1545;0,00;0,00;Pagamento;7.280,00;7.280,00;7.280,00;7.280,00
[18272-20262432];2;18272;20262432;2900;2900;2026;18272.1.1;01/07/2026;6307119000198;ACC DA CRECHE CANTIGA DE NINAR;7.280,00;7.280,00;"REPASSE DESTINADO AO CUSTEIO DE DESPESAS COM MANUTENÇÃO DA INFRAESTRUTURA, EM CONFORMIDADE COM A LEI Nº 1.256, DE 22 DE DEZEMBRO DE 2003, E SUAS ALTERAÇÕES PROMOVIDAS PELAS LEIS Nº 2.309, DE 09 DE MAIO DE 2017; Nº 3.067, DE 03 DE ABRIL DE 2024; E Nº 3.297, DE 13 DE NOVEMBRO DE 2025, BEM COMO PELA PORTARIA GAB/SEMED Nº 165, DE 12 DE MAIO DE 2026. EMPENHO E PAGAMENTO REFERENTES AO MÊS DE JUNHO DE 2026.";;;0;1545;0,00;0,00;Pagamento;7.280,00;7.280,00;7.280,00;7.280,00
[18268-20262432];2;18268;20262432;2900;2900;2026;18268.1.1;01/07/2026;9503060000100;ACCEI - CMEI AMANCIO JOSE DE MORAES;7.280,00;7.280,00;"REPASSE DESTINADO AO CUSTEIO DE DESPESAS COM MANUTENÇÃO DA INFRAESTRUTURA, EM CONFORMIDADE COM A LEI Nº 1.256, DE 22 DE DEZEMBRO DE 2003, E SUAS ALTERAÇÕES PROMOVIDAS PELAS LEIS Nº 2.309, DE 09 DE MAIO DE 2017; Nº 3.067, DE 03 DE ABRIL DE 2024; E Nº 3.297, DE 13 DE NOVEMBRO DE 2025, BEM COMO PELA PORTARIA GAB/SEMED Nº 165, DE 12 DE MAIO DE 2026. EMPENHO E PAGAMENTO REFERENTES AO MÊS DE JUNHO DE 2026.";;;0;1545;0,00;0,00;Pagamento;7.280,00;7.280,00;7.280,00;7.280,00
[18267-20262432];2;18267;20262432;2900;2900;2026;18267.1.1;01/07/2026;6303920000165;ACCEI  - ACONCHEGO;7.280,00;7.280,00;"REPASSE DESTINADO AO CUSTEIO DE DESPESAS COM MANUTENÇÃO DA INFRAESTRUTURA, EM CONFORMIDADE COM A LEI Nº 1.256, DE 22 DE DEZEMBRO DE 2003, E SUAS ALTERAÇÕES PROMOVIDAS PELAS LEIS Nº 2.309, DE 09 DE MAIO DE 2017; Nº 3.067, DE 03 DE ABRIL DE 2024; E Nº 3.297, DE 13 DE NOVEMBRO DE 2025, BEM COMO PELA PORTARIA GAB/SEMED Nº 165, DE 12 DE MAIO DE 2026. EMPENHO E PAGAMENTO REFERENTES AO MÊS DE JUNHO DE 2026.";;;0;1545;0,00;0,00;Pagamento;7.280,00;7.280,00;7.280,00;7.280,00
[18266-20262415];2;18266;20262415;5300;5300;2026;18266.1.1;01/07/2026;1021018171;IVANILDO BEZERRA DA SILVA LIMA;7.929,26;7.929,26;SEM DESCRIÇÃO;;;0;1545;0,00;0,00;Pagamento;7.929,26;7.929,26;7.929,26;7.929,26
[18248-20262511];2;18248;20262511;5300;5300;2026;18248.1.1;01/07/2026;60859318168;NADIA  APARECIDA SANTOS;2.925,38;2.925,38;PAGAMENTO DE RPV EM FAVOR DE NADIA APARECIDA SANTOS, PROCESSO JUDICILA N° 0001149-46.2023.5.10.0802.;;;0;1545;0,00;0,00;Pagamento;2.925,38;2.925,38;2.925,38;2.925,38
[18222-20262511];2;18222;20262511;5300;5300;2026;18222.1.1;01/07/2026;60263873234;NEWTON CESAR DA SILVA LOPES;601,26;601,26;VALOR PAGO REFERENTE A: REQUISIÇÃO DE PEQUENO VALOR - RPV AO BENFICIÁRIO NEWTON CESAR DA SILVA LOPES , REFERENTE AO PROCESSO JUDICIAL N° 0002596-38.2024.5.10.0801, VALOR DE R$  601,26 (SEISCENTOS E UM REAIS E VINTE E SEIS CENTAVOS).;;;0;1545;0,00;0,00;Pagamento;601,26;601,26;601,26;601,26
[18161-20262431];2;18161;20262431;2900;2900;2026;18161.1.1;01/07/2026;16995171000138;ACE - ESCOLA MUNICIPAL MARIA VERÔNICA ALVES DE SOUSA;7.280,00;7.280,00;"REPASSE DESTINADO AO CUSTEIO DAS DESPESAS DE MANUTENÇÃO DA INFRAESTRUTURA, EM CONFORMIDADE COM A LEI Nº 1.256, DE 22 DE DEZEMBRO
DE 2003, E SUAS ALTERAÇÕES PROMOVIDAS PELAS LEIS Nº 2.309, DE 09 DE MAIO DE 2017; Nº 3.067, DE 03 DE ABRIL DE 2024; E Nº 3.297, DE 13DE NOVEMBRO
DE 2025, BEM COMO PELA PORTARIA GAB/SEMED Nº 165, DE 12 DE MAIO DE 2026.EMPENHO E LIQUIDAÇÃO REFERENTE AO MÊS DE JUNHO/2026.";;;0;1545;0,00;0,00;Pagamento;7.280,00;7.280,00;7.280,00;7.280,00
[18155-20262431];2;18155;20262431;2900;2900;2026;18155.1.1;01/07/2026;1912098000116;ESCOLA MUNICIPAL LUIZ GONZAGA;7.280,00;7.280,00;": REPASSE DESTINADO AO CUSTEIO DAS DESPESAS DE MANUTENÇÃO DA INFRAESTRUTURA, EM CONFORMIDADE COM A LEI Nº 1.256, DE 22 DE DEZEMBRO
DE 2003, E SUAS ALTERAÇÕES PROMOVIDAS PELAS LEIS Nº 2.309, DE 09 DE MAIO DE 2017; Nº 3.067, DE 03 DE ABRIL DE 2024; E Nº 3.297, DE 13DE NOVEMBRO
DE 2025, BEM COMO PELA PORTARIA GAB/SEMED Nº 165, DE 12 DE MAIO DE 2026.EMPENHO E LIQUIDAÇÃO REFERENTE AO MÊS DE JUNHO/2026.";;;0;1545;0,00;0,00;Pagamento;7.280,00;7.280,00;7.280,00;7.280,00
[18154-20262431];2;18154;20262431;2900;2900;2026;18154.1.1;01/07/2026;17347225000111;ACE - ESCOLA MUNICIPAL LÚCIA SALES PEREIRA RAMOS;7.280,00;7.280,00;": REPASSE DESTINADO AO CUSTEIO DAS DESPESAS DE MANUTENÇÃO DA INFRAESTRUTURA, EM CONFORMIDADE COM A LEI Nº 1.256, DE 22 DE DEZEMBRO
DE 2003, E SUAS ALTERAÇÕES PROMOVIDAS PELAS LEIS Nº 2.309, DE 09 DE MAIO DE 2017; Nº 3.067, DE 03 DE ABRIL DE 2024; E Nº 3.297, DE 13DE NOVEMBRO
DE 2025, BEM COMO PELA PORTARIA GAB/SEMED Nº 165, DE 12 DE MAIO DE 2026.EMPENHO E LIQUIDAÇÃO REFERENTE AO MÊS DE JUNHO/2026.";;;0;1545;0,00;0,00;Pagamento;7.280,00;7.280,00;7.280,00;7.280,00
[18151-20261129];2;18151;20261129;7800;7800;2026;18151.1.1;01/07/2026;10460274000117;PRAPEL COMERCIO DE PAPEL LTDA;2.441,20;2.441,20;PROCESSO DE AQUISIÇAO PERIFERICOS INFORMATICA;41341;;0;1545;0,00;0,00;Pagamento;2.441,20;2.441,20;2.441,20;2.441,20
[18149-20261129];2;18149;20261129;7800;7800;2026;18149.1.1;01/07/2026;10460274000117;PRAPEL COMERCIO DE PAPEL LTDA;300,00;300,00;PROCESSO DE AQUISIÇAO PERIFERICOS INFORMATICA;41341;;0;1545;0,00;0,00;Pagamento;300,00;300,00;300,00;300,00
[18148-20261136];2;18148;20261136;7800;7800;2026;18148.1.1;01/07/2026;10460274000117;PRAPEL COMERCIO DE PAPEL LTDA;745,00;745,00;PROCESSO DE AQUISIÇAO PERIFERICOS INFORMATICA;41341;;0;1545;0,00;0,00;Pagamento;745,00;745,00;745,00;745,00
[18144-20262431];2;18144;20262431;2900;2900;2026;18144.1.1;01/07/2026;9620313000117;ESCOLA MUNICIPAL EURÍDICE FERREIRA DE MELO;7.280,00;7.280,00;": REPASSE DESTINADO AO CUSTEIO DAS DESPESAS DE MANUTENÇÃO DA INFRAESTRUTURA, EM CONFORMIDADE COM A LEI Nº 1.256, DE 22 DE DEZEMBRO
DE 2003, E SUAS ALTERAÇÕES PROMOVIDAS PELAS LEIS Nº 2.309, DE 09 DE MAIO DE 2017; Nº 3.067, DE 03 DE ABRIL DE 2024; E Nº 3.297, DE 13 DE NOVEMBRO
DE 2025, BEM COMO PELA PORTARIA GAB/SEMED Nº 165, DE 12 DE MAIO DE 2026.EMPENHO E LIQUIDAÇÃO REFERENTE AO MÊS DE JUNHO/2026.";;;0;1545;0,00;0,00;Pagamento;7.280,00;7.280,00;7.280,00;7.280,00
[18112-20262500];2;18112;20262500;5300;5300;2026;18112.1.1;01/07/2026;7248660000135;DEFENSORIA PUBLICA DO ESTADO DO TOCANTINS;550,11;550,11;PAGAMENTO DE RPV EM FAVOR DE DEFENSORIA PUBLICA DO ESTADO DO TOCANTINS, PROCESSO JUDICIAL N° 0011843-95.2020.8.27.2729.;;;0;1545;0,00;0,00;Pagamento;550,11;550,11;550,11;550,11
[18111-20262500];2;18111;20262500;5300;5300;2026;18111.1.1;01/07/2026;7248660000135;DEFENSORIA PUBLICA DO ESTADO DO TOCANTINS;2.307,20;2.307,20;PAGAMENTO DE RPV EM FAVOR DE DEFENSORIA PUBLICA DO ESTADO DO TOCANTINS, PROCESSO JUDICIAL N°0000104-38.2014.8.27.2729.;;;0;1545;0,00;0,00;Pagamento;2.307,20;2.307,20;2.307,20;2.307,20
[18110-20262500];2;18110;20262500;5300;5300;2026;18110.1.1;01/07/2026;25401947000135;GUSTAVO DOS SANTOS SOUZA SOCIEDADE INDIVIDUAL DE ADVOCACIA;8.099,44;8.099,44;PAGAMENTO DE RPV EM FAVOR DE GUSTAVO DOS SANTOS SOUZA SOCIEDADE INDIVIDUAL DE ADVOCACIA,PROCESSO JUDICIAL N° 0001395-16.2021.5.10.0801.;;;0;1545;0,00;0,00;Pagamento;8.099,44;8.099,44;8.099,44;8.099,44
[18091-20261088];2;18091;20261088;7100;7100;2026;18091.1.1;01/07/2026;10637881000100;FEDERACAO DE QUADRILHAS JUNINAS DO ESTADO DO TO;960.000,00;960.000,00;VALOR PAGO REFERENTE A: REALIZAÇÃO DO 34º ARRAIÁ DA CAPITAL - FOMENTO;;;0;1545;0,00;0,00;Pagamento;960.000,00;960.000,00;960.000,00;960.000,00
[18075-20262500];2;18075;20262500;5300;5300;2026;18075.1.1;01/07/2026;7248660000135;DEFENSORIA PUBLICA DO ESTADO DO TOCANTINS;874,38;874,38;PAGAMENTO DE RPV EM FAVOR DE DEFENSORIA PUBLICA DO ESTADO DO TOCANTINS, PROCESSO JUDICIAL N° 0003825-61.2015.8.27.2729;;;0;1545;0,00;0,00;Pagamento;874,38;874,38;874,38;874,38
[18070-20262511];2;18070;20262511;5300;5300;2026;18070.1.1;01/07/2026;6839477100;JOAO LUCAS BORGES ARAUJO;529,50;529,50;PAGAMENTO DE RPV EM FAVOR DE JOAO LUCAS BORGES ARAUJO, PROCESSO JUDICIAL N° 0018074-02.2024.8.27.2729.;;;0;1545;0,00;0,00;Pagamento;529,50;529,50;529,50;529,50
[18069-20260578];2;18069;20260578;3200;3200;2026;18069.1.1;01/07/2026;5652247000106;LUMIAR HEALTH BUILDERS EQUIPAMENTOS HOSPITALARES LTDA;20.909,61;20.909,61;LIQUIDAÇÃO NOTA FISCAL 1621 REF. MES DE JANEIRO DE 2026.  ATENÇÃO PRIMARIA NUP 21156/2024;;;0;1545;0,00;0,00;Pagamento;20.909,61;20.909,61;20.909,61;20.909,61
[17831-20262511];2;17831;20262511;5300;5300;2026;17831.1.1;01/07/2026;60263873234;NEWTON CESAR DA SILVA LOPES;1.194,94;1.194,94;PAGAMENTO DE RPV EM FAVOR DE NEWTON CESAR DA SILVA LOPES, PROCESSO JUDICIAL N° 0002562-60.2024.5.10.0802.;;;0;1545;0,00;0,00;Pagamento;1.194,94;1.194,94;1.194,94;1.194,94
[17829-20262415];2;17829;20262415;5300;5300;2026;17829.1.1;01/07/2026;8072520180;EDINELSON GOMES DOS SANTOS;7.966,26;7.966,26;PAGAMENTO DE RPV EM FAVOR DE EDINELSON GOMES DOS SANTOS, PROCESSO JUDICIAL N° 0002562-60.2024.5.10.0802.;;;0;1545;0,00;0,00;Pagamento;7.966,26;7.966,26;7.966,26;7.966,26
[17824-20262415];2;17824;20262415;5300;5300;2026;17824.1.1;01/07/2026;86730630191;MAGNON BATISTA DO NASCIMENTO;3.200,86;3.200,86;PAGAMENTO DE RPV EM FAVOR DE MAGNON BATISTA DO NASCIMENTO, PROCESSO JUDICIAL N° 0007562-04.2017.8.27.2729.;;;0;1545;0,00;0,00;Pagamento;3.200,86;3.200,86;3.200,86;3.200,86
[17820-20262511];2;17820;20262511;5300;5300;2026;17820.1.1;01/07/2026;1688134166;INGRID PRISCILA SOUSA VIEIRA QUIROZ;3.823,13;3.823,13;PAGAMENTO DE RPV EM FAVOR DE INGRID PRISCILA SOUSA VIEIRA QUEIROZ,  PROCESSO JUDICIAL N° 0007562-04.2017.8.27.2729.;;;0;1545;0,00;0,00;Pagamento;3.823,13;3.823,13;3.823,13;3.823,13
[17806-20262415];2;17806;20262415;5300;5300;2026;17806.1.1;01/07/2026;5428830239;WELLYSON GUILHERME COSTA CANDIDO;27.550,05;27.550,05;PAGAMENTO DE RPV EM FAVOR DE  WELLYSON GUILHERME COSTA CANDIDO, PROCESSO JUDICIAL N° 0000030-16.2024.5.10.0802.;;;0;1545;0,00;0,00;Pagamento;27.550,05;27.550,05;27.550,05;27.550,05
[17799-20262511];2;17799;20262511;5300;5300;2026;17799.1.1;01/07/2026;43155456191;DONATILA RODRIGUES RÊGO;7.832,93;7.832,93;PAGAMENTO DE RPV EM FAVOR DE DONATILA RODRIGUES RÊGO, PROCESSO JUDICIAL N° 0000132-38.2024.5.10.0802.;;;0;1545;0,00;0,00;Pagamento;7.832,93;7.832,93;7.832,93;7.832,93
[17794-20262511];2;17794;20262511;5300;5300;2026;17794.1.1;01/07/2026;60263873234;NEWTON CESAR DA SILVA LOPES;4.464,18;4.464,18;PAGAMENTO DE RPV EM FAVOR DE NEWTON CESAR DA SILVA LOPES, PROCESSO JUDICIAL N°0002026-83.2023.5.10.0802.;;;0;1545;0,00;0,00;Pagamento;4.464,18;4.464,18;4.464,18;4.464,18
[17793-20262511];2;17793;20262511;5300;5300;2026;17793.1.1;01/07/2026;43155456191;DONATILA RODRIGUES RÊGO;12.767,07;12.767,07;PAGAMENTO DE RPV EM FAVOR DE DONATILA RODRIGUES RÊGO, PROCESSO JUDICIAL N° 0000064-88.2024.5.10.0802 .;;;0;1545;0,00;0,00;Pagamento;12.767,07;12.767,07;12.767,07;12.767,07
[17737-20262415];2;17737;20262415;5300;5300;2026;17737.1.1;01/07/2026;2533262307;RICK LUIS FEITOSA BRANDAO;4.822,84;4.822,84;PAGAMENTO DE RPV EM FAVOR DE RICK LUIS FEITOSA BRANDAO, PROCESSO JUDICIAL N° 0031702-58.2024.8.27.2729.;;;0;1545;0,00;0,00;Pagamento;4.822,84;4.822,84;4.822,84;4.822,84
[17735-20262511];2;17735;20262511;5300;5300;2026;17735.1.1;01/07/2026;60263873234;NEWTON CESAR DA SILVA LOPES;537,31;537,31;PAGAMENTO DE RPV EM FAVOR DE NEWTON CESAR DA SILVA LOPES, PROCESSO JUDICIAL N° 0002556-53.2024.5.10.0802.;;;0;1545;0,00;0,00;Pagamento;537,31;537,31;537,31;537,31
[17734-20262415];2;17734;20262415;5300;5300;2026;17734.1.1;01/07/2026;3791322141;IGOR VINICIUS GOMES OLIVEIRA;3.582,06;3.582,06;PAGAMENTO DE RPV EM FAVOR DE IGOR VINICIUS GOMES OLIVEIRA, PROCESSO JUDICIAL N° 0002556-53.2024.5.10.0802.;;;0;1545;0,00;0,00;Pagamento;3.582,06;3.582,06;3.582,06;3.582,06
[17717-20262431];2;17717;20262431;2900;2900;2026;17717.1.1;01/07/2026;1916211000131;ESCOLA MUNICIPAL ESTEVÃO DE CASTRO;7.280,00;7.280,00;": REPASSE DESTINADO AO CUSTEIO DAS DESPESAS DE MANUTENÇÃO DA INFRAESTRUTURA, EM CONFORMIDADE COM A LEI Nº 1.256, DE 22 DE DEZEMBRO
DE 2003, E SUAS ALTERAÇÕES PROMOVIDAS PELAS LEIS Nº 2.309, DE 09 DE MAIO DE 2017; Nº 3.067, DE 03 DE ABRIL DE 2024; E Nº 3.297, DE 13 DE NOVEMBRO
DE 2025, BEM COMO PELA PORTARIA GAB/SEMED Nº 165, DE 12 DE MAIO DE 2026.EMPENHO E LIQUIDAÇÃO REFERENTE AO MÊS DE JUNHO/2026.";;;0;1545;0,00;0,00;Pagamento;7.280,00;7.280,00;7.280,00;7.280,00
[17685-20262429];2;17685;20262429;2900;2900;2026;17685.1.1;01/07/2026;16995171000138;ACE - ESCOLA MUNICIPAL MARIA VERÔNICA ALVES DE SOUSA;1.500,00;1.500,00;"REPASSE DESTINADO AO CUSTEIO DAS DESPESAS DE FORMAÇÃO CONTINUADA DOS PROFISSIONAIS DA EDUCAÇÃO, EM CONFORMIDADE COM A LEI Nº
1.256, DE 22 DE DEZEMBRO DE 2003, E SUAS ALTERAÇÕES PROMOVIDAS PELAS LEIS Nº 2.309, DE 09 DE MAIO DE 2017; Nº 3.067, DE 03 DE ABRIL DE 2024; E Nº
3.297, DE 13 DE NOVEMBRO DE 2025, BEM COMO PELA PORTARIA GAB/SEMED Nº 160, DE 11 DE MAIO DE 2026.EMPENHO E LIQUIDAÇÃO REFERENTE AO MÊS
DE JUNHO/2026";;;0;1545;0,00;0,00;Pagamento;1.500,00;1.500,00;1.500,00;1.500,00
[17676-20262429];2;17676;20262429;2900;2900;2026;17676.1.1;01/07/2026;17347225000111;ACE - ESCOLA MUNICIPAL LÚCIA SALES PEREIRA RAMOS;1.500,00;1.500,00;"REPASSE DESTINADO AO CUSTEIO DAS DESPESAS DE FORMAÇÃO CONTINUADA DOS PROFISSIONAIS DA EDUCAÇÃO, EM CONFORMIDADE COM A LEI Nº
1.256, DE 22 DE DEZEMBRO DE 2003, E SUAS ALTERAÇÕES PROMOVIDAS PELAS LEIS Nº 2.309, DE 09 DE MAIO DE 2017; Nº 3.067, DE 03 DE ABRIL DE 2024; E Nº
3.297, DE 13 DE NOVEMBRO DE 2025, BEM COMO PELA PORTARIA GAB/SEMED Nº 160, DE 11 DE MAIO DE 2026.EMPENHO E LIQUIDAÇÃO REFERENTE AO MÊS
DE JUNHO/2026";;;0;1545;0,00;0,00;Pagamento;1.500,00;1.500,00;1.500,00;1.500,00
[17670-20262429];2;17670;20262429;2900;2900;2026;17670.1.1;01/07/2026;9620313000117;ESCOLA MUNICIPAL EURÍDICE FERREIRA DE MELO;1.500,00;1.500,00;"REPASSE DESTINADO AO CUSTEIO DAS DESPESAS DE FORMAÇÃO CONTINUADA DOS PROFISSIONAIS DA EDUCAÇÃO, EM CONFORMIDADE COM A LEI Nº
1.256, DE 22 DE DEZEMBRO DE 2003, E SUAS ALTERAÇÕES PROMOVIDAS PELAS LEIS Nº 2.309, DE 09 DE MAIO DE 2017; Nº 3.067, DE 03 DE ABRIL DE 2024; E Nº
3.297, DE 13 DE NOVEMBRO DE 2025, BEM COMO PELA PORTARIA GAB/SEMED Nº 160, DE 11 DE MAIO DE 2026.EMPENHO E LIQUIDAÇÃO REFERENTE AO MÊS
DE JUNHO/2026";;;0;1545;0,00;0,00;Pagamento;1.500,00;1.500,00;1.500,00;1.500,00
[17658-20262415];2;17658;20262415;5300;5300;2026;17658.1.1;01/07/2026;47943670582;NILSON LUSTOSA NOGUEIRA JUNIOR;6.012,61;6.012,61;VALOR PAGO REFERENTE A: REQUISIÇÃO DE PEQUENO VALOR - RPV AO BENFICIÁRIO NILSON LUSTOSA NOGUEIRA JUNIOR , REFERENTE AO PROCESSO JUDICIAL N°0002596-38.2024.5.10.0801, VALOR DE R$ 6.012,61 (SEIS MIL, DOZE REAIS E SESSENTA E UM CENTAVOS).;;;0;1545;0,00;0,00;Pagamento;6.012,61;6.012,61;6.012,61;6.012,61
[17651-20262511];2;17651;20262511;5300;5300;2026;17651.1.1;01/07/2026;43155456191;DONATILA RODRIGUES RÊGO;12.439,55;12.439,55;VALOR PAGO REFERENTE A: REQUISIÇÃO DE PEQUENO VALOR - RPV AO BENFICIÁRIO DONATILA RODRIGUES RÊGO, REFERENTE AO PROCESSO JUDICIAL N° 0000065-73.2024.5.10.0802, VALOR DE R$ 12.439,55 (DOZE MIL, QUATROCENTOS E TRINTA E NOVE REAIS E CINQUENTA E CINCO CENTAVOS).;;;0;1545;0,00;0,00;Pagamento;12.439,55;12.439,55;12.439,55;12.439,55
[17647-20262511];2;17647;20262511;5300;5300;2026;17647.1.1;01/07/2026;60859318168;NADIA  APARECIDA SANTOS;5.773,99;5.773,99;VALOR PAGO REFERENTE A: REQUISIÇÃO DE PEQUENO VALOR - RPV AO BENFICIÁRIO NÁDIA APARECIDA SANTOS ARAGÃO, REFERENTE AO PROCESSO JUDICIAL N° 0000221-61.2024.5.10.0802, VALOR DE R$  5.773,99 (CINCO MIL, SETECENTOS E SETENTA E TRÊS REAIS E NOVENTA E NOVE CENTAVOS).;;;0;1545;0,00;0,00;Pagamento;5.773,99;5.773,99;5.773,99;5.773,99
[17645-20262500];2;17645;20262500;5300;5300;2026;17645.1.1;01/07/2026;7248660000135;DEFENSORIA PUBLICA DO ESTADO DO TOCANTINS;1.211,52;1.211,52;VALOR PAGO REFERENTE A: REQUISIÇÃO DE PEQUENO VALOR - RPV AO BENFICIÁRIO DEFENSORIA PÚBLICA, REFERENTE AO PROCESSO JUDICIAL N° 0023495-22.2014.8.27.2729, VALOR DE R$1.211,52 (MIL, DUZENTOS EONZE REAIS E CINQUENTA E DOIS CENTAVOS).;;;0;1545;0,00;0,00;Pagamento;1.211,52;1.211,52;1.211,52;1.211,52
[17642-20262511];2;17642;20262511;5300;5300;2026;17642.1.1;01/07/2026;60263873234;NEWTON CESAR DA SILVA LOPES;5.121,20;5.121,20;VALOR PAGO REFERENTE A: REQUISIÇÃO DE PEQUENO VALOR - RPV AO BENFICIÁRIO NEWTON CESAR DA SILVA LOPES, REFERENTE AO PROCESSO JUDICIAL N° 0002519-26.2024.5.10.0802, VALOR DE R$ 5.121,20 (CINCO MIL, CENTO E VINTE E UM REAIS E VINTE CENTAVOS).;;;0;1545;0,00;0,00;Pagamento;5.121,20;5.121,20;5.121,20;5.121,20
[17634-20262415];2;17634;20262415;5300;5300;2026;17634.1.1;01/07/2026;91375762168;ADRIANO CORREIA DA SILVA;31.677,57;31.677,57;VALOR PAGO REFERENTE A: REQUISIÇÃO DE PEQUENO VALOR - RPV AO BENFICIÁRIO ADRIANO CORREIA DA SILVA, REFERENTE AO PROCESSO JUDICIAL N° 0002519-26.2024.5.10.0802, VALOR DE R$  31.677,57 (TRINTA E UM MIL, SEISCENTOS E SETENTA E SETE REAIS E CINQUENTA E SETE CENTAVOS).;;;0;1545;0,00;0,00;Pagamento;31.677,57;31.677,57;31.677,57;31.677,57
[17613-20262426];2;17613;20262426;2900;2900;2026;17613.1.1;01/07/2026;9620313000117;ESCOLA MUNICIPAL EURÍDICE FERREIRA DE MELO;55.800,00;55.800,00;"VALOR PAGO REFERENTE A: VALOR EMPENHADO REFERENTE A: VALOR EMPENHADO REFERENTE A: REPASSE DESTINADO AO CUSTEIO DAS DESPESAS DE APOIO AS PRATICAS, EM CONFORMIDADE COM A LEI Nº 1.256, DE 22 DE DEZEMBRO DE 2003, E SUAS
ALTERAÇÕES PROMOVIDAS PELAS LEIS Nº 2.309, DE 09 DE MAIO DE 2017; Nº 3.067, DE 03 DE ABRIL DE 2024; E Nº 3.297, DE 13 DE NOVEMBRO DE 2025, BEM
COMO PELA PORTARIA GAB/SEMED Nº 164, DE 12 DE MAIO DE 2026.EMPENHO E LIQUIDAÇÃO REFERENTE AO MÊS DE JUNHO/2026.";;;0;1545;0,00;0,00;Pagamento;55.800,00;55.800,00;55.800,00;55.800,00
[17601-20262426];2;17601;20262426;2900;2900;2026;17601.1.1;01/07/2026;9620313000117;ESCOLA MUNICIPAL EURÍDICE FERREIRA DE MELO;55.800,00;55.800,00;"VALOR PAGO REFERENTE A: VALOR EMPENHADO REFERENTE A: REPASSE DESTINADO AO CUSTEIO DAS DESPESAS DE APOIO AS PRATICAS, EM CONFORMIDADE COM A LEI Nº 1.256, DE 22 DE DEZEMBRO DE 2003, E SUAS
ALTERAÇÕES PROMOVIDAS PELAS LEIS Nº 2.309, DE 09 DE MAIO DE 2017; Nº 3.067, DE 03 DE ABRIL DE 2024; E Nº 3.297, DE 13 DE NOVEMBRO DE 2025, BEM
COMO PELA PORTARIA GAB/SEMED Nº 163, DE 12 DE MAIO DE 2026.EMPENHO E LIQUIDAÇÃO REFERENTE AO MÊS DE JUNHO/2026.";;;0;1545;0,00;0,00;Pagamento;55.800,00;55.800,00;55.800,00;55.800,00
[17591-20262430];2;17591;20262430;2900;2900;2026;17591.1.1;01/07/2026;6041287000184;ACCEI - CMEI CANTINHO FELIZ;1.500,00;1.500,00;"REPASSE DESTINADO AO CUSTEIO DE DESPESAS COM FORMAÇÃO CONTINUADA DOS PROFISSIONAIS DA EDUCAÇÃO, EM CONFORMIDADE COM A LEI Nº 1.256, DE 22 DE DEZEMBRO DE 2003, E SUAS ALTERAÇÕES PROMOVIDAS PELAS LEIS Nº 2.309, DE 09 DE MAIO DE 2017; Nº 3.067, DE 03 DE ABRIL DE 2024; E Nº 3.297, DE 13 DE NOVEMBRO DE 2025, BEM COMO PELA PORTARIA GAB/SEMED Nº 160, DE 11 DE MAIO DE 2026. EMPENHO E PAGAMENTO REFERENTES AO MÊS DE JUNHO DE 2026.";;;0;1545;0,00;0,00;Pagamento;1.500,00;1.500,00;1.500,00;1.500,00
[17590-20262426];2;17590;20262426;2900;2900;2026;17590.1.1;01/07/2026;9620313000117;ESCOLA MUNICIPAL EURÍDICE FERREIRA DE MELO;55.800,00;55.800,00;"VALOR PAGO REFERENTE A: REPASSE DESTINADO AO CUSTEIO DAS DESPESAS DE APOIO AS PRATICAS, EM CONFORMIDADE COM A LEI Nº 1.256, DE 22 DE DEZEMBRO DE 2003, E SUAS
ALTERAÇÕES PROMOVIDAS PELAS LEIS Nº 2.309, DE 09 DE MAIO DE 2017; Nº 3.067, DE 03 DE ABRIL DE 2024; E Nº 3.297, DE 13 DE NOVEMBRO DE 2025, BEM
COMO PELA PORTARIA GAB/SEMED Nº 162, DE 12 DE MAIO DE 2026.EMPENHO E LIQUIDAÇÃO REFERENTE AO MÊS DE JUNHO/2026.";;;0;1545;0,00;0,00;Pagamento;55.800,00;55.800,00;55.800,00;55.800,00
[17576-20262426];2;17576;20262426;2900;2900;2026;17576.1.1;01/07/2026;9620313000117;ESCOLA MUNICIPAL EURÍDICE FERREIRA DE MELO;55.800,00;55.800,00;"REPASSE DESTINADO AO CUSTEIO DAS DESPESAS DE APOIO AS PRATICAS, EM CONFORMIDADE COM A LEI Nº 1.256, DE 22 DE DEZEMBRO DE 2003, E SUAS
ALTERAÇÕES PROMOVIDAS PELAS LEIS Nº 2.309, DE 09 DE MAIO DE 2017; Nº 3.067, DE 03 DE ABRIL DE 2024; E Nº 3.297, DE 13 DE NOVEMBRO DE 2025, BEM
COMO PELA PORTARIA GAB/SEMED Nº 161, DE 12 DE MAIO DE 2026.EMPENHO E LIQUIDAÇÃO REFERENTE AO MÊS DE JUNHO/2026.";;;0;1545;0,00;0,00;Pagamento;55.800,00;55.800,00;55.800,00;55.800,00
[17566-20262511];2;17566;20262511;5300;5300;2026;17566.1.1;01/07/2026;60263873234;NEWTON CESAR DA SILVA LOPES;808,26;808,26;VALOR PAGO REFERENTE A: REQUISIÇÃO DE PEQUENO VALOR - RPV AO BENFICIÁRIO NEWTON CESAR DA SILVA LOPES, REFERENTE AO PROCESSO JUDICIAL N° 0001672-58.2023.5.10.0802, VALOR DE R$  808,26 (OITOCENTOS E OITO REAIS E VINTE E SEIS CENTAVOS).;;;0;1545;0,00;0,00;Pagamento;808,26;808,26;808,26;808,26
[17561-20262415];2;17561;20262415;5300;5300;2026;17561.1.1;01/07/2026;98814966168;IDELBLANIR PIRES FERREIRA;4.451,59;4.451,59;VALOR PAGO REFERENTE A: REQUISIÇÃO DE PEQUENO VALOR - RPV AO BENFICIÁRIO IDELBLANIR PIRES FERREIRA, REFERENTE AO PROCESSO JUDICIAL N° 0001672-58.2023.5.10.0802, VALOR DE R$ 4.451,59 (QUATRO MIL, QUATROCENTOS E CINQUENTA E UM REAIS E CINQUENTA E NOVE CENTAVOS).;;;0;1545;0,00;0,00;Pagamento;4.451,59;4.451,59;4.451,59;4.451,59
[17557-20262415];2;17557;20262415;5300;5300;2026;17557.1.1;01/07/2026;5388486184;DANIELA NERES DO NASCIMENTO;2.218,74;2.218,74;SEM DESCRIÇÃO;;;0;1545;0,00;0,00;Pagamento;2.218,74;2.218,74;2.218,74;2.218,74
[17555-20262415];2;17555;20262415;5300;5300;2026;17555.1.1;01/07/2026;60249080168;ALDERINA CASTRO REIS;24.406,41;24.406,41;VALOR PAGO REFERENTE A: REQUISIÇÃO DE PEQUENO VALOR - RPV AO BENFICIÁRIO ALDERINA CASTRO REIS, REFERENTE AO PROCESSO JUDICIAL N° 0002352-12.2024.5.10.0801, VALOR DE R$ 24.406,41(VINTE E QUATRO MIL, QUATROCENTOS E SEIS REAIS E QUARENTA E UM CENTAVOS).;;;0;1545;0,00;0,00;Pagamento;24.406,41;24.406,41;24.406,41;24.406,41
[17542-20262415];2;17542;20262415;5300;5300;2026;17542.1.1;01/07/2026;60263873234;NEWTON CESAR DA SILVA LOPES;1.916,56;1.916,56;VALOR PAGO REFERENTE A: REQUISIÇÃO DE PEQUENO VALOR - RPV AO BENFICIÁRIO NEWTON CESAR DA SILVA LOPES, REFERENTE AO PROCESSO JUDICIAL N° 0002602-45.2024.5.10.0801, VALOR DE R$ 1.916,56 (HUM MIL, NOVECENTOS E DEZESSEIS REAIS E CINQUENTA E  SEIS CENTAVOS).;;;0;1545;0,00;0,00;Pagamento;1.916,56;1.916,56;1.916,56;1.916,56
[17532-20262415];2;17532;20262415;5300;5300;2026;17532.1.1;01/07/2026;5561846108;JUCELIO DA SILVA MAGALHAES;14.266,38;14.266,38;"VALOR PAGO REFERENTE A: REQUISIÇÃO DE PEQUENO VALOR - RPV AO BENFICIÁRIO JUCELIO DA SILVA MAGALHAES, REFERENTE AO PROCESSO JUDICIAL N° 002602-45.2024.5.10.0801, VALOR DE R$ 14.266,38 (QUATORZE MIL, DUZENTOS E SESSENTA E SEIS REAIS E
TRINTA E OITO CENTAVOS).";;;0;1545;0,00;0,00;Pagamento;14.266,38;14.266,38;14.266,38;14.266,38
[17524-20262415];2;17524;20262415;5300;5300;2026;17524.1.1;01/07/2026;2156597162;ALESANDRO DA SILVA SANTOS;7.246,85;7.246,85;SEM DESCRIÇÃO;;;0;1545;0,00;0,00;Pagamento;7.246,85;7.246,85;7.246,85;7.246,85
[17413-20260076];1;17413;20260076;1401;9910;2026;17413.1;01/07/2026;48001699000130;NMC COMERCIO LTDA;5.000,00;5.000,00;AQUISIÇÃO DE TROFÉUS PERSONALIZADOS EM APOIO AO EVENTO BRASIL MASTERS KAIAQUE-BMK - 2026.;41344;;0;1545;0,00;0,00;Liquidação;5.000,00;0,00;;5.000,00
[17407-20262511];2;17407;20262511;5300;5300;2026;17407.1.1;01/07/2026;5267867101;VILDESON FERREIRA SILVA;1.625,63;1.625,63;VALOR EMPENHADO REFERENTE A REQUISIÇÃO DE PAGAMENTO DE PEQUENO VALOR - RPV, PROCESSO JUDICIAL N° 0019117-37.2025.8.27.2729.;;;0;1545;0,00;0,00;Pagamento;1.625,63;1.625,63;1.625,63;1.625,63
[17247-20260428];2;17247;20260428;2900;2900;2026;17247.1.1;01/07/2026;16995171000138;ACE - ESCOLA MUNICIPAL MARIA VERÔNICA ALVES DE SOUSA;9.682,87;9.682,87;"VALOR PAGO REFERENTE A: REPASSE DESTINADO AO CUSTEIO DAS DESPESAS DE GESTÃO ESCOLAR, EM CONFORMIDADE COM A LEI Nº 1.256, DE 22 DE DEZEMBRO DE
2003, E SUAS ALTERAÇÕES PROMOVIDAS PELAS LEIS Nº 2.309, DE 09 DE MAIO DE 2017; Nº 3.067, DE 03 DE ABRIL DE 2024; E Nº 3.297, DE 13 DE
NOVEMBRO DE 2025, BEM COMO PELA PORTARIA GAB/SEMED Nº 0340, DE 25 DE NOVEMBRO DE 2026.
EMPENHO E LIQUIDAÇÃO REFERENTE AO MÊS DE ABRIL/2026";;;0;1545;0,00;0,00;Pagamento;9.682,87;9.682,87;9.682,87;9.682,87
[17246-20260427];2;17246;20260427;2900;2900;2026;17246.1.1;01/07/2026;16995171000138;ACE - ESCOLA MUNICIPAL MARIA VERÔNICA ALVES DE SOUSA;4.149,80;4.149,80;"REPASSE DESTINADO AO CUSTEIO DAS DESPESAS DE GESTÃO ESCOLAR, EM CONFORMIDADE COM A LEI Nº 1.256, DE 22 DE DEZEMBRO DE
2003, E SUAS ALTERAÇÕES PROMOVIDAS PELAS LEIS Nº 2.309, DE 09 DE MAIO DE 2017; Nº 3.067, DE 03 DE ABRIL DE 2024; E Nº 3.297, DE 13 DE
NOVEMBRO DE 2025, BEM COMO PELA PORTARIA GAB/SEMED Nº 0340, DE 25 DE NOVEMBRO DE 2026.
EMPENHO E LIQUIDAÇÃO REFERENTE AO MÊS DE ABRIL/2026";;;0;1545;0,00;0,00;Pagamento;4.149,80;4.149,80;4.149,80;4.149,80
[17091-20260481];2;17091;20260481;2900;2900;2026;17091.1.1;01/07/2026;6041287000184;ACCEI - CMEI CANTINHO FELIZ;1.905,35;1.905,35;"REPASSE DESTINADO AO CUSTEIO DAS DESPESAS DE GESTÃO ESCOLAR, EM CONFORMIDADE COM A LEI Nº 1.256, DE 22 DE DEZEMBRO DE 2003, E SUAS ALTERAÇÕES PROMOVIDAS PELAS LEIS Nº 2.309, DE 09 DE MAIO DE 2017; Nº 3.067, DE 03 DE ABRIL DE 2024; E Nº 3.297, DE 13 DE NOVEMBRO DE 2025, BEM COMO PELA PORTARIA GAB/SEMED Nº 0340, DE 25 DE NOVEMBRO DE 2026. EMPENHO E LIQUIDAÇÃO REFERENTE AO MÊS DE ABRIL/2026.";;;0;1545;0,00;0,00;Pagamento;1.905,35;1.905,35;1.905,35;1.905,35
[17090-20260480];2;17090;20260480;2900;2900;2026;17090.1.1;01/07/2026;6041287000184;ACCEI - CMEI CANTINHO FELIZ;2.328,76;2.328,76;"REPASSE DESTINADO AO CUSTEIO DAS DESPESAS DE GESTÃO ESCOLAR, EM CONFORMIDADE COM A LEI Nº 1.256, DE 22 DE DEZEMBRO DE 2003, E SUAS ALTERAÇÕES PROMOVIDAS PELAS LEIS Nº 2.309, DE 09 DE MAIO DE 2017; Nº 3.067, DE 03 DE ABRIL DE 2024; E Nº 3.297, DE 13 DE NOVEMBRO DE 2025, BEM COMO PELA PORTARIA GAB/SEMED Nº 0340, DE 25 DE NOVEMBRO DE 2026. EMPENHO E LIQUIDAÇÃO REFERENTE AO MÊS DE ABRIL/2026.";;;0;1545;0,00;0,00;Pagamento;2.328,76;2.328,76;2.328,76;2.328,76
[17054-20262511];2;17054;20262511;5300;5300;2026;17054.1.1;01/07/2026;85733202149;AGUINALDO FERREIRA DE LIMA;8.388,25;8.388,25;PAGAMENTO DE RPV EM FAVOR DE AGUINALDO FERREIRA DE LIMA, PROCESSO JUDICIAL N° 019528-32.2015.8.27.2729.;;;0;1545;0,00;0,00;Pagamento;8.388,25;8.388,25;8.388,25;8.388,25
[17051-20262500];2;17051;20262500;5300;5300;2026;17051.1.1;01/07/2026;7248660000135;DEFENSORIA PUBLICA DO ESTADO DO TOCANTINS;1.589,49;1.589,49;REFERENTE AO PAGAMENTO DE RPV EM FAVOR DA DEFENSORIA PÚBLICA DO ESTADO DO TOCANTINS, PROCESSO JUDICIAL N°0026635-15.2024.8.27.2729.;;;0;1545;0,00;0,00;Pagamento;1.589,49;1.589,49;1.589,49;1.589,49
[14684-20261541];1;14684;20261541;1401;9910;2026;14684.1;01/07/2026;37580164000145;ECELSIOR SOM E PUBLICIDADE LTDA;33.950,00;33.950,00;PAGAMENTO REFERENTE A CONTRATAÇÃO DE UM TRIO ELÉTRICO PARA APOIO À 21ª PARADA DO ORGULHO LGBTQIA+ DE PALMAS -TO.;41227;;0;1545;0,00;0,00;Liquidação;33.950,00;0,00;;33.950,00
[14579-20262269];2;14579;20262269;5800;5800;2026;14579.1.1;01/07/2026;25019266000107;VIAGENS JOHNSON LTDA - ME;65.000,00;4.570,42;CONTRATAÇÃO DE EMPRESA ESPECIALIZADA NA PRESTAÇÃO DE SERVIÇOS DE AGENCIAMENTO DE PASSAGENS TERRESTRES, SOB DEMANDA, COMPREENDENDO EMISSÃO, MARCAÇÃO, REMARCAÇÃO E CANCELAMENTO DE BILHETES.;41020;;0;1545;0,00;0,00;Pagamento;4.570,42;4.570,42;4.570,42;4.570,42
[14511-20261040];1;14511;20261040;6100;6100;2026;14511.1;01/07/2026;14092519000151;MONTANA ASSESORIA EMPRESARIAL  LTDA;58.491,09;19.497,03;PRESTAÇÃO DE SERVIÇOS CONTÍNUOS DE COPEIRAGEM, LIMPEZA E JARDINEGEM. REF. A MAIO DE 2026;41209;;0;1545;0,00;0,00;Liquidação;19.497,03;0,00;;19.497,03
[14438-20261154];2;14438;20261154;9100;9100;2026;14438.1.1;01/07/2026;21013566000128;M GONÇALVES DE OLIVEIRA E CIA LTDA ME;5.696,00;5.696,00;"CONFECÇÃO DE CAMISA POLO EM TECIDO PIQUET, NA COR BRANCA, EM MALHA FRIA COMPOSTA POR 67% POLIÉSTER E 33% VISCOSE, COM GOLA E DOIS BOTÕES NA MESMA COR DA PEÇA, CONTENDO BORDADO FRONTAL COM LOGO DO PROCON NO LADO DIREITO, LOGO DA PREFEITURA NO LADO ESQUERDO E LOGO DA ARP NA MANGA DIREITA.
BORDADO NAS COSTAS: 
54 CAMISAS COM LOGO DO PROCON GRANDE;
07 CAMISAS COM ""FISCALIZAÇÃO"" EM ARCO E LOGO DO PROCON ABAIXO;
03 CAMISAS COM ""PESQUISA"" EM ARCO E LOGO DO PROCON ABAIXO.";41202;;0;1545;0,00;0,00;Pagamento;5.696,00;5.696,00;5.696,00;5.696,00
[14437-20261159];2;14437;20261159;9100;9100;2026;14437.1.1;01/07/2026;21013566000128;M GONÇALVES DE OLIVEIRA E CIA LTDA ME;4.628,00;4.628,00;"CONFECÇÃO DE CAMISAS POLO EM TECIDO PIQUET, EM MALHA FRIA COMPOSTA POR 67% POLIÉSTER E 33% VISCOSE, COM GOLA E DOIS BOTÕES NA MESMA COR DA PEÇA, TOTALMENTE BORDADA, SEM BOLSO E SEM DETALHES NA PARTE POSTERIOR. NA FRENTE, DEVERÁ CONTER LOGO DA ARP NO LADO DIREITO E LOGO DA PREFEITURA NO LADO ESQUERDO.
SENDO: 26 CAMISAS NA COR AZUL MARINHO E 26 CAMISAS NA COR BRANCA.";41202;;0;1545;0,00;0,00;Pagamento;4.628,00;4.628,00;4.628,00;4.628,00
[11927-20262299];1;11927;20262299;2900;2900;2026;11927.4;01/07/2026;37381902000125;REDE NACIONAL DE APRENDIZAGEM, PROMOÇÃO SOCIAL E INTEGRAÇÃO;65.741,14;13.035,37;CONTRATAÇÃO DE ENTIDADE/INSTITUIÇÃO SEM FINS LUCRATIVOS PARA ELABORAÇÃO E EXECUÇÃODE PROGRAMA DE DESENVOLVIMENTO SOCIAL E INSTITUCIONAL. REF 2/2026. NOTA FISCAL N° 132176, VALOR TOTAL DA NOTA R$ 19.777,37. VALOR PARCIAL LIQUIDADO R$ 13.035,37.;41093;;0;1545;0,00;0,00;Liquidação;13.035,37;0,00;;13.035,37
[11783-20261968];2;11783;20261968;1202;9912;2026;11783.4.1;01/07/2026;82646332000102;PERKONS S.A.;2.000.000,00;537.646,06;LIQUIDAÇÃO NFSE 12758 PRESTAÇÃO DE SERVIÇOS CONTÍNUOS DE CONTROLE DE TRÁFEGO, MONITORAMENTO E FISCALIZAÇÃO DE TRÂNSITO, REFERENTE AO MÊS FEVEREIRO DE 2026.;;;0;1545;0,00;0,00;Pagamento;537.646,06;537.646,06;1.164.007,46;1.164.007,46
[11777-20261968];2;11777;20261968;1202;9912;2026;11777.6.1;01/07/2026;1026798000103;PANAVIDEO TECNOLOGIA ELETRÔNICA LTDA;6.153.000,00;1.142.497,89;LIQUIDAÇÃO NFSE 1283 PRESTAÇÃO DE SERVIÇOS CONTÍNUOS DE CONTROLE DE TRÁFEGO, MONITORAMENTO E FISCALIZAÇÃO DE TRÂNSITO, REFERENTE AO MÊS FEVEREIRO DE 2026.;;;0;1545;0,00;0,00;Pagamento;1.142.497,89;1.142.497,89;3.282.485,09;4.941.391,41
[11777-20261968];2;11777;20261968;1202;9912;2026;11777.7.1;01/07/2026;1026798000103;PANAVIDEO TECNOLOGIA ELETRÔNICA LTDA;6.153.000,00;808.969,20;LIQUIDAÇÃO PARCIAL NFSE 1284 PRESTAÇÃO DE SERVIÇOS CONTÍNUOS DE CONTROLE DE TRÁFEGO, MONITORAMENTO E FISCALIZAÇÃO DE TRÂNSITO, REFERENTE AO MÊS MARÇO DE 2026.;;;0;1545;0,00;0,00;Pagamento;808.969,20;808.969,20;3.282.485,09;4.941.391,41
[11708-20260638];2;11708;20260638;3200;3200;2026;11708.1.1;01/07/2026;51425867000120;MARANHAO E PEREIRA SERVICOS MEDICOS LTDA;3.200,00;3.200,00;NOTA DE LIQUIDAÇÃO PARA PAGAMENTO DE EXAME DE BIÓPSIA COM LAUDO,  PARA ATENDER A DECISÃO JUDICIAL PROCEDIMENTO COMUM INFÂNCIA E JUVENTUDE Nº 0003429-98.2026.8.27.2729/TO;41029;;0;1545;0,00;0,00;Pagamento;3.200,00;3.200,00;3.200,00;3.200,00
[11557-20260178];1;11557;20260178;2100;9909;2026;11557.2;01/07/2026;9667043000108;DISMAQ COMERCIO DE MAT.DE ESCRITORIO LTDA;546.729,63;83.769,28;AQUISIÇÃO DE APARELHOS DE AR CONDICIONADO E INSTALAÇÃO PARA ATENDER AS DEMANDAS DO GABINETE DO PREFEITO E SEUS ÓRGÃOS SUBORDINADAS.;41022;;0;1545;0,00;0,00;Liquidação;83.769,28;0,00;;83.769,28
[11557-20260178];1;11557;20260178;2100;9909;2026;11557.3;01/07/2026;9667043000108;DISMAQ COMERCIO DE MAT.DE ESCRITORIO LTDA;546.729,63;47.195,40;AQUISIÇÃO DE APARELHOS DE AR CONDICIONADO E INSTALAÇÃO PARA ATENDER AS DEMANDAS DO GABINETE DO PREFEITO E SEUS ÓRGÃOS SUBORDINADAS.;41022;;0;1545;0,00;0,00;Liquidação;47.195,40;0,00;;47.195,40
[11408-20261937];1;11408;20261937;1202;9912;2026;11408.3;01/07/2026;69144434000161;SANCETUR - SANTA CECILIA TURISMO LTDA;23.131.878,98;3.115.924,00;LIQUIDAÇÃO SALDO REMANESCENTE NFSE 22 CONCESSÃO DOS SERVIÇOS DE TRANSPORTE COLETIVO PÚBLICO DE PASSAGEIROS POR ÔNIBUS DO MUNICÍPIO DE PALMAS/TO SERVIÇOS PRESTADOS NO PERÍODO 01 A 31 DE MAIO DE 2026.;40206;;0;1545;0,00;0,00;Liquidação;3.115.924,00;6.941.090,33;;3.115.924,00
