Número;Órgão;"Número do Processo";Modalidade;Ano;"Data de Publicação";"Data de Homologação";"Data de Protocolo";"Data de Abertura";Valor;Fundamento;Situação;Descrição;Contratos;Empenhos;Vencedores;"Itens em Aberto"
000104;"FUNDO MUNICIPAL DE SAÚDE";2026002006;"Dispensa de Licitação";2026;29/09/2026;;;;0,00;;"Aviso de Realização";"ONTRATAÇÃO DE EMPRESA PARA REALIZAÇÃO DO EXAME DE COLONOSCOPIA EM AMBIENTE HOSPITALAR  PARA ATENDER A DECISÃO JUDICIAL";;;;
000103;"CONTROLADORIA-GERAL DO MUNICÍPIO";2026004043;"Dispensa de Licitação";2026;25/09/2026;;;;0,00;;"Aviso de Realização";"CONTRATAÇÃO DE EMPRESA ESPECIALIZADA NO FORNECIMENTO DE BATERIA SELADA DE V";;;;
000101;"INSTITUTO DE PREVIDÊNCIA SOCIAL DO MUNICÍPIO DE PALMAS";2026004013;"Dispensa de Licitação";2026;22/09/2026;;;;13.028,30;;"Aviso de Realização";"CONTRATAÇÃO DE EMPRESA ESPECIALIZADA PARA FORNECIMENTO E INSTALAÇÃO DE LETREIRO DE IDENTIFICAÇÃO VISUAL EM LETRA CAIXA NA FACHADA DA SEDE DO PREVIPALMAS";;;;
000099;"FUNDO MUNICIPAL DE SAÚDE";2026002007;"Dispensa de Licitação";2026;15/09/2026;;;;5.152,22;;"Aviso de Realização";"AQUISIÇÃO DE SONDA DE GASTRONOMIA TIPO BOTTON CONFORME ESPECIFICAÇÕES TÉCNICAS DETALHADAS NUP Nº";;;;
000098;"FUNDO MUNICIPAL DE SAÚDE";2026003441;"Dispensa de Licitação";2026;10/09/2026;;;;0,00;;"Aviso de Realização";"AQUISIÇÃO DE PEÇAS E COMPONENTES DE INFORMÁTICA DESTINADOS À AMNUTENÇÃO CORRETIVA E REPAROS DOS COMPUTADORES DA SEMUS";;;;
000097;"CONTROLADORIA-GERAL DO MUNICÍPIO";2026003761;"Dispensa de Licitação";2026;10/09/2026;28/09/2026;;;886,12;;Homologada;"AQUISIÇÃO DE APARELHOS TELEFÔNICOS COM TECNOLOGIA IP VOIP E FONES DE OUVIDO DO TIPO HEADSET MONOAURICULAR NUP";;;"Vencedor: PUJANÇA COMERCIO E SERVIÇOS LTDA CPF/CNPJ: 49450180000100";
000096;"SECRETARIA MUNICIPAL DE PLANEJAMENTO E DESENVOLVIMENTO HUMANO";2026003732;"Dispensa de Licitação";2026;03/09/2026;;;;0,00;;Deserta;"CONTRATAÇÃO DE EMPRESA ESPECIALIZADA NA PRESTAÇÃO DE SERVIÇOS CORRELATOS INCLUINDO TODOS OS MATERIAIS NECESSÁRIOS A SEREM EXECUTADOSCOM A FINALIDADE DE ATENDER ÀS NECESSIDADES DA SEPLAN  NUP N";;;;
000095;"SECRETARIA MUNICIPAL DE PROTEÇÃO E BEM-ESTAR ANIMAL";2026002554;"Dispensa de Licitação";2026;03/09/2026;;;;40.732,89;;"Aviso de Realização";"AQUISIÇÃO  DE  MATERIAIS  HOSPITALARES MATERIAIS  LABORATORIAIS  E  MEDICAMENTOS  DESTINADOS  A  ATENDER  ÀS  DEMANDAS  DAS  AÇÕES PROGRAMAS  E  ATIVIDADES  DE  PROTEÇÃO  SAÚDE  E  BEMESTAR  ANIMAL  DESENVOLVIDAS  PELA SECRETARIA MUNICIPAL DE PROTEÇÃO E BEMESTAR ANIMAL  SEBEM INCLUINDO ATENDIMENTOS CLÍNICOS PROCEDIMENTOS CIRÚRGICOS ESTERILIZAÇÕES MONITORAMENTO SANITÁRIO ATENDIMENTO A ANIMAIS VÍTIMAS DE MAUSTRATOS BEM COMO AS AÇÕES VINCULADAS AO PROGRAMA ANIMAL DE RUA ZERO E DEMAIS PROGRAMAS INSTITUCIONAIS EXECUTADOS PELAS DIRETORIAS DE SAÚDE ANIMAL E DE CONTROLE POPULACIONAL";;;;
000093;"PROCURADORIA GERAL DO MUNICÍPIO DE PALMAS";2026002966;"Dispensa de Licitação";2026;31/08/2026;;;;9.717,40;;"Aviso de Realização";"AQUISIÇÃO DE FRIGOBARES E BEBEDOUROS ELÉTRICOS DE COLUNA";;;;
000092;"FUNDO MUNICIPAL DE SAÚDE";2024029067;"Dispensa de Licitação";2026;21/08/2026;;;;38.730,20;;"Aviso de Realização";"AQUISIÇAO DE AQUECEDOR ELETRICO PARA PISCINAS DO CENTRO DE SAUDE";;;;
000091;"FUNDO MUNICIPAL DE SAÚDE";2026003684;"Dispensa de Licitação";2026;21/08/2026;;;;0,00;;Deserta;"CONTRATAÇÃO DE EMPRESA ESPECIALIZADA PARA REALIZAÇÃO DE EXAMES UROLÓGICOS DESTINADOS AOS PACIENTES DA REDE MUNICIPAL DE SAÚDE DE PALMAS";;;;
000090;"FUNDO MUNICIPAL DE SAÚDE";2026003666;"Dispensa de Licitação";2026;25/08/2026;01/09/2026;;;65.000,00;;Homologada;"CONTRATAÇÃO DE EMPRESA ESPECIALIZADA PAR PRESTAÇÃO DE SERVIÇOS DE REALIZAÇÃO DE EXAMES DE ELETRONEUMIOGRAFIA COM EMISSÃO DOS RESPECTIVOS LAUDOS MÉDICOS NUP";;;"Vencedor: NEUROMED EXAMES E DIAGNÓSTICOS LTDA. CPF/CNPJ: 21329779000163";
000089;"SECRETARIA MUNICIPAL DE DESENVOLVIMENTO RURAL";2026003043;"Dispensa de Licitação";2026;17/08/2026;;;;53.000,00;;"Aviso de Realização";"AQUISIÇÃO DE BARRACAS DESMONTÁVEIS EM ESTRUTURA METÁLICA DESTINADAS À IMPLANTAÇÃO E EXECUÇÃO DO PROJETO PILOTO DE FEIRAS INTINERANTES DE PRODUTOS DA AGRICULTURA FAMILIAR EM DIFERENTES BAIRROS DO MUNICÍPIO DE PALMASTO NUP";;;;
000087;"FUNDO MUNICIPAL DE SAÚDE";2026002252;"Dispensa de Licitação";2026;12/08/2026;15/09/2026;;;56.998,65;;Homologada;"A AQUISIÇÃO DE KITS GESTANTESCOMPOSTOS POR ITENS DE USO ESSENCIAL DESTINADOS ÀS GESTANTES E AOS RECÉMNASCIDOSPARA DISTRIBUIÇÃO GRATUITA ÀS MULHERES RESIDENTES EM PALMASTO QUE TENHAM REALIZADOO ACOMPANHAMENTO DE PRÉNATAL NO ÂMBITO DO SISTEMA ÚNICO DE SAÚDE SUS EMCUMPRIMENTO DA SENTENÇA CONDENATÓRIA Nº TO";;;"Vencedor: NACIONAL DISTRIBUIDORA LTDA CPF/CNPJ: 59025118000117

Vencedor: NACIONAL DISTRIBUIDORA LTDA CPF/CNPJ: 59025118000117

Vencedor: NACIONAL DISTRIBUIDORA LTDA CPF/CNPJ: 59025118000117

Vencedor: NACIONAL DISTRIBUIDORA LTDA CPF/CNPJ: 59025118000117

Vencedor: NACIONAL DISTRIBUIDORA LTDA CPF/CNPJ: 59025118000117";
000086;"CASA CIVIL DO MUNICÍPIO DE PALMAS";2026003371;"Dispensa de Licitação";2026;12/08/2026;;;;1.112,51;;"Aviso de Realização";"CONTRATAÇÃO DE EMPRESA ESPECIALIZADA PARA PRESTAÇÃO DE SERVIÇOS DE RECARGA DE EXTINTORES DE INCÊNDIO CONTEMPLANDO EXTINTORES DE PÓ QUÍMICO SECO PQS COM CARGA DE  KG E EXTINTORES DE ÁGUA PRESSURIZADA AP COM CARGA DE  KG NUP";;;;
000085;"Secretaria Municipal de Mobilidade e Transporte Público";2026003060;"Dispensa de Licitação";2026;06/08/2026;14/08/2026;;;5.436,12;;Homologada;"CONTRATAÇÃO DE EMPRESA ESPECIALIZADA NA PRESTAÇÃO DE SERVIÇOS CONTINUADOS DE MANUTENÇÃO TÉCNICA PREVENTIVA E CORRETIVA EM  UM ELEVADOR";;;"Vencedor: NORTE COMERCIO E INSTALACAO DE ELEVADORES LTDA CPF/CNPJ: 33337508000139";
000084;"FUNDO MUNICIPAL DE SAÚDE";2026000491;"Dispensa de Licitação";2026;05/08/2026;25/08/2026;;;19.093,50;;Homologada;"AQUISIÇÃO DE FONES DE OUVIDO TIPO HEADSET MONOAURICULARES  DESTINADO AO USO DA CENTRAL DE REGULAÇÃO DO SERVIÇO DE ATENDIMENTO MÓVEL DE URGÊNCIA  SAMU";;;"Vencedor: JC CARVALHO DISTRIBUIDORA LTDA CPF/CNPJ: 61059299000144";
000083;"SECRETARIA MUNICIPAL DE PROTEÇÃO E BEM-ESTAR ANIMAL";2026003051;"Dispensa de Licitação";2026;04/08/2026;22/09/2026;;;846,84;;Homologada;"AQUISIÇÃO DE TOKENS DIGITAIS QUE SERÁ DESTINADA À HABILITAÇÃO DE ACESSO A SISTEMAS EXTERNOS E FERRAMENTAS DE MONITARIA E CONTROLE QUE SUPORTAM AS ATIVIDADES ADMINISTRATIVAS E OPERACIONAIS  SEBEM  NUP";;;"Vencedor: CERTINS LTDA CPF/CNPJ: 45353747000161";
000082;"FUNDO MUNICIPAL DE SAÚDE";2026001812;"Dispensa de Licitação";2026;31/07/2026;;;;650,00;;Deserta;"CONSULTA EM ENDOCRINOLOGIA  PEDIATRIA PARA ATENDER A DECISÃO JUDICIAL PROCEDIMENTO COMUM INFÂNCIA E JUVENTUDE Nº TO";;;;
000081;"SECRETARIA MUNICIPAL DE PROTEÇÃO E BEM-ESTAR ANIMAL";2026002219;"Dispensa de Licitação";2026;30/07/2026;13/08/2026;;;25.496,69;;Homologada;"AQUISIÇÃO DE MATERIAIS DE HIGIENE E LIMPEZA PARA ATENDER ÀS NECESSIDADES DA SECRETARIA MUNICIPAL DE PROTEÇÃO E BEMESTAR ANIMALDE PALMASTO";;;"Vencedor: EBENEZER COMERCIO DE VARIEDADES LTDA CPF/CNPJ: 26775416000175

Vencedor: MACRO DISTRIBUIDORA HOSPITALAR LTDA CPF/CNPJ: 23384022000106

Vencedor: MACRO DISTRIBUIDORA HOSPITALAR LTDA CPF/CNPJ: 23384022000106

Vencedor: MACRO DISTRIBUIDORA HOSPITALAR LTDA CPF/CNPJ: 23384022000106

Vencedor: JC CARVALHO DISTRIBUIDORA LTDA CPF/CNPJ: 61059299000144";
000079;"SECRETARIA MUNICIPAL DE DESENVOLVIMENTO RURAL";2026002745;"Dispensa de Licitação";2026;27/07/2026;;;;10.207,45;;Deserta;"CONTRATAÇÃO DE EMPRESAESPECIALIZADA NA PRESTAÇÃO DE SERVIÇOS DE EMISSÃO E RENOVAÇÃO DE CERTIFICADOS DIGITAISPADRÃO ICPBRASIL PARA PESSOA FÍSICA E PESSOA JURÍDICA TIPOS A E A INCLUINDOFORNECIMENTO DE MÍDIATOKEN CRIPTOGRÁFICO NAS EMISSÕES A E REUTILIZAÇÃO DEMÍDIATOKEN NAS RENOVAÇÕES QUANDO TECNICAMENTE VIÁVEL VISANDO ATENDER ÀSDEMANDAS QUE INTEGRAM A ESTRUTURA ADMINISTRATIVA DA SECRETARIA MUNICIPAL DEAGRICULTURA E REGIÃO METROPOLITANA";;;;
000078;"SECRETARIA MUNICIPAL DE PROTEÇÃO E BEM-ESTAR ANIMAL";2026005152;"Dispensa de Licitação";2026;27/07/2026;13/08/2026;;;52.151,79;;Homologada;"AQUISIÇÃO DE  UM ANALISADOR HEMATOLÓGICO VETERINÁRIO AUTOMÁTICO   DIFF VISANDO GARANTIR SUPORTE DIAGNÓSTICO CÉLERE E SEGURANÇA CLÍNICA NOS PROCEDIMENTOS DE ESTERILIZAÇÃO CIRÚRGICA REALIZADOS PELA SECRETARIA MUNICIPAL DE PROTEÇÃO E BEMESTAR ANIMAL SEBEM";;;"Vencedor: MAX PRODUTOS HOSPITALARES LTDA CPF/CNPJ: 17099395000124";
000077;"FUNDO MUNICIPAL DE SAÚDE";2026000517;"Dispensa de Licitação";2026;27/07/2026;;;;1.088,10;;Deserta;"AQUISIÇAO DO SUPLEMENTOCOMPLEXO VITAMINICO LUTEINAZEAXANTINA LUVIS PARA ATENDIMENTO DA DEMANDA JUDICIAL NUP EPALMAS";;;;
000076;"SECRETARIA MUNICIPAL DE DESENVOLVIMENTO SOCIAL";2026002388;"Dispensa de Licitação";2026;24/07/2026;05/08/2026;;;8.088,40;;Homologada;"AQUISIÇÃO DE MATERIAIS SACO PLÁSTICO E CAIXA TÉRMICA DESTINADOS AO ACONDICIONAMENTO ARMAZENAMENTO TRANSPORTE E DISTRIBUIÇÃO DE GÊNEROS ALIMENTÍCIOS NO ÂMBITO DO PROGRAMA DE AQUISIÇÃO DE ALIMENTOS  PAA MUNICIPAL";;;"Vencedor: JV LOCACOES E DISTRIBUIDORA LTDA CPF/CNPJ: 67669134000170

Vencedor: JV LOCACOES E DISTRIBUIDORA LTDA CPF/CNPJ: 67669134000170";
000075;"INSTITUTO DE PREVIDÊNCIA SOCIAL DO MUNICÍPIO DE PALMAS";2026001610;"Dispensa de Licitação";2026;23/07/2026;14/08/2026;;;3.749,76;;Homologada;"CONTRATAÇÃO DE EMPRESA PARA LOCAÇÃO DE SOLUÇÃO INTEGRADA DE CONTROLE DE PONTO ELETRÔNICO INCLUINDO EQUIPAMENTO COM BIOMETRIA FACIAL APLICATIVO MÓVEL SOFTWARE DE GESTÃO EM PLATAFORMA WEB INSTALAÇÃO SUPORTE E MANUTENÇÃO DESTINADOS AO INSTITUTO DE PREVIDÊNCIA SOCIAL DO MUNICÍPIO DE PALMAS";;;"Vencedor: STARK SOLUCOES EM TECNOLOGIA LTDA CPF/CNPJ: 10278563000108";
000074;"SECRETARIA DO GABINETE DO PREFEITO";2026002971;"Dispensa de Licitação";2026;23/07/2026;12/08/2026;;;3.540,25;;Homologada;"CONTRATAÇÃO DE EMPRESA ESPECIALIZADA PARA PRESTAÇÃO DE SERVIÇOS DE DESMONTAGEM E MONTAGEM DE  UM CONJUNTO DE ARQUIVOS DESLIZANTES PERTENCENTE À GUARDA METROPOLITANA DE PALMAS COMPOSTO POR  SETE FACES SENDO  UM MÓDULO SIMPLES FIXO E  TRÊS MÓDULOS DUPLOS DESLIZANTES VISANDO SUA REALOCAÇÃO E REINSTALAÇÃO EM LOCAL DEFINIDO PELA ADMINISTRAÇÃO";;;"Vencedor: AURA COMERCIO E SERVIÇOS LTDA CPF/CNPJ: 43412823000137";
000073;"SECRETARIA DO GABINETE DO PREFEITO";2026002705;"Dispensa de Licitação";2026;22/07/2026;04/08/2026;;;52.635,00;;Homologada;"CONTRATAÇÃO A PRESTAÇÃO DE SERVIÇOS ESPECIALIZADOS DE AVALIAÇÃO PSICOLÓGICA PARA APTIDÃO AO MANUSEIO DE ARMA DE FOGO";;;"Vencedor: PSICOMEDIC - CLINICA DE AVALIACOES MEDICAS E PSICOLOGICAS LTDA CPF/CNPJ: 42097334000175

Vencedor: PSICOMEDIC - CLINICA DE AVALIACOES MEDICAS E PSICOLOGICAS LTDA CPF/CNPJ: 42097334000175";
000072;"SECRETARIA MUNICIPAL DE PLANEJAMENTO E DESENVOLVIMENTO HUMANO";2026003239;"Dispensa de Licitação";2026;21/07/2026;12/08/2026;;;7.264,50;;Deserta;"FORNECIMENTO DE CARGA DE GÁS LIQUEFEITO DE PETRÓLEO  GLP GÁS DE COZINHA EM BOTIJÃO VASILHAME DE  KG DE ACORDO COM AS NORMAS ATUAIS DA AGÊNCIA N ACIONAL DO PETRÓLEO  ANP";;;"Vencedor: SIRLEIDE CRUZ DE SOUZA CPF/CNPJ: 60023693000160";
000070;"INSTITUTO DE PREVIDÊNCIA SOCIAL DO MUNICÍPIO DE PALMAS";2026002492;"Dispensa de Licitação";2026;13/07/2026;05/08/2026;;;15.150,00;;Deserta;"CONTRATAÇÃO DE ENTIDADE CREDENCIADA NO PROGRAMA DE CERTIFICAÇÃO INSTITUCIONAL E MODERNIZAÇÃO DA GESTÃO DOS REGIMES PRÓPRIOS DE PREVIDÊNCIA SOCIAL DA UNIÃO DOS ESTADOS DO DISTRITO FEDERAL E DOS MUNICÍPIOS  PRÓGESTÃO RPPS COM O OBJETIVO DE PROMOVER A CERTIFICAÇÃO INSTITUCIONAL DO INSTITUTO DE PREVIDÊNCIA SOCIAL DO MUNICÍPIO DE PALMAS  PREVIPALMAS PARA O NÍVEL II";;;"Vencedor: ICQ-ATZERT LTDA CPF/CNPJ: 1659386000100";
000069;"CASA CIVIL DO MUNICÍPIO DE PALMAS";2026001837;"Dispensa de Licitação";2026;09/07/2026;03/08/2026;;;63.609,35;;Homologada;"AQUISIÇÃO DE EQUIPAMENTOS ACESSÓRIOS E PERIFÉRICOS DE INFORMÁTICA INCLUINDO NOBREAKS E APARELHOS TELEFÔNICOS COM TECNOLOGIA VOIP DESTINADOS À MANUTENÇÃO MODERNIZAÇÃO E EXPANSÃO DA INFRAESTRUTURA TECNOLÓGICA DA CASA CIVIL DO MUNICÍPIO DE PALMAS E DAS UNIDADES DO RESOLVE PALMAS";;;"Vencedor: 59.713.882 EDGLEISON SOUZA FERNANDES CPF/CNPJ: 59713882000185

Vencedor: 59.713.882 EDGLEISON SOUZA FERNANDES CPF/CNPJ: 59713882000185

Vencedor: ABS4 SOLUCOES ENGENHARIA LTDA CPF/CNPJ: 51946071000112

Vencedor: 59.713.882 EDGLEISON SOUZA FERNANDES CPF/CNPJ: 59713882000185

Vencedor: ABS4 SOLUCOES ENGENHARIA LTDA CPF/CNPJ: 51946071000112";
000068;"SECRETARIA MUNICIPAL DE INFRAESTRUTURA E SERVIÇOS PÚBLICOS";2026002500;"Dispensa de Licitação";2026;10/07/2026;05/08/2026;;;55.705,00;;Homologada;"CONTRATAÇÃO DE EMPRESA ESPECIALIZADA NA PRESTAÇÃO DE SERVIÇO DE AUDITORIA";;;"Vencedor: STAFF AUDITORIA & ASSESSORIA CPF/CNPJ: 7791963000108";
000067;"CONTROLADORIA-GERAL DO MUNICÍPIO";2026002805;"Dispensa de Licitação";2026;07/07/2026;;;;0,00;;Homologada;"AQUISIÇÃO DE MATERIAIS DE LIMPEZA COPA E COZINHA E GENEROS ALIMENTÍCIOS";;;;
000066;"SECRETARIA MUNICIPAL DE PLANEJAMENTO E DESENVOLVIMENTO HUMANO";2026002848;"Dispensa de Licitação";2026;07/07/2026;21/07/2026;;;19.744,11;;Homologada;"AQUISIÇÃO DE ELETRODEOMESTICO  FREEZER VERTICAL E FRIGOBAR DESTINADO A SUPRIR AS NECESSIDADES DA SECRETARIA MUN DE PALNEJAMENTO E GESTÃO  NUP";;;"Vencedor: PUJANÇA COMERCIO E SERVIÇOS LTDA CPF/CNPJ: 49450180000100

Vencedor: PUJANÇA COMERCIO E SERVIÇOS LTDA CPF/CNPJ: 49450180000100";
000065;"SECRETARIA MUNICIPAL DE PLANEJAMENTO E DESENVOLVIMENTO HUMANO";2026002825;"Dispensa de Licitação";2026;08/07/2026;20/07/2026;;;61.246,85;;Homologada;"AQUISIÇÃO DE MATERIAIS DE COPA E COZINHA DESTINADOS AO ATENDIMENTO DAS NECESSIDADES ADMINISTRATIVAS DA SECRETARIA MUNICIPAL DE PLANEJAMENTO E GESTÃO";;;"Vencedor: JC CARVALHO DISTRIBUIDORA LTDA CPF/CNPJ: 61059299000144

Vencedor: PUJANÇA COMERCIO E SERVIÇOS LTDA CPF/CNPJ: 49450180000100

Vencedor: PUJANÇA COMERCIO E SERVIÇOS LTDA CPF/CNPJ: 49450180000100

Vencedor: PUJANÇA COMERCIO E SERVIÇOS LTDA CPF/CNPJ: 49450180000100

Vencedor: JC CARVALHO DISTRIBUIDORA LTDA CPF/CNPJ: 61059299000144";
000064;"FUNDO MUNICIPAL DE SAÚDE";2026000783;"Dispensa de Licitação";2026;07/07/2026;;;;401,76;;Deserta;"AQUISIÇÃO DOS MEDICAMENTOS PARA CUMPRIMENTO DE DEMANDA JUDICIAL";;;;
000063;"FUNDO MUNICIPAL DE SAÚDE";2026002807;"Dispensa de Licitação";2026;04/08/2026;04/08/2026;;;25.294,50;;Homologada;"AQUISIÇAO DE MEDICAMENTOS VETERINARIO PARA ATENDER O CENTRO DE CONTROLE DE ZOONOSES";;;"Vencedor: BICHO WEB SAUDE ANIMAL LTDA. CPF/CNPJ: 60718874000100

Vencedor: BICHO WEB SAUDE ANIMAL LTDA. CPF/CNPJ: 60718874000100

Vencedor: FAROVET PRODUTOS VETERINÁRIOS - EIRELE CPF/CNPJ: 37054879000164

Vencedor: BICHO WEB SAUDE ANIMAL LTDA. CPF/CNPJ: 60718874000100

Vencedor: BICHO WEB SAUDE ANIMAL LTDA. CPF/CNPJ: 60718874000100";
000062;"SECRETARIA DO GABINETE DO PREFEITO";2026002542;"Dispensa de Licitação";2026;30/06/2026;31/07/2026;;;61.578,24;;Homologada;"AQUISIÇÃO DE SOPRADORES COSTAIS COM A FINALIDADE DE ESTRUTURAR E REFORÇAR A CAPACIDADE OPERACIONAL DE COMBATE A INCÊNDIOS VISANDO ATENDER ÀS DEMANDAS DA SUPERINTENDÊNCIA DA DEFESA CIVIL MUNICIPAL POR MEIO DA GUARDA METROPOLITANA DE PALMAS NO DESENVOLVIMENTO DAS AÇÕES DE PREVENÇÃO PREPARAÇÃO E RESPOSTA A OCORRÊNCIAS DE INCÊNDIO NO ÂMBITO DO MUNICÍPIO DE PALMAS";;;"Vencedor: A L DISTRIBUIDORA LTDA CPF/CNPJ: 44579656000186";
000061;"SECRETARIA DO GABINETE DO PREFEITO";2026002549;"Dispensa de Licitação";2026;30/06/2026;29/07/2026;;;61.510,03;;Homologada;"AQUISIÇÃO DE EQUIPAMENTOS DE PROTEÇÃO INDIVIDUAL EPIS E MATERIAIS DE APOIO OPERACIONAL DESTINADOS AO ATENDIMENTO DAS NECESSIDADES DA SUPERINTENDÊNCIA DA DEFESA CIVIL MUNICIPAL VISANDO GARANTIR A PROTEÇÃO A SEGURANÇA E A INTEGRIDADE FÍSICA DOS SERVIDORES QUE ATUAM NAS AÇÕES DE PREVENÇÃO MITIGAÇÃO PREPARAÇÃO RESPOSTA E RECUPERAÇÃO EM SITUAÇÕES DE EMERGÊNCIA E DESASTRES";;;"Vencedor: PUJANÇA COMERCIO E SERVIÇOS LTDA CPF/CNPJ: 49450180000100

Vencedor: PUJANÇA COMERCIO E SERVIÇOS LTDA CPF/CNPJ: 49450180000100

Vencedor: VIVA PRODUTOS HOSPITALARES E SIMILARES LTDA CPF/CNPJ: 34583777000148

Vencedor: PUJANÇA COMERCIO E SERVIÇOS LTDA CPF/CNPJ: 49450180000100

Vencedor: PUJANÇA COMERCIO E SERVIÇOS LTDA CPF/CNPJ: 49450180000100";
000060;"SECRETARIA DO GABINETE DO PREFEITO";2026002366;"Dispensa de Licitação";2026;26/06/2026;;;;0,00;;"Aviso de Realização";"CONTRATAÇÃO DE EMPRESA ESPECIALIZADA PARA PRESTAÇÃO DE SERVIÇOS DE CHAVEIRO SOB DEMANDA COM FORNECIMENTO DE MÃO DE OBRA MATERIAIS PEÇAS ACESSÓRIOS E COMPONENTES NECESSÁRIOS À MANUTENÇÃO INSTALAÇÃO SUBSTITUIÇÃO E ADEQUAÇÃO DE SISTEMAS DE CONTROLE DE ACESSO";;;;
000059;"SECRETARIA MUNICIPAL DE PLANEJAMENTO E DESENVOLVIMENTO HUMANO";2026002694;"Dispensa de Licitação";2026;24/06/2026;08/07/2026;;;32.051,20;;Homologada;"AQUISIÇÃO DE ÁGUA MINERAL VISANDO ATENDER ÀS NECESSIDADES DA SECRETARIA MUNICIPAL DE PLANEJAMENTO E GESTÃO E SEUS SUBÓRGÃOS INTEGRANTES";;;"Vencedor: MURILO RODRIGUES DOS SANTOS CPF/CNPJ: 66691895000166

Vencedor: JC CARVALHO DISTRIBUIDORA LTDA CPF/CNPJ: 61059299000144

Vencedor: MURILO RODRIGUES DOS SANTOS CPF/CNPJ: 66691895000166

Vencedor: JC CARVALHO DISTRIBUIDORA LTDA CPF/CNPJ: 61059299000144";
000058;"FUNDO MUNICIPAL DE SAÚDE";2025008644;"Dispensa de Licitação";2026;25/06/2026;05/08/2026;;;4.900,00;;Homologada;"AQUISIÇÃO DE  UM EQUIPAMENTO CPAP AUTOMÁTICO MODELO AIRSENSE  AUTOSET COM UMIDIFICADOR AQUECIDO INTEGRADO E MÁSCARA FACIAL QUATTRO AIRTAMANHO GRANDE OU EQUIPAMENTO EQUIVALENTE TECNICAMENTE COMPATÍVEL DESTINADO AO CUMPRIMENTO DA DECISÃO JUDICIAL PROFERIDA";;;"Vencedor: MACRO DISTRIBUIDORA HOSPITALAR LTDA CPF/CNPJ: 23384022000106";
000057;"SECRETARIA MUNICIPAL DE DESENVOLVIMENTO SOCIAL";2026002470;"Dispensa de Licitação";2026;24/06/2026;07/07/2026;;;11.760,00;;Homologada;"PRESTAÇÃO DE SERVIÇOS DE MANUTENÇÕES CORRETIVAS E PREVENTIVAS PERMANENTE COM FORNECIMENTO DE PEÇAS DE REPOSIÇÃO PARA  UM ELEVADOR DE MARCA OTIS COM CAPACIDADE PARA  SEIS PESSOAS OU  KG COM  QUATRO PARADAS";;;"Vencedor: NORTE COMERCIO E INSTALACAO DE ELEVADORES LTDA CPF/CNPJ: 33337508000139";
000056;"Secretaria Municipal de Mobilidade e Transporte Público";2026002498;"Dispensa de Licitação";2026;22/06/2026;02/07/2026;;;10.524,00;;Homologada;"AQUISIÇÃO DE ÁGUA MINERAL";;;"Vencedor: MURILO RODRIGUES DOS SANTOS CPF/CNPJ: 66691895000166

Vencedor: MURILO RODRIGUES DOS SANTOS CPF/CNPJ: 66691895000166";
000055;"FUNDO MUNICIPAL DE SAÚDE";2026001607;"Dispensa de Licitação";2026;23/06/2026;29/07/2026;;;3.000,00;;Homologada;"AQUISIÇÃO DE INSUMOS DE ENFERMAGEM DESTINADA AO CUMPRIMENTO DA DECISÃO JUDICIAL PROFERIDA NOS AUTOS NTO";;;"Vencedor: BRASIL MED IMPORTAÇÃO E EXPORTAÇÃO LTDA. CPF/CNPJ: 31282018000157";
000054;"PROCURADORIA GERAL DO MUNICÍPIO DE PALMAS";2026002156;"Dispensa de Licitação";2026;16/06/2026;25/06/2026;;;16.980,14;;Homologada;"AQUISIÇÃO DE MATERIAIS DE COPA E COZINHA COMPREENDENDO GÊNEROS ALIMENTÍCIOS E MATERIAIS DE CONSUMO DESCARTÁVEIS DESTINADOS AO ATENDIMENTO DAS NECESSIDADES OPERACIONAIS E ADMINISTRATIVAS DA PROCURADORIAGERAL DO MUNICÍPIODE PALMAS PGM";;;"Vencedor: JC CARVALHO DISTRIBUIDORA LTDA CPF/CNPJ: 61059299000144

Vencedor: BKS DISTRIBUIDORA E SERVICOS - LTDA CPF/CNPJ: 59745964000101

Vencedor: PUJANÇA COMERCIO E SERVIÇOS LTDA CPF/CNPJ: 49450180000100

Vencedor: PUJANÇA COMERCIO E SERVIÇOS LTDA CPF/CNPJ: 49450180000100

Vencedor: PAULISTA INDUSTRIA E COMERCIO DE ALIMENTOS LTDA. - ME CPF/CNPJ: 6285410000102";
000052;"INSTITUTO DE PREVIDÊNCIA SOCIAL DO MUNICÍPIO DE PALMAS";2026001453;"Dispensa de Licitação";2026;15/06/2026;02/07/2026;;;1.665,12;;Homologada;"CONTRATAÇÃO DE EMPRESA PARA O FORNECIMENTO CONTINUADO E SOB DEMANDA DE RECARGA DE GÁS LIQUEFEITO DE PETRÓLEO GLP  KG";;;"Vencedor: K G FERRAZ EIRELI CPF/CNPJ: 22460102000122";
000051;"CASA CIVIL DO MUNICÍPIO DE PALMAS";2026002262;"Dispensa de Licitação";2026;18/06/2026;03/07/2026;;;29.629,06;;Homologada;"CONTRATAÇÃO DE EMPRESA ESPECIALIZADA NA PRESTAÇÃO DE SERVIÇOS DE CHAVEIROS E SERVIÇOS CORRELATOS INCLUINDO FORNECIMENTO DE  TODOS OS MATERIAIS NECESSÁRIOS NUP";"Contrato 011/2026 Situação: Em Vigor";;"Vencedor: PALMAS CHAVES SERVIÇO LTDA CPF/CNPJ: 2485653000133

Vencedor: PALMAS CHAVES SERVIÇO LTDA CPF/CNPJ: 2485653000133

Vencedor: PALMAS CHAVES SERVIÇO LTDA CPF/CNPJ: 2485653000133

Vencedor: PALMAS CHAVES SERVIÇO LTDA CPF/CNPJ: 2485653000133

Vencedor: PALMAS CHAVES SERVIÇO LTDA CPF/CNPJ: 2485653000133";
000049;"FUNDO MUNICIPAL DE SAÚDE";2026002355;"Dispensa de Licitação";2026;12/06/2026;29/07/2026;;;11.365,79;;Homologada;"AQUISIÇÃO DE MATERIAIS E INSUMOS DESTINADOS À MANUTENÇÃO DO LABORATÓRIO MUNICIPAL DE PALMAS COM A FINALIDADE DE ATENDER ÀS DEMANDAS DA REDE DE SAÚDE DO MUNICÍPIO DE PALMASTO";;;"Vencedor: MAX PRODUTOS HOSPITALARES LTDA CPF/CNPJ: 17099395000124

Vencedor: MAX PRODUTOS HOSPITALARES LTDA CPF/CNPJ: 17099395000124

Vencedor: MAX PRODUTOS HOSPITALARES LTDA CPF/CNPJ: 17099395000124

Vencedor: MAX PRODUTOS HOSPITALARES LTDA CPF/CNPJ: 17099395000124

Vencedor: MAX PRODUTOS HOSPITALARES LTDA CPF/CNPJ: 17099395000124";
000048;"Secretaria Municipal de Mobilidade e Transporte Público";2026000782;"Dispensa de Licitação";2026;15/06/2026;09/07/2026;;;646.450,30;;Homologada;"CONTRATAÇÃO DE EMPRESA ESPECIALIZADA NA PRESTAÇÃO CONTINUADA NOS SEVIÇOS DE LAVAGENS E CONSERVAÇÃO DA FROTA DA PREFEITURA MUNCIPAL DE PALMAS NUP";;;"Vencedor: FERRARI E CARDOSO LTDA - ME CPF/CNPJ: 26962126000130

Vencedor: FERRARI E CARDOSO LTDA - ME CPF/CNPJ: 26962126000130

Vencedor: FERRARI E CARDOSO LTDA - ME CPF/CNPJ: 26962126000130

Vencedor: FERRARI E CARDOSO LTDA - ME CPF/CNPJ: 26962126000130

Vencedor: FERRARI E CARDOSO LTDA - ME CPF/CNPJ: 26962126000130";
000047;"SECRETARIA MUNICIPAL DA FAZENDA E TRANSFORMAÇÃO DIGITAL";2026000189;"Dispensa de Licitação";2026;10/06/2026;25/06/2026;;;26.763,42;;Homologada;"AQUISIÇÃO DE UTENSÍLIOS DE COPA E COZINHA PARA ATENDER AS DEMANDAS DA SECRETARIA MUNICIPAL DA FAZENDA E TRANSFORMAÇÃO DIGITAL NUP";;;"Vencedor: DPEL DISTRIBUIDORA DE PAPELARIA E LIMPEZA LTDA CPF/CNPJ: 53558020000149

Vencedor: DPEL DISTRIBUIDORA DE PAPELARIA E LIMPEZA LTDA CPF/CNPJ: 53558020000149

Vencedor: JC CARVALHO DISTRIBUIDORA LTDA CPF/CNPJ: 61059299000144

Vencedor: PUJANÇA COMERCIO E SERVIÇOS LTDA CPF/CNPJ: 49450180000100

Vencedor: BKS DISTRIBUIDORA E SERVICOS - LTDA CPF/CNPJ: 59745964000101";
000046;"SECRETARIA DO GABINETE DO PREFEITO";2026002303;"Dispensa de Licitação";2026;08/06/2026;19/06/2026;;;2.146,80;;Homologada;"CONTRATAÇÃO DE EMPRESA ESPECIALIZADA PARA PRESTAÇÃO DE SERVIÇOS DE HIGIENIZAÇÃO MANUTENÇÃO PREVENTIVA E SUBSTITUIÇÃO DE FILTROS REFIL EM BEBEDOUROS INDUSTRIAIS E DE COLUNA DESTINADOS AO ATENDIMENTO DAS DEMANDAS DA GUARDA METROPOLITANA DE PALMAS DURANTE O EXERCÍCIO DE";;;"Vencedor: MORIA DETEIZADORA E ENGENHARIA LTDA CPF/CNPJ: 51616551000115

Vencedor: MORIA DETEIZADORA E ENGENHARIA LTDA CPF/CNPJ: 51616551000115";
000045;"SECRETARIA MUNICIPAL DE ARTICULAÇÃO COMUNITÁRIA";2026002298;"Dispensa de Licitação";2026;09/06/2026;01/07/2026;;;10.338,75;;Homologada;"CONTRATAÇÃO DE EMPRESA ESPECIALIZADA PARA CONFECÇÃO E FORNECIMENTO DE CAMISETAS PERSONALIZADAS DESTINADAS AO ATENDIMENTO DAS DEMANDAS INSTITUCIONAIS DA SECRETARIA MUNICIPAL DE ARTICULAÇÃO COMUNITÁRIA E DAS SUBPREFEITURAS  SEMAC CONFORME ESPECIFICAÇÕES QUANTITATIVOS E CONDIÇÕES ESTABELECIDAS";;;"Vencedor: LC DISTRIBUIDORA E SERVIÇOS LTDA CPF/CNPJ: 40593401000117

Vencedor: LOURIPEÇAS COMERCIAL LTDA-ME CPF/CNPJ: 537143000137

Vencedor: LOURIPEÇAS COMERCIAL LTDA-ME CPF/CNPJ: 537143000137

Vencedor: LOURIPEÇAS COMERCIAL LTDA-ME CPF/CNPJ: 537143000137

Vencedor: LOURIPEÇAS COMERCIAL LTDA-ME CPF/CNPJ: 537143000137";
000044;"SECRETARIA MUNICIPAL DE ZELADORIA URBANA";2026002420;"Dispensa de Licitação";2026;01/06/2026;16/06/2026;;;33.601,00;;Homologada;"AQUISIÇÃO DE CAFÉ AÇÚCAR COPO DESCARTÁVEL E ÁGUA MINERAL  POR MEIO DE COMPRA DIRETA PARA ATENDER AS NECESSIDADES DA SECRETARIA MUNICIPAL DE ZELADORIA URBANA";"Contrato 026/2026 Situação: Em Vigor

Contrato 027/2026 Situação: Em Vigor

Contrato 028/2026 Situação: Em Vigor";;"Vencedor: PUJANÇA COMERCIO E SERVIÇOS LTDA CPF/CNPJ: 49450180000100

Vencedor: A CARDOSO COSTA CPF/CNPJ: 24958111000173

Vencedor: PUJANÇA COMERCIO E SERVIÇOS LTDA CPF/CNPJ: 49450180000100

Vencedor: EBENEZER COMERCIO DE VARIEDADES LTDA CPF/CNPJ: 26775416000175

Vencedor: A CARDOSO COSTA CPF/CNPJ: 24958111000173";
000043;"Secretaria Municipal de Mobilidade e Transporte Público";2026001622;"Dispensa de Licitação";2026;02/06/2026;18/06/2026;;;28.026,64;;Homologada;"A AQUISIÇÃO DE UTENSÍLIOS E MATERIAIS DE COPA E COZINHA PARA ATENDER AS NECESSIDADES DA SECRETARIA MUNICIPAL DE MOBILIDADE E TRANSPORTE PÚBLICO NUP";;;"Vencedor: BKS DISTRIBUIDORA E SERVICOS - LTDA CPF/CNPJ: 59745964000101

Vencedor: BKS DISTRIBUIDORA E SERVICOS - LTDA CPF/CNPJ: 59745964000101

Vencedor: PUJANÇA COMERCIO E SERVIÇOS LTDA CPF/CNPJ: 49450180000100

Vencedor: PUJANÇA COMERCIO E SERVIÇOS LTDA CPF/CNPJ: 49450180000100

Vencedor: BKS DISTRIBUIDORA E SERVICOS - LTDA CPF/CNPJ: 59745964000101";
000042;"FUNDO MUNICIPAL DE SAÚDE";2026000136;"Dispensa de Licitação";2026;29/05/2026;19/08/2026;;;7.365,92;;Homologada;"AQUISIÇÃO DE INSUMOS LABORATORIAIS ESSENCIAIS PARA REALIZAÇÃO DE ANÁLISES FÍSICOQUÍMICAS E MICROBIOLÓGICAS DE CONTROLE DA QUALIDADE DA ÁGUA PARA CONSUMO HUMANO";;;"Vencedor: LABTEK COMERCIO DE PRODUTOS LABORATORIAIS LTDA CPF/CNPJ: 7185891000147

Vencedor: VIVA LABORATORIO DE ANALYSIS LTDA CPF/CNPJ: 20198502000186

Vencedor: VIVA LABORATORIO DE ANALYSIS LTDA CPF/CNPJ: 20198502000186

Vencedor: VIVA LABORATORIO DE ANALYSIS LTDA CPF/CNPJ: 20198502000186";
000041;"SECRETARIA DO GABINETE DO PREFEITO";2026002307;"Dispensa de Licitação";2026;28/05/2026;22/07/2026;;;49.947,90;;Homologada;"AQUISIÇÃO DE INSTRUMENTOS MUSICAIS DESTINADOS À ESCOLA DE MÚSICA E À ORQUESTRA JOVEM DO PROGRAMA SOCIOCULTURAL DE SEGURANÇA PREVENTIVA DA GUARDA METROPOLITANA DE PALMAS";;;"Vencedor: MVB MUSIC LTDA CPF/CNPJ: 39432161000190

Vencedor: MVB MUSIC LTDA CPF/CNPJ: 39432161000190

Vencedor: JC CARVALHO DISTRIBUIDORA LTDA CPF/CNPJ: 61059299000144

Vencedor: MVB MUSIC LTDA CPF/CNPJ: 39432161000190

Vencedor: MVB MUSIC LTDA CPF/CNPJ: 39432161000190";
000040;"CONTROLADORIA-GERAL DO MUNICÍPIO";2026000940;"Dispensa de Licitação";2026;28/05/2026;;;;0,00;;Deserta;"CONTRATAÇÃO DE EMPRESA ESPECIALIZADA PARA EXECUÇÃO DE SERVIÇOS DE CHAVEIRO INCLUINDO O FORNECIMENTO DE MATERIAIS FERRAMENTAS E MÃO DE OBRA TÉCNICA QUALIFICADA VISANDO ATENDER ÀS DEMANDAS OPERACIONAIS E ADMINISTRATIVAS DA CONTROLADORIAGERAL DO MUNICÍPIO DE PALMAS";;;;
000039;"SECRETARIA MUNICIPAL DE ZELADORIA URBANA";2026002110;"Dispensa de Licitação";2026;26/05/2026;03/06/2026;;;62.049,30;;Homologada;"AQUISIÇÃO PARCELADA DE MATERIAIS DE LIMPEZA PRODUTOS QUÍMICOS MATERIAIS DE HIGIENE E UTENSÍLIOS DE CONSUMO";"Contrato 018/2026 Situação: Em Vigor

Contrato 019/2026 Situação: Em Vigor

Contrato 020/2026 Situação: Em Vigor

Contrato 021/2026 Situação: Em Vigor

Contrato 022/2026 Situação: Em Vigor

Contrato 023/2026 Situação: Em Vigor";;"Vencedor: META COM. DE EQUIP. PARA ESCRITORIO LTDA CPF/CNPJ: 28294453000197

Vencedor: DPEL DISTRIBUIDORA DE PAPELARIA E LIMPEZA LTDA CPF/CNPJ: 53558020000149

Vencedor: MACRO DISTRIBUIDORA HOSPITALAR LTDA CPF/CNPJ: 23384022000106

Vencedor: DPEL DISTRIBUIDORA DE PAPELARIA E LIMPEZA LTDA CPF/CNPJ: 53558020000149

Vencedor: PAULISTA INDUSTRIA E COMERCIO DE ALIMENTOS LTDA. - ME CPF/CNPJ: 6285410000102";
000038;"SECRETARIA MUNICIPAL DE TURISMO";2026002120;"Dispensa de Licitação";2026;26/05/2026;24/06/2026;;;13.469,40;;Homologada;"CONTRATAÇÃO DE EMPRESA PARA AQUISIÇÃO DE CAFÉ AÇÚCAR E COPOS DESCARTÁVEIS VISANDO ATENDER AS DEMANDAS DA SECRETARIA MUNICIPAL DE TURISMO";;;"Vencedor: BKS DISTRIBUIDORA E SERVICOS - LTDA CPF/CNPJ: 59745964000101

Vencedor: CM DISTRIBUIDORA LTDA CPF/CNPJ: 50939843000126

Vencedor: BKS DISTRIBUIDORA E SERVICOS - LTDA CPF/CNPJ: 59745964000101";
000037;"PROCURADORIA GERAL DO MUNICÍPIO DE PALMAS";2026001870;"Dispensa de Licitação";2026;26/05/2026;18/06/2026;;;10.282,77;;Homologada;"AQUISIÇÃO DE MATERIAL DE LIMPEZA E HIGIENE NUP";;;"Vencedor: BKS DISTRIBUIDORA E SERVICOS - LTDA CPF/CNPJ: 59745964000101

Vencedor: BKS DISTRIBUIDORA E SERVICOS - LTDA CPF/CNPJ: 59745964000101

Vencedor: MACRO DISTRIBUIDORA HOSPITALAR LTDA CPF/CNPJ: 23384022000106

Vencedor: BKS DISTRIBUIDORA E SERVICOS - LTDA CPF/CNPJ: 59745964000101

Vencedor: BKS DISTRIBUIDORA E SERVICOS - LTDA CPF/CNPJ: 59745964000101";
000036;"SECRETARIA MUNICIPAL DE ZELADORIA URBANA";2026001869;"Dispensa de Licitação";2026;19/05/2026;18/06/2026;;;64.950,00;;Homologada;"CONTRATAÇÃO DE EMPRESA ESPECIALIZADA PARA FORNECIMENTO E INSTALAÇÃO DE  TRÊS BEBEDOUROS URBANOS MULTIFUNCIONAIS DESTINADOS À PARQUE CESAMAR PARQUE DOS POVOS INDÍGENAS E PRAIA DA GRACIOSA EM PALMASTO";"Contrato 024/2026 Situação: Em Vigor";;"Vencedor: RB  SOLUTION LIMITADA CPF/CNPJ: 55583252000182";
000035;"SECRETARIA DO GABINETE DO PREFEITO";2026002211;"Dispensa de Licitação";2026;18/05/2026;09/06/2026;;;8.609,40;;Homologada;"AQUISIÇÃO DE ELETRODOMÉSTICOS FRIGOBAR GELADEIRA E FOGÃO";;;"Vencedor: BKS DISTRIBUIDORA E SERVICOS - LTDA CPF/CNPJ: 59745964000101

Vencedor: BKS DISTRIBUIDORA E SERVICOS - LTDA CPF/CNPJ: 59745964000101

Vencedor: PUJANÇA COMERCIO E SERVIÇOS LTDA CPF/CNPJ: 49450180000100";
000034;"SECRETARIA MUNICIPAL DE PROTEÇÃO E BEM-ESTAR ANIMAL";2026001300;"Dispensa de Licitação";2026;28/05/2026;09/06/2026;;;34.624,00;;Homologada;"AQUISIÇÃO TEM POR FINALIDADE A AQUISIÇÃO DE GALÃO DE ÁGUA DE L ÁGUA MINERAL EM COPOS ML GELO KG CAFÉ MOÍDO E AÇÚCAR DESTINADOS AO ATENDIMENTO DAS NECESSIDADES DIÁRIAS DA SECRETARIA MUNICIPAL DE PROTEÇÃO E BEMESTAR ANIMAL NO MUNICÍPIO DE PALMAS TO NUP";;;"Vencedor: BKS DISTRIBUIDORA E SERVICOS - LTDA CPF/CNPJ: 59745964000101

Vencedor: SETE DISTRIBUIDORA LTDA CPF/CNPJ: 45591859000150

Vencedor: JC CARVALHO DISTRIBUIDORA LTDA CPF/CNPJ: 61059299000144

Vencedor: BKS DISTRIBUIDORA E SERVICOS - LTDA CPF/CNPJ: 59745964000101

Vencedor: SETE DISTRIBUIDORA LTDA CPF/CNPJ: 45591859000150";
000033;"CASA CIVIL DO MUNICÍPIO DE PALMAS";2026001650;"Dispensa de Licitação";2026;15/05/2026;03/06/2026;;;61.296,93;;Homologada;"AQUISIÇÃO DE MATERIAIS DE LIMPEZA E HIGIENIZAÇÃO DESTINADOS A ATENDER A SEDE DA CASA CIVIL DO MUNICÍPIO DE PALMAS E AS UNIDADES DE ATENDIMENTO DO RESOLVE PALMAS COM A FINALIDADE DE  ASSEGURAR CONDIÇÕES ADEQUADAS DE HIGIENE LIMPEZA E SALUBRIDADE DOS AMBIENTES DE USO COLETIVO NUP  VOLUME";"Contrato 002/2026 Situação: Em Vigor

Contrato 003/2026 Situação: Em Vigor

Contrato 004/2026 Situação: Em Vigor

Contrato 005/2026 Situação: Em Vigor

Contrato 006/2026 Situação: Em Vigor

Contrato 007/2026 Situação: Em Vigor";;"Vencedor: MACRO DISTRIBUIDORA HOSPITALAR LTDA CPF/CNPJ: 23384022000106

Vencedor: MACRO DISTRIBUIDORA HOSPITALAR LTDA CPF/CNPJ: 23384022000106

Vencedor: BKS DISTRIBUIDORA E SERVICOS - LTDA CPF/CNPJ: 59745964000101

Vencedor: PUJANÇA COMERCIO E SERVIÇOS LTDA CPF/CNPJ: 49450180000100

Vencedor: PUJANÇA COMERCIO E SERVIÇOS LTDA CPF/CNPJ: 49450180000100";
000032;"Secretaria Municipal de Mobilidade e Transporte Público";2026001638;"Dispensa de Licitação";2026;13/05/2026;27/05/2026;;;33.151,39;;Homologada;"AQUISIÇÃO DE MATERIAIS DE LIMPEZA";;;"Vencedor: BKS DISTRIBUIDORA E SERVICOS - LTDA CPF/CNPJ: 59745964000101

Vencedor: BKS DISTRIBUIDORA E SERVICOS - LTDA CPF/CNPJ: 59745964000101

Vencedor: BKS DISTRIBUIDORA E SERVICOS - LTDA CPF/CNPJ: 59745964000101

Vencedor: BKS DISTRIBUIDORA E SERVICOS - LTDA CPF/CNPJ: 59745964000101

Vencedor: BKS DISTRIBUIDORA E SERVICOS - LTDA CPF/CNPJ: 59745964000101";
000031;"CASA CIVIL DO MUNICÍPIO DE PALMAS";2026001645;"Dispensa de Licitação";2026;13/05/2026;25/06/2026;;;63.986,18;;Homologada;"CONTRATAÇÃO DE EMPRESA ESPECIALIZADA PARA O FORNECIMENTO DE ÁGUA MINERAL GELO CAFÉ AÇÚCAR E CHÁ";"Contrato 010/2026 Situação: Em Vigor

Contrato 008/2026 Situação: Em Vigor

Contrato 009/2026 Situação: Em Vigor";;"Vencedor: JC CARVALHO DISTRIBUIDORA LTDA CPF/CNPJ: 61059299000144

Vencedor: PUJANÇA COMERCIO E SERVIÇOS LTDA CPF/CNPJ: 49450180000100

Vencedor: PUJANÇA COMERCIO E SERVIÇOS LTDA CPF/CNPJ: 49450180000100

Vencedor: PUJANÇA COMERCIO E SERVIÇOS LTDA CPF/CNPJ: 49450180000100

Vencedor: PUJANÇA COMERCIO E SERVIÇOS LTDA CPF/CNPJ: 49450180000100";
000029;"SECRETARIA MUNICIPAL DE PLANEJAMENTO E DESENVOLVIMENTO HUMANO";2026001324;"Dispensa de Licitação";2026;12/05/2026;25/05/2026;;;54.000,00;;Homologada;"AQUISIÇÃO DE ETIQUETAS PATRIMONIAIS DO TIPO VOID DESTINADAS À IDENTIFICAÇÃO E AO CONTROLE PATRIMONIAL DOS BENS RECÉMINCORPORADOS PARA ATENDER AS NECESSIDADES OPERACIONAIS DA SUPERINTENDÊNCIA DO PATRIMÔNIO E ALMOXARIFADO";;;"Vencedor: FAZAN ETIQUETAS METALICAS LTDA CPF/CNPJ: 44945514000195";
000028;"SECRETARIA MUNICIPAL DA FAZENDA E TRANSFORMAÇÃO DIGITAL";2026000188;"Dispensa de Licitação";2026;11/05/2026;28/05/2026;;;18.358,64;;Homologada;"AQUISIÇÃO DE MATERIAL DE EXPEDIENTE PAPELARIA";;;"Vencedor: BKS DISTRIBUIDORA E SERVICOS - LTDA CPF/CNPJ: 59745964000101

Vencedor: BKS DISTRIBUIDORA E SERVICOS - LTDA CPF/CNPJ: 59745964000101

Vencedor: BKS DISTRIBUIDORA E SERVICOS - LTDA CPF/CNPJ: 59745964000101

Vencedor: BKS DISTRIBUIDORA E SERVICOS - LTDA CPF/CNPJ: 59745964000101

Vencedor: BKS DISTRIBUIDORA E SERVICOS - LTDA CPF/CNPJ: 59745964000101";
000027;"SECRETARIA MUNICIPAL DE PLANEJAMENTO E DESENVOLVIMENTO HUMANO";2026001902;"Dispensa de Licitação";2026;30/04/2026;13/05/2026;;;20.191,75;;Homologada;"AQUISIÇÃO DE  VINTE E CINCO CHAVES DE ATIVAÇÃO DA MODALIDADE MICROSOFT";;;"Vencedor: MALINOIS LICITACOES LTDA CPF/CNPJ: 29290196000188";
000026;"SECRETARIA MUNICIPAL DE INFRAESTRUTURA E SERVIÇOS PÚBLICOS";2026001810;"Dispensa de Licitação";2026;29/04/2026;19/05/2026;;;11.455,00;;Homologada;"FORNECIMENTO DE RECARGA DE GÁS LIQUEFEITO DE PETRÓLEO GLP EM BOTIJÃO DE  KG";;;"Vencedor: K G FERRAZ EIRELI CPF/CNPJ: 22460102000122";
000025;"SECRETARIA MUNICIPAL DE PROTEÇÃO E BEM-ESTAR ANIMAL";2026000678;"Dispensa de Licitação";2026;28/04/2026;12/05/2026;;;23.172,84;;Homologada;"CONTRATAÇÃO DE EMPRESA ESPECIALIZADA NA CONFECÇÃO E FORNECIMENTO DE MASCOTES HABITÁVEIS FANTASIAS PROFISSIONAIS DE TAMANHO HUMANO DESTINADOS À REALIZAÇÃO DE AÇÕES DE EDUCAÇÃO POPULAR CAMPANHAS INSTITUCIONAIS E ATIVIDADES EDUCATIVAS";;;"Vencedor: ANDREA DE MOURA LTDA CPF/CNPJ: 40318138000158";
000024;"CONTROLADORIA-GERAL DO MUNICÍPIO";2026000933;"Dispensa de Licitação";2026;28/04/2026;11/05/2026;;;1.538,69;;Homologada;"CONTRATAÇÃO DE EMPRESA ESPECIALIZADA NO FORNECIMENTO E CONFECÇÃO DE CARIMBOS DIVERSOS COM O OBJETIVO DE EQUIPAR OS SERVIDORES E MANTER A PADRONIZAÇÃO DOS FLUXOS DE TRABALHO NO ÂMBITO DA CONTROLADORIAGERAL DO MUNICÍPIO";;;"Vencedor: V M M MIRANDA CPF/CNPJ: 63189531000194

Vencedor: V M M MIRANDA CPF/CNPJ: 63189531000194

Vencedor: V M M MIRANDA CPF/CNPJ: 63189531000194

Vencedor: V M M MIRANDA CPF/CNPJ: 63189531000194

Vencedor: V M M MIRANDA CPF/CNPJ: 63189531000194";
000023;"FUNDO MUNICIPAL DE ASSISTÊNCIA SOCIAL";2026001591;"Dispensa de Licitação";2026;22/04/2026;12/05/2026;;;65.000,00;;Homologada;"CONTRATAÇÃO DE EMPRESA ESPECIALIZADA NA PRESTAÇÃO DE SERVIÇOS DE AGENCIAMENTO DE PASSAGENS TERRESTRES SOB DEMANDA COMPREENDENDO EMISSÃO MARCAÇÃO REMARCAÇÃO E CANCELAMENTO DE BILHETES";;;"Vencedor: VIAGENS JOHNSON LTDA - ME CPF/CNPJ: 25019266000107";
000022;"SECRETARIA DO GABINETE DO PREFEITO";2026001459;"Dispensa de Licitação";2026;22/04/2026;05/05/2026;;;27.973,84;;Homologada;"AQUISIÇÃO  DE  MOBILIÁRIO  CADEIRAS  PARA  ATENDER  AS  NECESSIDADES  DA  GUARDA METROPOLITANA DE PALMASTO";;;"Vencedor: PUJANÇA COMERCIO E SERVIÇOS LTDA CPF/CNPJ: 49450180000100

Vencedor: PUJANÇA COMERCIO E SERVIÇOS LTDA CPF/CNPJ: 49450180000100

Vencedor: MACRO DISTRIBUIDORA HOSPITALAR LTDA CPF/CNPJ: 23384022000106

Vencedor: PUJANÇA COMERCIO E SERVIÇOS LTDA CPF/CNPJ: 49450180000100";
000021;"SECRETARIA MUNICIPAL DE PROTEÇÃO E BEM-ESTAR ANIMAL";2026000558;"Dispensa de Licitação";2026;16/04/2026;08/05/2026;;;24.706,79;;Homologada;"AQUISIÇÃO DE MATERIAIS DE EXPEDIENTE  DIVERSOS PARA ATENDER ÀS DEMANDAS ADMINISTRATIVAS INTERNAS E DEMANDAS EXTERNAS DECORRENTE DAS AÇÕES REALIZADAS PELAS DIRETORIAS DE CONTROLE EDUCACIONAL E DE MANEJO E FAUNA DA SECRETARIA MUNICIPAL DE PROTEÇÃO E BEMESTAR ANIMAL DE PALMASTO SEBEM";;;"Vencedor: BKS DISTRIBUIDORA E SERVICOS - LTDA CPF/CNPJ: 59745964000101

Vencedor: PUJANÇA COMERCIO E SERVIÇOS LTDA CPF/CNPJ: 49450180000100

Vencedor: BKS DISTRIBUIDORA E SERVICOS - LTDA CPF/CNPJ: 59745964000101

Vencedor: BKS DISTRIBUIDORA E SERVICOS - LTDA CPF/CNPJ: 59745964000101

Vencedor: BKS DISTRIBUIDORA E SERVICOS - LTDA CPF/CNPJ: 59745964000101";
000020;"SECRETARIA MUNICIPAL DE TURISMO";2026002081;"Dispensa de Licitação";2026;14/05/2026;29/05/2026;;;1.992,75;;Homologada;"CONTRATAÇÃO DE EMPRESA PARA AQUISIÇÃO DE RECARGA DE GÁS DE COZINHA KG";;;"Vencedor: IRENILDE BOTELHO DE SOUSA CPF/CNPJ: 27052153000139";
000020;"SECRETARIA DO GABINETE DO PREFEITO";2026001430;"Dispensa de Licitação";2026;30/04/2026;18/05/2026;;;41.366,40;;Homologada;"AQUISIÇÃO DE ACESSÓRIOS E INSUMOS MUSICAIS DESTINADOS À MANUTENÇÃO DAS ATIVIDADES DA ESCOLA DE MÚSICA ORQUESTRA E CORAL DO PROGRAMA SOCIOCULTURAL DE SEGURANÇA PREVENTIVA DA GUARDA METROPOLITANA DE PALMAS PARA O EXERCÍCIO DE";;;"Vencedor: TOCA DO SOM INSTRUMENTOS MUSICAIS LTDA CPF/CNPJ: 3069520000149

Vencedor: TOCA DO SOM INSTRUMENTOS MUSICAIS LTDA CPF/CNPJ: 3069520000149

Vencedor: TOCA DO SOM INSTRUMENTOS MUSICAIS LTDA CPF/CNPJ: 3069520000149

Vencedor: TOCA DO SOM INSTRUMENTOS MUSICAIS LTDA CPF/CNPJ: 3069520000149

Vencedor: TOCA DO SOM INSTRUMENTOS MUSICAIS LTDA CPF/CNPJ: 3069520000149";
000019;"SECRETARIA MUNICIPAL DA FAZENDA E TRANSFORMAÇÃO DIGITAL";2026000771;"Dispensa de Licitação";2026;01/04/2026;17/04/2026;;;65.434,18;;Homologada;"AQUISIÇÃO DE MATERIAIS DE HIGIENE E LIMPEZA DESTINADOS À MANUTENÇÃO DAS CONDIÇÕES ADEQUADAS DE ASSEIO SALUBRIDADE E CONSERVAÇÃO DAS INSTALAÇÕES DA SECRETARIA MUNICIPAL DA FAZENDA NUP";"Contrato 006/2026 Situação: Em Vigor

Contrato 007/2026 Situação: Em Vigor

Contrato 008/2026 Situação: Em Vigor

Contrato 009/2026 Situação: Em Vigor";;"Vencedor: DPEL DISTRIBUIDORA DE PAPELARIA E LIMPEZA LTDA CPF/CNPJ: 53558020000149

Vencedor: BKS DISTRIBUIDORA E SERVICOS - LTDA CPF/CNPJ: 59745964000101

Vencedor: BKS DISTRIBUIDORA E SERVICOS - LTDA CPF/CNPJ: 59745964000101

Vencedor: BKS DISTRIBUIDORA E SERVICOS - LTDA CPF/CNPJ: 59745964000101

Vencedor: BKS DISTRIBUIDORA E SERVICOS - LTDA CPF/CNPJ: 59745964000101";
000018;"FUNDO MUNICIPAL DE ASSISTÊNCIA SOCIAL";2026001372;"Dispensa de Licitação";2026;01/04/2026;18/05/2026;;;46.329,60;;Homologada;"A CONTRATAÇÃO DE SERVIÇOS CONTÍNUOS DE LIMPEZA HIGIENIZAÇÃO E DESINFECÇÃO DE RESERVATÓRIOS DE ÁGUA POTÁVEL CAIXAS DÁGUA BEBEDOUROS E PURIFICADORES";;;"Vencedor: MORIA DETEIZADORA E ENGENHARIA LTDA CPF/CNPJ: 51616551000115

Vencedor: MORIA DETEIZADORA E ENGENHARIA LTDA CPF/CNPJ: 51616551000115

Vencedor: MORIA DETEIZADORA E ENGENHARIA LTDA CPF/CNPJ: 51616551000115

Vencedor: MORIA DETEIZADORA E ENGENHARIA LTDA CPF/CNPJ: 51616551000115

Vencedor: MORIA DETEIZADORA E ENGENHARIA LTDA CPF/CNPJ: 51616551000115";
000016;"FUNDO MUNICIPAL DE ASSISTÊNCIA SOCIAL";2026001272;"Dispensa de Licitação";2026;27/03/2026;;;;0,00;;"Aviso de Realização";"AQUISIÇÃO DE KIT DE PRIMEIROS SOCORROS";;;;
000015;"SECRETARIA MUNICIPAL DE INFRAESTRUTURA E SERVIÇOS PÚBLICOS";2026001016;"Dispensa de Licitação";2026;25/03/2026;13/04/2026;;;60.051,86;;Homologada;"AQUISIÇÃO DE ÁGUA MINERAL E CAFÉ";;;"Vencedor: LEIDE DAIARA SOARES VIEIRA CPF/CNPJ: 60331371000188

Vencedor: LEIDE DAIARA SOARES VIEIRA CPF/CNPJ: 60331371000188

Vencedor: DISTRIBUIDORA FLORIANO LTDA CPF/CNPJ: 2610348000126

Vencedor: LEIDE DAIARA SOARES VIEIRA CPF/CNPJ: 60331371000188

Vencedor: PUJANÇA COMERCIO E SERVIÇOS LTDA CPF/CNPJ: 49450180000100";
000014;"SECRETARIA DO GABINETE DO PREFEITO";2026000314;"Dispensa de Licitação";2026;24/03/2026;05/05/2026;;;28.605,99;;Homologada;"CONTRATAÇÃO DE EMPRESA ESPECIALIZADA NO FORNECIMENTO DE MATERIAIS DE LIMPEZA E HIGIENE";;;"Vencedor: BKS DISTRIBUIDORA E SERVICOS - LTDA CPF/CNPJ: 59745964000101

Vencedor: BKS DISTRIBUIDORA E SERVICOS - LTDA CPF/CNPJ: 59745964000101

Vencedor: PUJANÇA COMERCIO E SERVIÇOS LTDA CPF/CNPJ: 49450180000100

Vencedor: PUJANÇA COMERCIO E SERVIÇOS LTDA CPF/CNPJ: 49450180000100

Vencedor: PUJANÇA COMERCIO E SERVIÇOS LTDA CPF/CNPJ: 49450180000100";
000013;"INSTITUTO DE PREVIDÊNCIA SOCIAL DO MUNICÍPIO DE PALMAS";2025008692;"Dispensa de Licitação";2026;24/03/2026;27/04/2026;;;33.625,00;;Homologada;"CONTRATAÇÃO DE EMPRESA PARA A ELABORAÇÃO DE ESTUDO TÉCNICOJURÍDICOATUARIAL QUE APRESENTE ANALISE E SIMULE CENÁRIOS DE VIABILIDADE FINANCEIRA E ATUARIAL PARA O CUSTEIO DA CONCESSÃO DE APOSENTADORIA ESPECIAL A SERVIDORES PÚBLICOS COM DEFICIÊNCIA E ÀQUELES EXPOSTOS A AGENTES NOCIVOS À SAÚDE OU A RISCO ACENTUADO NO ÂMBITO DO PREVIPALMAS";;;"Vencedor: LOGICA ASSESSORIA E CONSULTORIA ATUARIAL LTDA CPF/CNPJ: 5965853000181";
000012;"SECRETARIA MUNICIPAL DA EDUCAÇÃO";2025003996;"Dispensa de Licitação";2026;17/03/2026;;;;6.120,00;;"Aviso de Realização";"AQUISIÇÃO DE RECARGA DE GÁS DE COZINHA GLP KG PARA ATENDER AS DEMANDAS DA SECRETARIA MUNICIPAL DE EDUCAÇÃO DE PALMASTO";;;;
000011;"SECRETARIA MUNICIPAL DE PROTEÇÃO E BEM-ESTAR ANIMAL";2026000316;"Dispensa de Licitação";2026;16/03/2026;;;;0,00;;Deserta;"AQUISIÇÃO DE VASILHAMES E RECARGAS DE GÁS LIQUEFEITO DE PETRÓLEO GLP DE KG";;;;
000010;"SECRETARIA MUNICIPAL DE INFRAESTRUTURA E SERVIÇOS PÚBLICOS";2026000865;"Dispensa de Licitação";2026;12/03/2026;27/03/2026;;;57.047,00;;Homologada;"AQUISIÇÃO DE BOTINAS DE COURO COM PALMILHA ANTIPERFURANTE LUVA VAQUETA E LUVA PIGMENTADA PARA OS SERVIDORES DA SECRETARIA DE INFRAESTRUTURA E HABITAÇÃO";;;"Vencedor: FB  COMERCIO  LTDA CPF/CNPJ: 37047387000141

Vencedor: BKS DISTRIBUIDORA E SERVICOS - LTDA CPF/CNPJ: 59745964000101

Vencedor: PUJANÇA COMERCIO E SERVIÇOS LTDA CPF/CNPJ: 49450180000100

Vencedor: BKS DISTRIBUIDORA E SERVICOS - LTDA CPF/CNPJ: 59745964000101";
000009;"SECRETARIA DO GABINETE DO PREFEITO";2026000522;"Dispensa de Licitação";2026;01/04/2026;01/04/2026;;;30.240,00;;Homologada;"CONTRATAÇÃO DE EMPRESA ESPECIALIZADA NA PRESTAÇÃO DE SERVIÇOS DE TELECOMUNICAÇÕES PARA O FORNECIMENTO DE  TRÊS LINKS DE ACESSO À INTERNET MÓVEL VEICULAR VIA SATÉLITE EM BANDA LARGA POR MEIO DA TECNOLOGIA STARLINK VISANDO ATENDER ÀS NECESSIDADES INSTITUCIONAIS DA SECRETARIA MUNICIPAL DO GABINETE DO PREFEITO";;;"Vencedor: R/C CARTUCHOS, INFORMATICA E PAPELARIA LTDA CPF/CNPJ: 6015659000106";
000009;"SECRETARIA DO GABINETE DO PREFEITO";2026000522;"Dispensa de Licitação";2026;12/03/2026;;;;36.634,68;;"Aviso de Realização";"PLANO DE ACESSO À INTERNET MÓVEL VEICULAR VIA SATÉLITE  MESES POR ANTENA";;;;
000008;"SECRETARIA DO GABINETE DO PREFEITO";202601116;"Dispensa de Licitação";2026;13/05/2026;13/05/2026;;;27.857,80;;Homologada;"AQUISIÇÃO DE  UNIFORMES  INSTITUCIONAIS DESTINADOS  AO  ATENDIMENTO  DAS  DEMANDAS  FUNCIONAIS  DO  GABINETE  DO  PREFEITO  DO  MUNICÍPIO  DE PALMASTO  E  DA  GUARDA  METROPOLITANA  DE  PALMAS";;;"Vencedor: NACIONAL EMPREENDIMENTOS LTDA CPF/CNPJ: 13543878000115

Vencedor: NACIONAL EMPREENDIMENTOS LTDA CPF/CNPJ: 13543878000115

Vencedor: NACIONAL EMPREENDIMENTOS LTDA CPF/CNPJ: 13543878000115";
000008;"SECRETARIA MUNICIPAL DE PLANEJAMENTO E DESENVOLVIMENTO HUMANO";2026000960;"Dispensa de Licitação";2026;10/03/2026;23/03/2026;;;10.418,18;;Homologada;"AQUISIÇÃO DE CAFÉ TORRADO E MOÍDO PARA ATENDER AS NECESSIDADES DA SECRETARIA DE PLANEJAMENTO E GESTÃO NUP Nº";;;"Vencedor: CM DISTRIBUIDORA LTDA CPF/CNPJ: 50939843000126";
000007;"CONTROLADORIA-GERAL DO MUNICÍPIO";2026000520;"Dispensa de Licitação";2026;09/03/2026;17/03/2026;;;13.324,68;;Homologada;"CONTRATAÇÃO  DE  EMPRESA  ESPECIALIZADA  NO  FORNECIMENTO  DE  EQUIPAMENTOS  PERMANENTES  FRIGOBAR";;;"Vencedor: BKS DISTRIBUIDORA E SERVICOS - LTDA CPF/CNPJ: 59745964000101";
000006;"SECRETARIA MUNICIPAL DE DESENVOLVIMENTO SOCIAL";2026000344;"Dispensa de Licitação";2026;06/03/2026;23/03/2026;;;61.615,20;;Homologada;"AQUISIÇÃO DE GÊNEROS ALIMENTÍCIOS";;;"Vencedor: LEIDE DAIARA SOARES VIEIRA CPF/CNPJ: 60331371000188

Vencedor: LEIDE DAIARA SOARES VIEIRA CPF/CNPJ: 60331371000188

Vencedor: JC CARVALHO DISTRIBUIDORA LTDA CPF/CNPJ: 61059299000144

Vencedor: META COM. DE EQUIP. PARA ESCRITORIO LTDA CPF/CNPJ: 28294453000197

Vencedor: META COM. DE EQUIP. PARA ESCRITORIO LTDA CPF/CNPJ: 28294453000197";
000005;"SECRETARIA MUNICIPAL DE TURISMO";2026000765;"Dispensa de Licitação";2026;06/03/2026;26/03/2026;;;59.146,31;;Homologada;"CONTRATAÇÃO DE EMPRESA ESPECIALIZADA NO FORNECIMENTO DE MATERIAL DE LIMPEZA E HIGIENE";;;"Vencedor: AMPLA COMERCIAL LTDA CPF/CNPJ: 5891838000136

Vencedor: AMPLA COMERCIAL LTDA CPF/CNPJ: 5891838000136

Vencedor: EBENEZER COMERCIO DE VARIEDADES LTDA CPF/CNPJ: 26775416000175

Vencedor: LEIDE DAIARA SOARES VIEIRA CPF/CNPJ: 60331371000188

Vencedor: AMPLA COMERCIAL LTDA CPF/CNPJ: 5891838000136";
000004;"SECRETARIA MUNICIPAL DE DESENVOLVIMENTO SOCIAL";2026000258;"Dispensa de Licitação";2026;11/02/2026;02/03/2026;;;20.790,31;;Homologada;"AQUISIÇÃO DE EXTINTORES E RECARGA PLACAS DE SINALIZAÇÃO SERVIÇOS DE MANUTENÇÃO PARA ATENDER AS DEMANDAS DA SECRETARIA DE AÇÃO SOCIAL E DA MULHER";;;"Vencedor: EXTINSEG EQUIPAMENTOS DE SEGURANCA LTDA - ME CPF/CNPJ: 8737642000180

Vencedor: EXTINSEG EQUIPAMENTOS DE SEGURANCA LTDA - ME CPF/CNPJ: 8737642000180

Vencedor: EXTINSEG EQUIPAMENTOS DE SEGURANCA LTDA - ME CPF/CNPJ: 8737642000180

Vencedor: EXTINSEG EQUIPAMENTOS DE SEGURANCA LTDA - ME CPF/CNPJ: 8737642000180

Vencedor: PUJANÇA COMERCIO E SERVIÇOS LTDA CPF/CNPJ: 49450180000100";
000003;"FUNDO MUNICIPAL DE SAÚDE";2026000187;"Dispensa de Licitação";2026;27/01/2026;05/02/2026;;;21.240,00;;Homologada;"AQUISIÇÃO DE INSUMOS DE ENFERMAGEM SERINGAS E ESPARADRAPO PARA ATENDER A SECRETARIA MUNICIPAL DE SAÚDE DE PALMASTO";;;"Vencedor: MEDCAMP MEDICAMENTOS E MATERIAIS HOSPITALAR LTDA CPF/CNPJ: 42377383000161

Vencedor: MACRO DISTRIBUIDORA HOSPITALAR LTDA CPF/CNPJ: 23384022000106

Vencedor: MACRO DISTRIBUIDORA HOSPITALAR LTDA CPF/CNPJ: 23384022000106";
000002;"SECRETARIA MUNICIPAL DE DESENVOLVIMENTO RURAL";2026001234;"Dispensa de Licitação";2026;30/04/2026;30/04/2026;;;56.408,80;;Homologada;"AQUISIÇÃO DE FERTILIZANTES CORRETIVOS DE SOLO E SEMENTES DESTINADOS À IMPLANTAÇÃO NUTRIÇÃO E DESENVOLVIMENTO DAS UNIDADES TÉCNICODEMONSTRATIVAS DA FAZENDINHA NO ÂMBITO DA AGROTINS  CONFORME ESPECIFICAÇÕES E QUANTITATIVOS DEFINIDOS NESTE TERMO DE REFERÊNCIA";;;"Vencedor: FG3 AGRO - COMERCIO DE PRODS AGROPECUARIOS LTDA CPF/CNPJ: 53253436000159

Vencedor: FG3 AGRO - COMERCIO DE PRODS AGROPECUARIOS LTDA CPF/CNPJ: 53253436000159

Vencedor: FG3 AGRO - COMERCIO DE PRODS AGROPECUARIOS LTDA CPF/CNPJ: 53253436000159

Vencedor: FG3 AGRO - COMERCIO DE PRODS AGROPECUARIOS LTDA CPF/CNPJ: 53253436000159

Vencedor: FG3 AGRO - COMERCIO DE PRODS AGROPECUARIOS LTDA CPF/CNPJ: 53253436000159";
000002;"SECRETARIA MUNICIPAL DE DESENVOLVIMENTO RURAL";2026001234;"Dispensa de Licitação";2026;31/03/2026;15/04/2026;;;56.408,80;;Homologada;"AQUISIÇÃO DE FERTILIZANTES CORRETIVOS DE SOLO E SEMENTES DESTINADOS À IMPLANTAÇÃO NUTRIÇÃO E DESENVOLVIMENTO DAS UNIDADES TÉCNICODEMONSTRATIVAS DA FAZENDINHA NO ÂMBITO DA AGROTINS  CONFORME ESPECIFICAÇÕES E QUANTITATIVOS DEFINIDOS NESTE TERMO DE REFERÊNCIA";;;"Vencedor: FG3 AGRO - COMERCIO DE PRODS AGROPECUARIOS LTDA CPF/CNPJ: 53253436000159

Vencedor: FG3 AGRO - COMERCIO DE PRODS AGROPECUARIOS LTDA CPF/CNPJ: 53253436000159

Vencedor: FG3 AGRO - COMERCIO DE PRODS AGROPECUARIOS LTDA CPF/CNPJ: 53253436000159

Vencedor: FG3 AGRO - COMERCIO DE PRODS AGROPECUARIOS LTDA CPF/CNPJ: 53253436000159

Vencedor: FG3 AGRO - COMERCIO DE PRODS AGROPECUARIOS LTDA CPF/CNPJ: 53253436000159";
000002;"SECRETARIA MUNICIPAL DE TURISMO";2026000294;"Dispensa de Licitação";2026;26/01/2026;06/02/2026;;;63.800,00;;Homologada;"AQUISIÇÃO DE ÁGUA MINERAL VISANDO ATENDER ÀS NECESSIDADES OPERACIONAIS E DE APOIO LOGÍSTICO NOS EVENTOS INSTITUCIONAIS";;;"Vencedor: PUJANÇA COMERCIO E SERVIÇOS LTDA CPF/CNPJ: 49450180000100";
000001;"SECRETARIA MUNICIPAL DE DESENVOLVIMENTO RURAL";2026000668;"Dispensa de Licitação";2026;31/03/2026;16/04/2026;;;44.447,50;;Homologada;"AQUISIÇÃO DE CAFÉ AÇÚCAR ÁGUA MINERAL E RECARGA DE GÁS DE COZINHA GLP  KG DESTINADOS AO ATENDIMENTO DAS NECESSIDADES DA SECRETARIA MUNICIPAL DE AGRICULTURA E REGIÃO METROPOLITANA VISANDO AO SUPORTE DAS ATIVIDADES ADMINISTRATIVAS E OPERACIONAIS CONFORME ESPECIFICAÇÕES E QUANTITATIVOS DEFINIDOS NESTE TERMO DE REFERÊNCIA";;;"Vencedor: BKS DISTRIBUIDORA E SERVICOS - LTDA CPF/CNPJ: 59745964000101

Vencedor: BKS DISTRIBUIDORA E SERVICOS - LTDA CPF/CNPJ: 59745964000101

Vencedor: BKS DISTRIBUIDORA E SERVICOS - LTDA CPF/CNPJ: 59745964000101

Vencedor: BKS DISTRIBUIDORA E SERVICOS - LTDA CPF/CNPJ: 59745964000101

Vencedor: BKS DISTRIBUIDORA E SERVICOS - LTDA CPF/CNPJ: 59745964000101";
000001;"SECRETARIA MUNICIPAL DE DESENVOLVIMENTO ECONÔMICO E EMPREGO";2025008098;"Dispensa de Licitação";2026;25/02/2026;25/02/2026;;;10.301,21;;Homologada;"CONTRATAÇÃO DE EMPRESA ESPECIALIZADA NO FORNECIMENTO DE MATERIAIS DE LIMPEZA VISANDO ASSEGURAR O ABASTECIMENTO ADEQUADO DOS ITENS ESSENCIAIS AO PLENO FUNCIONAMENTO DAS ATIVIDADES INSTITUCIONAIS DA SECRETARIA MUNICIPAL DE DESENVOLVIMENTO ECONÔMICO E EMPREENDEDORISMO  SEDEEM";;;"Vencedor: BKS DISTRIBUIDORA E SERVICOS - LTDA CPF/CNPJ: 59745964000101

Vencedor: DPEL DISTRIBUIDORA DE PAPELARIA E LIMPEZA LTDA CPF/CNPJ: 53558020000149

Vencedor: DPEL DISTRIBUIDORA DE PAPELARIA E LIMPEZA LTDA CPF/CNPJ: 53558020000149

Vencedor: BKS DISTRIBUIDORA E SERVICOS - LTDA CPF/CNPJ: 59745964000101

Vencedor: PRAPEL COMERCIO DE PAPEL LTDA CPF/CNPJ: 10460274000117";
;"FUNDO MUNICIPAL DE SAÚDE";2026002765;"Dispensa de Licitação";2026;01/10/2026;01/10/2026;;;200,00;;Homologada;"CONTRATAÇÃO DE EMPRESA ESPECIALIZADA NA REALIZAÇÃO DE HOLTER  HORAS PARA ATENDER A DECISÃO JUDICIAL  PROCEDIMENTO COMUM CÍVEL";;;"Vencedor:  CENTRO DE DIAGNOSTICO CARDIOLOGICO DO TOCANTINS CPF/CNPJ: 15562590000113";
;"SECRETARIA DO GABINETE DO PREFEITO";2026004104;"Dispensa de Licitação";2026;30/09/2026;;;;0,00;;"Aviso de Realização";"AQUISIÇÃO COMPLEMENTAR DE INSTRUMENTOS MUSICAIS";;;;
;"SECRETARIA MUNICIPAL DE DESENVOLVIMENTO URBANO E SERVIÇOS REGIONAIS";2025003159;"Dispensa de Licitação";2026;25/09/2026;25/09/2026;;;14.415,00;;Homologada;"AQUISIÇÃO DE UNIFORMES PARA FISCAIS DE OBRAS E POSTURAS DO MUNICÍPIO DE PALMAS";;;"Vencedor: INDUSTRIA DE TAPEÇARIA E CONFECÇÕES TALENTO EIRELI - ME CPF/CNPJ: 4494939000100

Vencedor: INDUSTRIA DE TAPEÇARIA E CONFECÇÕES TALENTO EIRELI - ME CPF/CNPJ: 4494939000100

Vencedor: INDUSTRIA DE TAPEÇARIA E CONFECÇÕES TALENTO EIRELI - ME CPF/CNPJ: 4494939000100";
;"SECRETARIA DO GABINETE DO PREFEITO";2026002542;"Dispensa de Licitação";2026;24/09/2026;24/09/2026;;;60.400,00;;Homologada;"AQUISIÇÃO DE SOPRADORES COSTAIS";;;"Vencedor: SUELY CARLOS DA SILVA CRUZ CPF/CNPJ: 23263076000105";
;"PROCURADORIA GERAL DO MUNICÍPIO DE PALMAS";2026004010;"Dispensa de Licitação";2026;23/09/2026;;;;11.575,50;;"Aviso de Realização";"CONTRATAÇÃO DE EMPRESA ESPECIALIZADA PARA O FORNECIMENTODE ÁGUA MINERAL NATURAL COM E SEM GÁS ACONDICIONADA EM GARRAFÕESDE  VINTE LITROS BEM COMO EM EMBALAGENS DE  ML COM E SEMGÁS INCLUINDO O FORNECIMENTO DE VASILHAMES DE  VINTE LITROS";;;;
;"FUNDO MUNICIPAL DE SAÚDE";2026003757;"Dispensa de Licitação";2026;23/09/2026;;;;0,00;;"Aviso de Realização";"CONTRATAÇÃO DE EMPRESA ESPECIALIZADA NA REALIZAÇÃO DA BIÓPSIA DE PRÓSTATA COM LAUDO DEMANDA JUDICIAL AUTOS N TO";;;;
;"FUNDO MUNICIPAL DOS DIREITOS DA CRIANÇA E DO ADOLESCENTE";2026004292;"Dispensa de Licitação";2026;23/09/2026;25/09/2026;;;39.030,00;;Homologada;"AQUISIÇÃO DE SERVIÇOS DE MATERIAL GRAFICO";;;"Vencedor: ATOS STANLEY MIRANDA AMRAL LOPES  CPF/CNPJ: 26321104000191

Vencedor: ATOS STANLEY MIRANDA AMRAL LOPES  CPF/CNPJ: 26321104000191

Vencedor: ATOS STANLEY MIRANDA AMRAL LOPES  CPF/CNPJ: 26321104000191

Vencedor: ATOS STANLEY MIRANDA AMRAL LOPES  CPF/CNPJ: 26321104000191

Vencedor: ATOS STANLEY MIRANDA AMRAL LOPES  CPF/CNPJ: 26321104000191";
;"SECRETARIA MUNICIPAL DE DESENVOLVIMENTO SOCIAL";2026003662;"Dispensa de Licitação";2026;23/09/2026;23/09/2026;;;63.980,00;;Homologada;"CONTRATAÇÃO DE EMPRESA ESPECIALIZADA PARA O FORNECIMENTO DE ITENS DE DECORAÇÃO FLORICULTURA E JARDINAGEM EM GERAL";;;"Vencedor: PINHEIRO & GASPARIN LTDA CPF/CNPJ: 1244675000149

Vencedor: PINHEIRO & GASPARIN LTDA CPF/CNPJ: 1244675000149

Vencedor: PINHEIRO & GASPARIN LTDA CPF/CNPJ: 1244675000149

Vencedor: PINHEIRO & GASPARIN LTDA CPF/CNPJ: 1244675000149

Vencedor: PINHEIRO & GASPARIN LTDA CPF/CNPJ: 1244675000149";
;"SECRETARIA MUNICIPAL DE INFRAESTRUTURA E SERVIÇOS PÚBLICOS";2026002689;"Dispensa de Licitação";2026;22/09/2026;22/09/2026;;;173.577,60;;Homologada;"CONTRATAÇÃO DE EMPRESA PARA A PRESTAÇÃO DE SERVIÇOS ESPECIALIZADOS NA EXECUÇÃO GLOBAL DAS ATIVIDADES ESPECIFICADAS NO PROJETO DE TRABALHO SOCIAL DO EMPREENDIMENTO RESIDENCIAL PARQUÊ DOS IPÊS I";;;"Vencedor: SERVICO NACIONAL DE APRENDIZAGEM INDUSTRIAL CPF/CNPJ: 3777465000141

Vencedor: SERVICO NACIONAL DE APRENDIZAGEM INDUSTRIAL CPF/CNPJ: 3777465000141

Vencedor: SERVICO NACIONAL DE APRENDIZAGEM INDUSTRIAL CPF/CNPJ: 3777465000141

Vencedor: SERVICO NACIONAL DE APRENDIZAGEM INDUSTRIAL CPF/CNPJ: 3777465000141

Vencedor: SERVICO NACIONAL DE APRENDIZAGEM INDUSTRIAL CPF/CNPJ: 3777465000141";
;"SECRETARIA MUNICIPAL DE PLANEJAMENTO E DESENVOLVIMENTO HUMANO";20260003732;"Dispensa de Licitação";2026;21/09/2026;21/09/2026;;;13.266,66;;Homologada;"CONTRATAÇÃO DE EMPRESA ESPECIALIZADA NA PRESTAÇÃO DE SERVIÇOS DE CHAVEIRO E SERVIÇOS CORRELATOS INCLUINDO O FORNECIMENTO DE TODOS OS MATERIAIS NECESSÁRIOS A SEREM EXECUTADOS";;;"Vencedor: ANTONIO CUSTODIO ME CPF/CNPJ: 10614174000106

Vencedor: ANTONIO CUSTODIO ME CPF/CNPJ: 10614174000106

Vencedor: ANTONIO CUSTODIO ME CPF/CNPJ: 10614174000106

Vencedor: ANTONIO CUSTODIO ME CPF/CNPJ: 10614174000106

Vencedor: ANTONIO CUSTODIO ME CPF/CNPJ: 10614174000106";
;"FUNDO MUNICIPAL DE SAÚDE";2026003910;"Dispensa de Licitação";2026;18/09/2026;18/09/2026;;;1.600,00;;Homologada;"REALIZAÇÃO DO EXAME DE COLONOSCOPIA EM AMBIENTE HOSPITALAR";;;"Vencedor: CLINICA DE GASTRO DE PALMAS LTDA CPF/CNPJ: 29759546000102";
;"SECRETARIA MUNICIPAL DE TURISMO";2026002281;"Dispensa de Licitação";2026;18/09/2026;21/09/2026;;;59.200,00;;Homologada;"CONTRATAÇÃO DE EMPRESA EOU ASSOCIAÇÃO PARA O FORNECIMENTO DE ARBITRAGEM PARA OS EVENTOS ESPORTIVOS";;;"Vencedor: MC DISTRIBUIDORA LTDA CPF/CNPJ: 59753628000100

Vencedor: MC DISTRIBUIDORA LTDA CPF/CNPJ: 59753628000100

Vencedor: MC DISTRIBUIDORA LTDA CPF/CNPJ: 59753628000100

Vencedor: MC DISTRIBUIDORA LTDA CPF/CNPJ: 59753628000100

Vencedor: MC DISTRIBUIDORA LTDA CPF/CNPJ: 59753628000100";
;"FUNDO MUNICIPAL DE SAÚDE";2026001758;"Dispensa de Licitação";2026;17/09/2026;17/09/2026;;;8.500,00;;Homologada;"PROCEDIMENTO COMUM CÍVEL  AUTOS Nº   LOURIVALDO TORRES DE ARAÚJO";"Contrato 089/2026 Situação: Em Vigor";;"Vencedor: CLÍNICA MÉDICA MAITÊ BRANDÃO LTDA CPF/CNPJ: 34345104000150";
;"FUNDO MUNICIPAL DE SAÚDE";2026003047;"Dispensa de Licitação";2026;11/09/2026;11/09/2026;;;200,00;;Homologada;"AÇÃO CIVIL PÚBLICA  AUTOS Nº   RITAMAR SOARES DE OLIVEIRA";;;"Vencedor:  CENTRO DE DIAGNOSTICO CARDIOLOGICO DO TOCANTINS CPF/CNPJ: 15562590000113";
;"FUNDO MUNICIPAL DE ASSISTÊNCIA SOCIAL";2026002837;"Dispensa de Licitação";2026;10/09/2026;10/09/2026;;;7.510,00;;Homologada;"AQUISIÇÃO  DE   MATERIAIS   GRÁFICOS   PARA   ATENDER   AS   DEMANDAS DA BPC ESCOLA   E   PROTEÇÃO ESPECIAL   PARA   PROMOÇÃO   DIVULGAÇÃO   E   MANUTENÇÃO   DOSPROGRAMAS   DE ASSISTÊNCIA SOCIAL NO ÂMBITO DA SECRETARIA MUNICIPAL DE DESENVOLVIMENTO SOCIAL";;;"Vencedor: GRAFICA E EDITORA SANTO EXPEDITO LTDA CPF/CNPJ: 9015122000126

Vencedor: GRAFICA E EDITORA SANTO EXPEDITO LTDA CPF/CNPJ: 9015122000126

Vencedor: GRAFICA E EDITORA SANTO EXPEDITO LTDA CPF/CNPJ: 9015122000126

Vencedor: GRAFICA E EDITORA SANTO EXPEDITO LTDA CPF/CNPJ: 9015122000126

Vencedor: GRAFICA E EDITORA SANTO EXPEDITO LTDA CPF/CNPJ: 9015122000126";
;"SECRETARIA MUNICIPAL DE INFRAESTRUTURA E SERVIÇOS PÚBLICOS";2026002691;"Dispensa de Licitação";2026;09/09/2026;09/09/2026;;;116.837,60;;Homologada;"CONTRATAÇÃO DE EMPRESA PARA A PRESTAÇÃO DE SERVIÇOS ESPECIALIZADOS NA EXECUÇÃO GLOBAL DAS ATIVIDADES ESPECIFICADAS NO PROJETO DE TRABALHO SOCIAL DO EMPREENDIMENTO RESIDENCIAL PARQUÊ DOS IPÊS III";;;"Vencedor: SERVICO NACIONAL DE APRENDIZAGEM INDUSTRIAL CPF/CNPJ: 3777465000141

Vencedor: SERVICO NACIONAL DE APRENDIZAGEM INDUSTRIAL CPF/CNPJ: 3777465000141

Vencedor: SERVICO NACIONAL DE APRENDIZAGEM INDUSTRIAL CPF/CNPJ: 3777465000141

Vencedor: SERVICO NACIONAL DE APRENDIZAGEM INDUSTRIAL CPF/CNPJ: 3777465000141

Vencedor: SERVICO NACIONAL DE APRENDIZAGEM INDUSTRIAL CPF/CNPJ: 3777465000141";
;"SECRETARIA MUNICIPAL DE PROTEÇÃO E BEM-ESTAR ANIMAL";2026002219;"Dispensa de Licitação";2026;03/09/2026;03/09/2026;;;229,68;;Homologada;"AQUISIÇÃO DE MATERIAIS DE HIGIENIZAÇÃO E LIMPEZA";;;"Vencedor: EBENEZER COMERCIO DE VARIEDADES LTDA CPF/CNPJ: 26775416000175";
;"FUNDAÇÃO DE MEIO AMBIENTE DE PALMAS";2026003745;"Dispensa de Licitação";2026;02/09/2026;02/09/2026;;;8.925,00;;Homologada;"AQUISIÇÃO DE EPI  BOTINAS DE SEGURANÇA PARA SERVIDORES DO VIVEIRO MUNICIPAL";;;"Vencedor: ALFACOM LTDA CPF/CNPJ: 61214794000180";
;"SECRETARIA MUNICIPAL DE PLANEJAMENTO E DESENVOLVIMENTO HUMANO";2026002848;"Dispensa de Licitação";2026;02/09/2026;02/09/2026;;;7.490,00;;Homologada;"AQUISIÇÃO DE ELETRODOMÉSTICO FRIGOBAR DESTINADO A SUPRIR AS NECESSIDADES DA SECRETARIA DE PLANEJAMENTO E GESTÃO";;;"Vencedor: PUJANÇA COMERCIO E SERVIÇOS LTDA CPF/CNPJ: 49450180000100";
;"FUNDO MUNICIPAL DE SAÚDE";2026003715;"Dispensa de Licitação";2026;02/09/2026;;;;9.426,12;;"Aviso de Realização";"CONTRATAÇÃO  DE EMPRESAS  ESPECIALIZADAS  PARA  FORNECIMENTO  DE  MEDICAMENTOS  RESULTANTES  DA  DEMANDA JUDICIAL  EM  CUMPRIMENTO  PROVISÓRIO  DE  SENTENÇA  EM  CARÁTER  EMERGENCIAL  AUTOS  Nº NUP";;;;
;"SECRETARIA MUNICIPAL DE JUVENTUDE E ESPORTES";2026002648;"Dispensa de Licitação";2026;31/08/2026;31/08/2026;;;63.960,00;;Homologada;"AQUISIÇÃO DE MATERIAL PERMANENTE COM FINALIDADE DE ATENDER SISTEMA DE IRRIGAÇÃO DO CAMPO ESPORTIVO SOB RESPONSABILIDADE DA SECRETARIA MUNICIPAL DE JUVENTUDE E ESPORTES";;;"Vencedor: VIGA COMERCIO E SERVICOS LTDA CPF/CNPJ: 24310582000170

Vencedor: VIGA COMERCIO E SERVICOS LTDA CPF/CNPJ: 24310582000170

Vencedor: VIGA COMERCIO E SERVICOS LTDA CPF/CNPJ: 24310582000170";
;"SECRETARIA MUNICIPAL DE DESENVOLVIMENTO RURAL";2026003359;"Dispensa de Licitação";2026;31/08/2026;31/08/2026;;;5.697,00;;Homologada;"AQUISIÇÃO IMEDIATA DE  DOIS SWITCHES GERENCIÁVEIS CADA QUAL COM NO MÍNIMO  PORTAS GIGABIT ETHERNET  MBPS E  PORTAS SFP INDEPENDENTES COM FUNCIONALIDADES DE CAMADA L GERENCIAMENTO POR INTERFACE WEB E LINHA DE COMANDO SUPORTE A VLAN QOS SNMP AGREGAÇÃO DE LINKS STPRSTPMSTP E ROTEAMENTO ESTÁTICO IPV EQUIVALENTE OU SUPERIOR AO INTELBRAS SG D MR L DESTINADOS À SUBSTITUIÇÃO DOS EQUIPAMENTOS DE REDE DANIFICADOS DA SECRETARIA MUNICIPAL DE AGRICULTURA E REGIÃO METROPOLITANA";;;"Vencedor: CENTRO NORTE BRASIL LTDA CPF/CNPJ: 5135260000198";
;"INSTITUTO DE PREVIDÊNCIA SOCIAL DO MUNICÍPIO DE PALMAS";2026003375;"Dispensa de Licitação";2026;31/08/2026;31/08/2026;;;58.800,00;;Homologada;"CONTRATAÇÃO DE EMPRESA ESPECIALIZADA PARA O FORNECIMENTO DE UM SISTEMA DE GESTÃO PÚBLICA  WEB SITE INSTITUCIONAL COM ENTREGA DE CÓDIGO FONTE HOSPEDAGEM E CHAT BOT";;;"Vencedor: HARD COMPUTING TECH SOLUTIONS LTDA CPF/CNPJ: 44636417000110

Vencedor: HARD COMPUTING TECH SOLUTIONS LTDA CPF/CNPJ: 44636417000110

Vencedor: HARD COMPUTING TECH SOLUTIONS LTDA CPF/CNPJ: 44636417000110";
;"SECRETARIA MUNICIPAL DE DESENVOLVIMENTO URBANO E SERVIÇOS REGIONAIS";2026002042;"Dispensa de Licitação";2026;28/08/2026;28/08/2026;;;65.270,00;;Homologada;"CONTRATAÇÃO DE EMPRESA ESPECIALIZADA PARA FORNECIMENTO DE SERVIDOR DE REDE TIPO TORRE";;;"Vencedor: AMS COMERCIO E EMPREENDIMENTOS LTDA CPF/CNPJ: 55775598000182";
;"FUNDO MUNICIPAL DE ASSISTÊNCIA SOCIAL";2026003827;"Dispensa de Licitação";2026;27/08/2026;27/08/2026;;;4.749,90;;Homologada;"O PRESENTE INSTRUMENTO TEM POR OBJETO A AQUISIÇÃO DE MATERIAIS PERMANENTES COMPREENDENDO ELETRODOMÉSTICOS E MOBILIÁRIO EM GERAL PARA COZINHACONFORME ESPECIFICAÇÕES QUANTITATIVOS E CONDIÇÕES ESTABELECIDAS NESTE DOCUMENTO A CONTRATAÇÃO DESTINASE À ESTRUTURAÇÃO AO APARELHAMENTO E AO PLENOFUNCIONAMENTO DO CENTRO DE REFERÊNCIA DE ASSISTÊNCIA SOCIAL  CRAS APINAJÉ SANTO AMARO VINCULADO À SECRETARIA MUNICIPAL DE DESENVOLVIMENTO SOCIAL DOMUNICIPAL DE PALMASTO";;;"Vencedor: NOSSO LAR LOJAS DE DEPARTAMENTOS LTDA CPF/CNPJ: 607587000100";
;"SECRETARIA MUNICIPAL DE DESENVOLVIMENTO RURAL";2026002437;"Dispensa de Licitação";2026;27/08/2026;;;;0,00;;"Aviso de Realização";"CONTRATAÇÃO DE EMPRESA ESPECIALIZADA PARA PRESTAÇÃO DE SERVIÇOS DE MANUTENÇÃO CORRETIVA COM FORNECIMENTO DE PEÇAS COMPONENTES INSUMOS E MÃO DE OBRA ESPECIALIZADA DESTINADOS AO RESTABELECIMENTO DAS CONDIÇÕES DEFUNCIONAMENTO DO VEÍCULO VOLKSWAGEN  X COR BRANCA PLACA QKM BEM COMO DOS TRATORES AGRÍCOLAS TRATOR X MODELO U Nº  E TRATOR X MODELO U Nº";;;;
;"SECRETARIA MUNICIPAL DE DESENVOLVIMENTO RURAL";2026002437;"Dispensa de Licitação";2026;26/08/2026;26/08/2026;;;63.807,70;;Homologada;"CONTRATAÇÃO DE EMPRESA ESPECIALIZADA PARA PRESTAÇÃO DE SERVIÇOS DE MANUTENÇÃO CORRETIVA COM FORNECIMENTO DE PEÇAS COMPONENTES INSUMOS E MÃO DE OBRA ESPECIALIZADA DESTINADOS AO RESTABELECIMENTO DAS CONDIÇÕES DE FUNCIONAMENTO DO VEÍCULO VOLKSWAGEN  X COR BRANCA PLACA QKM BEM COMO DOS TRATORES AGRÍCOLAS TRATOR X MODELO U Nº  E TRATOR X MODELO U Nº";;;"Vencedor: MR COMERCIO DE PECAS LTDA CPF/CNPJ: 4646962000173

Vencedor: MR COMERCIO DE PECAS LTDA CPF/CNPJ: 4646962000173

Vencedor: MR COMERCIO DE PECAS LTDA CPF/CNPJ: 4646962000173";
;"FUNDAÇÃO DE MEIO AMBIENTE DE PALMAS";2021053249;"Dispensa de Licitação";2026;26/08/2026;26/08/2026;;;25.567,45;;Homologada;"CONTRATAÇÃO DE INSTITUIÇÃO QUALIFICADA EM FORMAÇÃO TÉCNICOPROFISSIONAL PARA A EXECUÇÃO DO PROGRAMA PALMAS DO FUTURO A SER IMPLANTADO NO ÓRGÃOS PÚBLICOS DA ADMINISTRAÇÃO DIRETA E AUTÁRQUICA DO MUNICÍPIO DE PALMAS";;;"Vencedor: REDE NACIONAL DE APRENDIZAGEM, PROMOÇÃO SOCIAL E INTEGRAÇÃO CPF/CNPJ: 37381902000125";
;"SECRETARIA MUNICIPAL DE DESENVOLVIMENTO URBANO E SERVIÇOS REGIONAIS";2021053249;"Dispensa de Licitação";2026;26/08/2026;26/08/2026;;;15.870,99;;Homologada;"CONTRATAÇÃO DE INSTITUIÇÃO QUALIFICADA EM FORMAÇÃO TÉCNICOPROFISSIONAL PARA A EXECUÇÃO DO PROGRAMA PALMAS DO FUTURO A SER IMPLANTADO NO ÓRGÃOS PÚBLICOS DA ADMINISTRAÇÃO DIRETA E AUTÁRQUICA DO MUNICÍPIO DE PALMAS";;;"Vencedor: REDE NACIONAL DE APRENDIZAGEM, PROMOÇÃO SOCIAL E INTEGRAÇÃO CPF/CNPJ: 37381902000125";
;"SECRETARIA MUNICIPAL DE INFRAESTRUTURA E SERVIÇOS PÚBLICOS";2021053249;"Dispensa de Licitação";2026;26/08/2026;26/08/2026;;;3.408,55;;Homologada;"CONTRATAÇÃO DE INSTITUIÇÃO QUALIFICADA EM FORMAÇÃO TÉCNICOPROFISSIONAL PARA A EXECUÇÃO DO PROGRAMA PALMAS DO FUTURO A SER IMPLANTADO NO ÓRGÃOS PÚBLICOS DA ADMINISTRAÇÃO DIRETA E AUTÁRQUICA DO MUNICÍPIO DE PALMAS";;;"Vencedor: REDE NACIONAL DE APRENDIZAGEM, PROMOÇÃO SOCIAL E INTEGRAÇÃO CPF/CNPJ: 37381902000125";
;"SECRETARIA MUNICIPAL DE DESENVOLVIMENTO ECONÔMICO E EMPREGO";2021053249;"Dispensa de Licitação";2026;26/08/2026;26/08/2026;;;153.627,22;;Homologada;"CONTRATAÇÃO DE INSTITUIÇÃO QUALIFICADA EM FORMAÇÃO TÉCNICOPROFISSIONAL PARA A EXECUÇÃO DO PROGRAMA PALMAS DO FUTURO A SER IMPLANTADO NO ÓRGÃOS PÚBLICOS DA ADMINISTRAÇÃO DIRETA E AUTÁRQUICA DO MUNICÍPIO DE PALMAS";;;"Vencedor: REDE NACIONAL DE APRENDIZAGEM, PROMOÇÃO SOCIAL E INTEGRAÇÃO CPF/CNPJ: 37381902000125";
;"SECRETARIA MUNICIPAL DE DESENVOLVIMENTO URBANO E SERVIÇOS REGIONAIS";2026002504;"Dispensa de Licitação";2026;26/08/2026;26/08/2026;;;88.707,96;;Homologada;"CONTRATAÇÃO DE EMPRESA PARA SERIVÇOS DE OBRAS MANUTENÇÃO E REFORMA NA SEDE DA SEMPDU";;;"Vencedor: CONSTRUPLAC COM. MAT. CONSTRUÇÃO E SERVIÇO EIRELI CPF/CNPJ: 8639717000190

Vencedor: CONSTRUPLAC COM. MAT. CONSTRUÇÃO E SERVIÇO EIRELI CPF/CNPJ: 8639717000190

Vencedor: CONSTRUPLAC COM. MAT. CONSTRUÇÃO E SERVIÇO EIRELI CPF/CNPJ: 8639717000190

Vencedor: CONSTRUPLAC COM. MAT. CONSTRUÇÃO E SERVIÇO EIRELI CPF/CNPJ: 8639717000190

Vencedor: CONSTRUPLAC COM. MAT. CONSTRUÇÃO E SERVIÇO EIRELI CPF/CNPJ: 8639717000190";
;"FUNDO MUNICIPAL DE ASSISTÊNCIA SOCIAL";2026002837;"Dispensa de Licitação";2026;20/08/2026;20/08/2026;;;15.928,50;;Homologada;"AQUISIÇÃO DE MATERIAIS PERMANENTES COMPREENDENDO ELETRODOMÉSTICOS E MOBILIÁRIO EM GERAL PARA COZINHA";;;"Vencedor: NOSSO LAR LOJAS DE DEPARTAMENTOS LTDA CPF/CNPJ: 607587000100

Vencedor: NOSSO LAR LOJAS DE DEPARTAMENTOS LTDA CPF/CNPJ: 607587000100

Vencedor: NOSSO LAR LOJAS DE DEPARTAMENTOS LTDA CPF/CNPJ: 607587000100

Vencedor: NOSSO LAR LOJAS DE DEPARTAMENTOS LTDA CPF/CNPJ: 607587000100

Vencedor: NOSSO LAR LOJAS DE DEPARTAMENTOS LTDA CPF/CNPJ: 607587000100";
;"PROCURADORIA GERAL DO MUNICÍPIO DE PALMAS";2026003499;"Dispensa de Licitação";2026;20/08/2026;20/08/2026;;;35.700,00;;Homologada;"SERVIÇO DE BUFFET COFFEE BREAK";;;"Vencedor: CASA DO BENTO RESTAURANTE EIRELI CPF/CNPJ: 33784346000187";
;"SECRETARIA DO GABINETE DO PREFEITO";2026002971;"Dispensa de Licitação";2026;18/08/2026;18/08/2026;;;3.200,00;;Homologada;"CONTRATAÇÃO DE EMPRESA ESPECIALIZADA PARA DESMONTAGEM E MONTAGEM DE UM CONJUNTO DE ARQUIVOS DESLIZANTES DA GUARDA METROPOLITANA DE PALMAS";;;"Vencedor: AURA COMERCIO E SERVIÇOS LTDA CPF/CNPJ: 43412823000137";
;"FUNDO MUNICIPAL DE SAÚDE";2026002452;"Dispensa de Licitação";2026;17/08/2026;17/08/2026;;;46.081,50;;Homologada;"AQUISIÇÃO DE FÓRMULA LÁCTEA INFANTIL DESTINADA AO ATENDIMENTO DE CRIANÇAS LACTENTES";;;"Vencedor: 68.022.608 ELIANE MENDONCA LOUBACH CPF/CNPJ: 68022608000150

Vencedor: 68.022.608 ELIANE MENDONCA LOUBACH CPF/CNPJ: 68022608000150";
;"SECRETARIA MUNICIPAL DE DESENVOLVIMENTO RURAL";2026002745;"Dispensa de Licitação";2026;17/08/2026;17/08/2026;;;8.171,86;;Homologada;"CONTRATAÇÃO DE EMPRESA ESPECIALIZADA NA PRESTAÇÃO DE SERVIÇOS DE EMISSÃO E RENOVAÇÃO DE CERTIFICADOS DIGITAIS PADRÃO ICPBRASIL PARA PESSOA FÍSICA E PESSOA JURÍDICA DOS TIPOS A E A VISANDO ATENDER ÀS DEMANDAS QUE INTEGRAM A ESTRUTURA ADMINISTRATIVA DA SECRETARIA MUNICIPAL DE AGRICULTURA E REGIÃO METROPOLITANA";;;"Vencedor: CAMARA DE DIRIGENTES LEGISTAS DE PALMAS - CDL PALMAS CPF/CNPJ: 38132981000101

Vencedor: CAMARA DE DIRIGENTES LEGISTAS DE PALMAS - CDL PALMAS CPF/CNPJ: 38132981000101

Vencedor: CAMARA DE DIRIGENTES LEGISTAS DE PALMAS - CDL PALMAS CPF/CNPJ: 38132981000101

Vencedor: CAMARA DE DIRIGENTES LEGISTAS DE PALMAS - CDL PALMAS CPF/CNPJ: 38132981000101

Vencedor: CAMARA DE DIRIGENTES LEGISTAS DE PALMAS - CDL PALMAS CPF/CNPJ: 38132981000101";
;"SECRETARIA MUNICIPAL DE PROTEÇÃO E BEM-ESTAR ANIMAL";2026005152;"Dispensa de Licitação";2026;13/08/2026;;;;0,00;;"Aviso de Realização";"AQUISIÇÃO DE  UM ANALISADOR HEMATOLÓGICO VETERINÁRIO AUTOMÁTICO   DIFF VISANDO GARANTIR SUPORTE DIAGNÓSTICO CÉLERE E SEGURANÇA CLÍNICA NOS PROCEDIMENTOS DE ESTERILIZAÇÃO CIRÚRGICA REALIZADOS PELA SECRETARIA MUNICIPAL DE PROTEÇÃO E BEMESTAR ANIMAL SEBEM  NUP";;;;
;"SECRETARIA MUNICIPAL DE DESENVOLVIMENTO URBANO E SERVIÇOS REGIONAIS";2021053249;"Dispensa de Licitação";2026;06/08/2026;06/08/2026;;;25.567,45;;Homologada;"TRATAMSE DE DESPESAS DO EXERCÍCIO CORRENTE REFERENTES AO TERMO ADITIVO AO CONTRATOCONTRATAÇÃO DE INSTITUIÇÃO QUALIFICADA EM FORMAÇÃO TÉCNICOPROFISSIONAL PARA A EXECUÇÃO DO PROGRAMA PALMAS DO FUTURO A SER IMPLANTADO NO ÓRGÃOS PÚBLICOS DA ADMINISTRAÇÃO DIRETA E AUTÁRQUICA DO MUNICÍPIO DE PALMAS";;;"Vencedor: REDE NACIONAL DE APRENDIZAGEM, PROMOÇÃO SOCIAL E INTEGRAÇÃO CPF/CNPJ: 37381902000125";
;"SECRETARIA MUNICIPAL DE DESENVOLVIMENTO URBANO E SERVIÇOS REGIONAIS";2021053249;"Dispensa de Licitação";2026;06/08/2026;06/08/2026;;;15.870,99;;Homologada;"TRATAMSE DE DESPESAS DO EXERCÍCIO CORRENTE REFERENTES AO TERMO ADITIVO AO CONTRATOCONTRATAÇÃO DE INSTITUIÇÃO QUALIFICADA EM FORMAÇÃO TÉCNICOPROFISSIONAL PARA A EXECUÇÃO DO PROGRAMA PALMAS DO FUTURO A SER IMPLANTADO NO ÓRGÃOS PÚBLICOS DA ADMINISTRAÇÃO DIRETA E AUTÁRQUICA DO MUNICÍPIO DE PALMAS";;;"Vencedor: REDE NACIONAL DE APRENDIZAGEM, PROMOÇÃO SOCIAL E INTEGRAÇÃO CPF/CNPJ: 37381902000125";
;"SECRETARIA MUNICIPAL DE INFRAESTRUTURA E SERVIÇOS PÚBLICOS";2021053249;"Dispensa de Licitação";2026;06/08/2026;06/08/2026;;;3.408,55;;Homologada;"TRATAMSE DE DESPESAS DO EXERCÍCIO CORRENTE REFERENTES AO TERMO ADITIVO AO CONTRATOCONTRATAÇÃO DE INSTITUIÇÃO QUALIFICADA EM FORMAÇÃO TÉCNICOPROFISSIONAL PARA A EXECUÇÃO DO PROGRAMA PALMAS DO FUTURO A SER IMPLANTADO NO ÓRGÃOS PÚBLICOS DA ADMINISTRAÇÃO DIRETA E AUTÁRQUICA DO MUNICÍPIO DE PALMAS";;;"Vencedor: REDE NACIONAL DE APRENDIZAGEM, PROMOÇÃO SOCIAL E INTEGRAÇÃO CPF/CNPJ: 37381902000125";
;"SECRETARIA MUNICIPAL DE DESENVOLVIMENTO ECONÔMICO E EMPREGO";2021053249;"Dispensa de Licitação";2026;06/08/2026;06/08/2026;;;153.627,22;;Homologada;"TRATAMSE DE DESPESAS DO EXERCÍCIO CORRENTE REFERENTES AO TERMO ADITIVO AO CONTRATOCONTRATAÇÃO DE INSTITUIÇÃO QUALIFICADA EM FORMAÇÃO TÉCNICOPROFISSIONAL PARA A EXECUÇÃO DO PROGRAMA PALMAS DO FUTURO A SER IMPLANTADO NO ÓRGÃOS PÚBLICOS DA ADMINISTRAÇÃO DIRETA E AUTÁRQUICA DO MUNICÍPIO DE PALMAS";;;"Vencedor: REDE NACIONAL DE APRENDIZAGEM, PROMOÇÃO SOCIAL E INTEGRAÇÃO CPF/CNPJ: 37381902000125";
;"SECRETARIA MUNICIPAL DE DESENVOLVIMENTO ECONÔMICO E EMPREGO";2026001067;"Dispensa de Licitação";2026;05/08/2026;05/08/2026;;;55.119,30;;Homologada;"CONTRATAÇÃO DE EMPRESA ESPECIALIZADA NO FORNECIMENTO DE MATERIAIS DE LIMPEZA VISANDO ASSEGURAR O ABASTECIMENTO ADEQUADO DOS ITENS ESSENCIAIS AO PLENO FUNCIONAMENTO DAS ATIVIDADES INSTITUCIONAIS DA SECRETARIA MUNICIPAL DE DESENVOLVIMENTO ECONÔMICO E EMPREENDEDORISMO  SEDEEM ARCA DE TAQUARALTO E FEIRAS MUNICIPAIS";;;"Vencedor: D DOS REIS CAMARA CPF/CNPJ: 43267353000165

Vencedor: D DOS REIS CAMARA CPF/CNPJ: 43267353000165

Vencedor: D DOS REIS CAMARA CPF/CNPJ: 43267353000165

Vencedor: D DOS REIS CAMARA CPF/CNPJ: 43267353000165

Vencedor: D DOS REIS CAMARA CPF/CNPJ: 43267353000165";
;"Secretaria Municipal de Mobilidade e Transporte Público";2026002827;"Dispensa de Licitação";2026;05/08/2026;05/08/2026;;;61.200,00;;Homologada;"CONTRATAÇÃO DE EMPRESA ESPECIALIZADA NA PRESTAÇÃO DE SERVIÇOS DE DESMONTAGEM TRANSPORTE E MONTAGEM DE MOBILIÁRIOS DE ESCRITÓRIO E EQUIPAMENTOS COM OINTUITO DE ATENDER ÀS NECESSIDADES DA SECRETARIA MUNICIPAL DE MOBILIDADE E TRANSPORTE PÚBLICO";;;"Vencedor: GP COMERCIO DE MOVEIS LTDA CPF/CNPJ: 37924006000165";
;"FUNDO MUNICIPAL DE ASSISTÊNCIA SOCIAL";2025009626;"Dispensa de Licitação";2026;04/08/2026;04/08/2026;;;4.740,00;;Homologada;"AQUISIÇÃO DE FRALDAS DESCARTÁVEIS PEDIÁTRICAS E GERIÁTRICAS PARA ATENDER   AS   DEMANDAS   DA   SECRETARIA   MUNICIPAL   DE DESENVOLVIMENTO SOCIAL";;;"Vencedor: JB COMERCIAL DE MEDICAMENTOS LTDA CPF/CNPJ: 21399312000270

Vencedor: JB COMERCIAL DE MEDICAMENTOS LTDA CPF/CNPJ: 21399312000270";
;"SECRETARIA MUNICIPAL DE DESENVOLVIMENTO ECONÔMICO E EMPREGO";2026001067;"Dispensa de Licitação";2026;30/07/2026;;;;0,00;;"Aviso de Realização";"AQUISIÇÃO DE PRODUTOS DE LIMPEZA";;;;
;"SECRETARIA MUNICIPAL DE DESENVOLVIMENTO ECONÔMICO E EMPREGO";2026002831;"Dispensa de Licitação";2026;29/07/2026;29/07/2026;;;3.720,00;;Homologada;"CONTRATAÇÃO DE EMPRESA ESPECIALIZADA NO FORNECIMENTO DE GÁS LIQUEFEITO DE PETRÓLEO  GLP GÁS DE COZINHA P";;;"Vencedor: K G FERRAZ EIRELI CPF/CNPJ: 22460102000122";
;"SECRETARIA MUNICIPAL DE DESENVOLVIMENTO SOCIAL";2026000258;"Dispensa de Licitação";2026;29/07/2026;29/07/2026;;;273,00;;Homologada;"AQUISIÇÃO DE EXTINTORES  PARA ATENDER AS DEMANDAS DA SECRETARIA MUNICIPAL DE AÇÃO SOCIAL E DA MULHER";;;"Vencedor: EXTINSEG EQUIPAMENTOS DE SEGURANCA LTDA - ME CPF/CNPJ: 8737642000180";
;"CONTROLADORIA-GERAL DO MUNICÍPIO";2026000511;"Dispensa de Licitação";2026;27/07/2026;27/07/2026;;;1.018,66;;Homologada;"PRODUTOS DE LIMPEZA COPA COZINHA E GÊNEROS ALIMENTÍCIOS";;;"Vencedor: M GONÇALVES DE OLIVEIRA E CIA LTDA ME CPF/CNPJ: 21013566000128

Vencedor: M GONÇALVES DE OLIVEIRA E CIA LTDA ME CPF/CNPJ: 21013566000128

Vencedor: M GONÇALVES DE OLIVEIRA E CIA LTDA ME CPF/CNPJ: 21013566000128

Vencedor: M GONÇALVES DE OLIVEIRA E CIA LTDA ME CPF/CNPJ: 21013566000128

Vencedor: M GONÇALVES DE OLIVEIRA E CIA LTDA ME CPF/CNPJ: 21013566000128";
;"SECRETARIA MUNICIPAL DE ZELADORIA URBANA";2026002490;"Dispensa de Licitação";2026;27/07/2026;27/07/2026;;;62.400,00;;Homologada;"LOCAÇÃO DE PLACAS VIBRATÓRIAS";"Contrato 040/2026 Situação: Em Vigor";;"Vencedor: FH BRASIL LTDA CPF/CNPJ: 48283803000127";
;"SECRETARIA MUNICIPAL DE ZELADORIA URBANA";2026002475;"Dispensa de Licitação";2026;27/07/2026;27/07/2026;;;63.401,40;;Homologada;"AQUISIÇÃO DE REFLETORES LED E CABO PP PARA MANUTENÇÃO DO SISTEMA DE ILUMINAÇÃO PÚBLICA";"Contrato 039/2026 Situação: Em Vigor";;"Vencedor: TOCANTINS INSTALAÇÃO E MANUTENÇÃO PREDIAL EIRELI CPF/CNPJ: 2806785000110

Vencedor: TOCANTINS INSTALAÇÃO E MANUTENÇÃO PREDIAL EIRELI CPF/CNPJ: 2806785000110

Vencedor: TOCANTINS INSTALAÇÃO E MANUTENÇÃO PREDIAL EIRELI CPF/CNPJ: 2806785000110

Vencedor: TOCANTINS INSTALAÇÃO E MANUTENÇÃO PREDIAL EIRELI CPF/CNPJ: 2806785000110";
;"SECRETARIA MUNICIPAL DE PROTEÇÃO E BEM-ESTAR ANIMAL";2025008071;"Dispensa de Licitação";2026;23/07/2026;23/07/2026;;;3.823,00;;Homologada;"MATERIAIS PARA A CONTRATAÇÃO  DE  CLÍNICA  VETERINÁRIA ESPECIALIZADA PARA PRESTAÇÃO DE SERVIÇOS DE ATENDIMENTO MÉDICOVETERINÁRIO A CÃES E GATOS RESGATADOS PELA SECRETARIA MUNICIPAL DE PROTEÇÃO E BEMESTAR ANIMAL";;;"Vencedor: A. P. L. PEREIRA CPF/CNPJ: 20705548000144

Vencedor: A. P. L. PEREIRA CPF/CNPJ: 20705548000144

Vencedor: A. P. L. PEREIRA CPF/CNPJ: 20705548000144

Vencedor: A. P. L. PEREIRA CPF/CNPJ: 20705548000144";
;"SECRETARIA MUNICIPAL DE PROTEÇÃO E BEM-ESTAR ANIMAL";2025008071;"Dispensa de Licitação";2026;22/07/2026;22/07/2026;;;40.970,00;;Homologada;"CONTRATAÇÃO DE CLINICA VETERINÁRIA PARA PRESTAÇÃO DE SERVIÇO DE MEDICO VETERINÁRIO NUP";;;"Vencedor: A. P. L. PEREIRA CPF/CNPJ: 20705548000144

Vencedor: A. P. L. PEREIRA CPF/CNPJ: 20705548000144

Vencedor: A. P. L. PEREIRA CPF/CNPJ: 20705548000144

Vencedor: A. P. L. PEREIRA CPF/CNPJ: 20705548000144

Vencedor: A. P. L. PEREIRA CPF/CNPJ: 20705548000144";
;"CONTROLADORIA-GERAL DO MUNICÍPIO";2026000511;"Dispensa de Licitação";2026;22/07/2026;22/07/2026;;;4.123,71;;Homologada;"PRODUTOS DE LIMPEZA COPA COZINHA E GÊNEROS ALIMENTÍCIOS";;;"Vencedor: PUJANÇA COMERCIO E SERVIÇOS LTDA CPF/CNPJ: 49450180000100

Vencedor: PUJANÇA COMERCIO E SERVIÇOS LTDA CPF/CNPJ: 49450180000100

Vencedor: PUJANÇA COMERCIO E SERVIÇOS LTDA CPF/CNPJ: 49450180000100

Vencedor: PUJANÇA COMERCIO E SERVIÇOS LTDA CPF/CNPJ: 49450180000100

Vencedor: PUJANÇA COMERCIO E SERVIÇOS LTDA CPF/CNPJ: 49450180000100";
;"FUNDO MUNICIPAL DE SAÚDE";2026002452;"Dispensa de Licitação";2026;22/07/2026;18/08/2026;;;46.081,50;;Homologada;"CONSTITUI OBJETO DA PRESENTE CONTRATAÇÃO A AQUISIÇÃO DE FÓRMULA LÁCTEA INFANTIL DESTINADA AO ATENDIMENTO DE CRIANÇAS LACTENTES DE  A  MESES EXPOSTAS AO HIV E AO HTLV ACOMPANHADAS PELO NÚCLEO DE ASSISTÊNCIA HENFIL DA SECRETARIA MUNICIPAL DE SAÚDE DE PALMAS  TO";;;"Vencedor: MAX PRODUTOS HOSPITALARES LTDA CPF/CNPJ: 17099395000124

Vencedor: 68.022.608 ELIANE MENDONCA LOUBACH CPF/CNPJ: 68022608000150";
;"CONTROLADORIA-GERAL DO MUNICÍPIO";2026000511;"Dispensa de Licitação";2026;21/07/2026;22/07/2026;;;4.123,71;;Homologada;"PRODUTOS DE LIMPEZA COPA COZINHA E GÊNEROS ALIMENTÍCIOS";;;"Vencedor: PUJANÇA COMERCIO E SERVIÇOS LTDA CPF/CNPJ: 49450180000100

Vencedor: PUJANÇA COMERCIO E SERVIÇOS LTDA CPF/CNPJ: 49450180000100

Vencedor: PUJANÇA COMERCIO E SERVIÇOS LTDA CPF/CNPJ: 49450180000100

Vencedor: PUJANÇA COMERCIO E SERVIÇOS LTDA CPF/CNPJ: 49450180000100

Vencedor: PUJANÇA COMERCIO E SERVIÇOS LTDA CPF/CNPJ: 49450180000100";
;"SECRETARIA DO GABINETE DO PREFEITO";2026001310;"Dispensa de Licitação";2026;20/07/2026;20/07/2026;;;509.843,12;;Homologada;"CONTRATAÇÃO EMERGENCIAL DE EMPRESA ESPECIALIZADA DE ENGENHARIA PARA A EXECUÇÃO DE SERVIÇOS DE REPARO E RECUPERAÇÃO CORRETIVA DE EDIFICAÇÕES RESIDENCIAIS DANIFICADAS PELO VENDAVAL OCORRIDO EM  DE JANEIRO DE  NO MUNICÍPIO DE PALMAS CONFORME SITUAÇÃO DE EMERGÊNCIA DECLARADA PELO DECRETO MUNICIPAL NO  DE  DE JANEIRO DE";;;"Vencedor: FG SERVICOS E COMERCIO LTDA CPF/CNPJ: 33324709000100";
;"SECRETARIA MUNICIPAL DA EDUCAÇÃO";2026003218;"Dispensa de Licitação";2026;20/07/2026;20/07/2026;;;65.185,78;;Homologada;"CONTRATAÇÃO DE EMPRESA ESPECIALIZADA NA PRESTAÇÃO DE SERVIÇOS DE INSTALAÇÃO DE SISTEMA ELETROMAGNÉTICO PARA CONTROLE DE POMBOS COLUMBA LIVIACOMPREENDENDO O FORNECIMENTO INTEGRAL DE TODOS OS EQUIPAMENTOS COMPONENTES MATERIAIS E MÃO DE OBRA NECESSÁRIOS À INSTALAÇÃO DO REFERIDO SISTEMA NAESCOLA MUNICIPAL DE TEMPO INTEGRAL CAROLINE CAMPELO CRUZ DA SILVA LOCALIZADA NA RUA SF  APM  SETOR SANTA FÉ II PALMASTO";"Contrato 222026/2026 Situação: Em Vigor";;"Vencedor: INSET MASTER BRASIL LTDA CPF/CNPJ: 19827650000133";
;"SECRETARIA DO GABINETE DO PREFEITO";2025008139;"Dispensa de Licitação";2026;20/07/2026;20/07/2026;;;5.530,00;;Homologada;"CONTRATAÇÃO DE EMPRESA ESPECIALIZADA VISANDO A AQUISIÇÃO DE ELETRODOMÉSTICOS DIVERSIFICADOS DESTINADOS A EQUIPAR AS DEPENDÊNCIAS DO PAÇO MUNICIPAL DE PALMAS";"Contrato 063/2026 Situação: Em Vigor";;"Vencedor: VICTORIA COMERCIO, SERVIÇOS E SOLUÇÕES INTELIGENTES LTDA CPF/CNPJ: 39838935000187

Vencedor: VICTORIA COMERCIO, SERVIÇOS E SOLUÇÕES INTELIGENTES LTDA CPF/CNPJ: 39838935000187

Vencedor: VICTORIA COMERCIO, SERVIÇOS E SOLUÇÕES INTELIGENTES LTDA CPF/CNPJ: 39838935000187

Vencedor: VICTORIA COMERCIO, SERVIÇOS E SOLUÇÕES INTELIGENTES LTDA CPF/CNPJ: 39838935000187";
;"FUNDAÇÃO DE MEIO AMBIENTE DE PALMAS";2026003090;"Dispensa de Licitação";2026;17/07/2026;17/07/2026;;;364,19;;Homologada;"AQUISIÇÃO DE MATERIAIS ELÉTRICOS POR MEIO DE CONTRATAÇÃO DE EMPRESA ESPECIALIZADA PARA ATENDER ÀS NECESSIDADES DE ADEQUAÇÃO MANUTENÇÃO E EQUIPAGEM DA ESTRUTURA ELÉTRICA DO VEÍCULOCASA UTILIZADO PELA FUNDAÇÃO MUNICIPAL DE MEIO AMBIENTE DE PALMAS NAS ATIVIDADES DE EDUCAÇÃO AMBIENTAL";;;"Vencedor: PAPELARIA MODERNA LTDA CPF/CNPJ: 7410578000165

Vencedor: PAPELARIA MODERNA LTDA CPF/CNPJ: 7410578000165

Vencedor: PAPELARIA MODERNA LTDA CPF/CNPJ: 7410578000165

Vencedor: PAPELARIA MODERNA LTDA CPF/CNPJ: 7410578000165

Vencedor: PAPELARIA MODERNA LTDA CPF/CNPJ: 7410578000165";
;"SECRETARIA MUNICIPAL DE JUVENTUDE E ESPORTES";2026002036;"Dispensa de Licitação";2026;17/07/2026;17/07/2026;;;63.697,00;;Homologada;"AQUISIÇÃO DE MATERIAIS ESPORTIVOS UNIFORMES E VESTUÁRIOS ITENS DE PREMIAÇÃO ESTRUTURAS METÁLICAS PARA QUADRAS E CAMPOS VISANDO ATENDER ÀS DEMANDAS DASECRETARIA MUNICIPAL DE JUVENTUDE E ESPORTES";;;"Vencedor: SR SPORTS COMERCIO DE ARTIGOS ESPORTIVOS LTDA CPF/CNPJ: 11170630000120

Vencedor: SR SPORTS COMERCIO DE ARTIGOS ESPORTIVOS LTDA CPF/CNPJ: 11170630000120

Vencedor: SR SPORTS COMERCIO DE ARTIGOS ESPORTIVOS LTDA CPF/CNPJ: 11170630000120

Vencedor: SR SPORTS COMERCIO DE ARTIGOS ESPORTIVOS LTDA CPF/CNPJ: 11170630000120

Vencedor: SR SPORTS COMERCIO DE ARTIGOS ESPORTIVOS LTDA CPF/CNPJ: 11170630000120";
;"FUNDO MUNICIPAL DE SAÚDE";2026000981;"Dispensa de Licitação";2026;17/07/2026;17/07/2026;;;10.402,56;;Homologada;"AQUISIÇÃO DO MEDICAMENTO IMIQUIMODE MGG PARA ATENDIMENTO DA DEMANDA JUDICIAL DOS AUTOS Nº TO PROCESSO NUP";;;"Vencedor: JB COMERCIAL DE MEDICAMENTOS LTDA CPF/CNPJ: 21399312000270";
;"SECRETARIA MUNICIPAL DE TURISMO";2025008619;"Dispensa de Licitação";2026;16/07/2026;16/07/2026;;;3.476,34;;Homologada;"ÓRGÃO PARTICIPANTE DA DISPENSA ELETRÔNICA PARA REGISTRO DE PREÇOS Nº SECRETARIA MUNICIPAL DE TURISMO JUVENTUDE E ESPORTES";;;"Vencedor: R/C CARTUCHOS, INFORMATICA E PAPELARIA LTDA CPF/CNPJ: 6015659000106

Vencedor: R/C CARTUCHOS, INFORMATICA E PAPELARIA LTDA CPF/CNPJ: 6015659000106

Vencedor: R/C CARTUCHOS, INFORMATICA E PAPELARIA LTDA CPF/CNPJ: 6015659000106

Vencedor: R/C CARTUCHOS, INFORMATICA E PAPELARIA LTDA CPF/CNPJ: 6015659000106

Vencedor: R/C CARTUCHOS, INFORMATICA E PAPELARIA LTDA CPF/CNPJ: 6015659000106";
;"INSTITUTO DE PREVIDÊNCIA SOCIAL DO MUNICÍPIO DE PALMAS";2026002591;"Dispensa de Licitação";2026;15/07/2026;15/07/2026;;;5.000,00;;Homologada;"CONTRATAÇÃO DE EMPRESA ESPECIALIZADA PARA REALIZAÇÃO DE PALESTRA";;;"Vencedor: OMARKETIG CONSULTORIA LTDA CPF/CNPJ: 5405652000120";
;"SECRETARIA DO GABINETE DO PREFEITO";2026001310;"Dispensa de Licitação";2026;15/07/2026;15/07/2026;;;781.670,39;;Homologada;"CONTRATAÇÃO EMERGENCIAL DE EMPRESA ESPECIALIZADA DE ENGENHARIA PARA A  EXECUÇÃO  DE    SERVIÇOS  DE  REPARO  E  RECUPERAÇÃO  CORRETIVA  DE  EDIFICAÇÕES RESIDENCIAIS    DANIFICADAS  PELO  VENDAVAL  OCORRIDO  EM    DE  JANEIRO  DE    NO MUNICÍPIO DE PALMAS CONFORME SITUAÇÃO DE EMERGÊNCIA DECLARADA PELO DECRETO MUNICIPAL NO  DE  DE JANEIRO DE";;;"Vencedor: FG SERVICOS E COMERCIO LTDA CPF/CNPJ: 33324709000100";
;"SECRETARIA MUNICIPAL DA EDUCAÇÃO";2026002698;"Dispensa de Licitação";2026;15/07/2026;15/07/2026;;;25.000,00;;Homologada;"CONTRATAÇÃO DE EMPRESA PARA PRESTAÇÃO DE SERVIÇOS DE FORNECIMENTO DE REFEIÇÕES PRONTAS COMPREENDENDO ALMOÇO E LANCHE DESTINADOS AOS SERVIDORES";;;"Vencedor: 66.430.386 JOAO EDUARDO STENGLEIN PINHEIRO CPF/CNPJ: 66430386000180

Vencedor: 66.430.386 JOAO EDUARDO STENGLEIN PINHEIRO CPF/CNPJ: 66430386000180";
;"SECRETARIA MUNICIPAL DE DESENVOLVIMENTO ECONÔMICO E EMPREGO";2025004176;"Dispensa de Licitação";2026;10/07/2026;10/07/2026;;;3.406,50;;Homologada;"AQUISIÇÃO DE DE ÁGUA MINERAL NUP";;;"Vencedor: PUJANÇA COMERCIO E SERVIÇOS LTDA CPF/CNPJ: 49450180000100

Vencedor: JM BRAGA COMERCIAL BRILHANTE CPF/CNPJ: 37010127000100

Vencedor: JM BRAGA COMERCIAL BRILHANTE CPF/CNPJ: 37010127000100";
;"FUNDO MUNICIPAL DE ASSISTÊNCIA SOCIAL";2026000258;"Dispensa de Licitação";2026;08/07/2026;08/07/2026;;;5.575,00;;Homologada;"AQUISIÇÃO DE EXTINTORES E RECARGA PLACAS DE SINALIZAÇÃO SERVIÇOS DE MANUTENÇÃO PARA ATENDER AS DEMANDAS DA SECRETARIA DE AÇÃO SOCIAL E DA MULHER DOMUNICIPIO DE PALMAS";;;"Vencedor: EXTINSEG EQUIPAMENTOS DE SEGURANCA LTDA - ME CPF/CNPJ: 8737642000180

Vencedor: EXTINSEG EQUIPAMENTOS DE SEGURANCA LTDA - ME CPF/CNPJ: 8737642000180

Vencedor: EXTINSEG EQUIPAMENTOS DE SEGURANCA LTDA - ME CPF/CNPJ: 8737642000180

Vencedor: EXTINSEG EQUIPAMENTOS DE SEGURANCA LTDA - ME CPF/CNPJ: 8737642000180

Vencedor: EXTINSEG EQUIPAMENTOS DE SEGURANCA LTDA - ME CPF/CNPJ: 8737642000180";
;"FUNDO MUNICIPAL DE SAÚDE";2026002159;"Dispensa de Licitação";2026;03/07/2026;03/07/2026;;;880,00;;Homologada;"CONTRATAÇAO DE EMPRESA ESPECIALIZADA NA REALIZAÇÃO EXAME DE ESPIROMETRIA E CONSULTA ENDOCRINOLOGIA PEDIÁTRICA PARA ATENDER A DECISÃO JUDICIALPROCEDIMENTO COMUM INFÂNCIA E JUVENTUDE Nº  NUP";;;"Vencedor: NG SERVICOS MEDICOS LTDA CPF/CNPJ: 26707714000128

Vencedor:  CENTRO DE DIAGNOSTICO CARDIOLOGICO DO TOCANTINS CPF/CNPJ: 15562590000113";
;"FUNDO MUNICIPAL DE SAÚDE";2026001690;"Dispensa de Licitação";2026;02/07/2026;02/07/2026;;;260,00;;Homologada;"CONTRATAÇÃO DE EMPRESA ESPECIALIZADA NA REALIZAÇÃO DE EXAME HOLTERHORAS PARA ATENDIMENTO DA DEMANDA JUDICIAL DOS AUTOS Nº TO NUP";;;"Vencedor: INSTITUTO DO CORAÇÃO LTDA - EPP CPF/CNPJ: 4292026000101";
;"FUNDO MUNICIPAL DE SAÚDE";2026000783;"Dispensa de Licitação";2026;01/07/2026;01/07/2026;;;401,76;;Homologada;"CUMPRIMENTO DE SENTENÇA    CHAVE";;;"Vencedor: SECRETARIA MUNICIPAL DE SAÚDE DE PALMAS - TO CPF/CNPJ: 24851511002714

Vencedor: SECRETARIA MUNICIPAL DE SAÚDE DE PALMAS - TO CPF/CNPJ: 24851511002714";
;"FUNDO MUNICIPAL DE SAÚDE";2023066257;"Dispensa de Licitação";2026;30/06/2026;;;;0,00;;"Aviso de Realização";"CONTRATAÇÃO  DE  MATERIAIS  DE  CONSTRUÇÃO  E  ELÉTRICOS  VISANDO  SUPRIR  DEMANDAS  EM  EQUIPAMENTOS  PÚBLICOS  NO  MUNICÍPIO  DE  PALMAS    TOATENÇÃO PRIMARIANUP";;;;
;"AGENCIA DE REGULACAO, CONTROLE E FISCALIZACAO DE SERVICOS PUBLICOS DE PALMAS";2026002753;"Dispensa de Licitação";2026;30/06/2026;30/06/2026;;;4.311,50;;Homologada;"AQUISIÇÃO DE MATERIAIS PERMANENTES COMPREENDENDO VENTILADORES DE COLUNA E FRIGOBARES BEM COMO DE MATERIAL DE CONSUMO CONSISTENTE EM FONES DE OUVIDO TIPO HEADSET COM MICROFONE";;;"Vencedor: M GONÇALVES DE OLIVEIRA E CIA LTDA ME CPF/CNPJ: 21013566000128

Vencedor: M GONÇALVES DE OLIVEIRA E CIA LTDA ME CPF/CNPJ: 21013566000128

Vencedor: M GONÇALVES DE OLIVEIRA E CIA LTDA ME CPF/CNPJ: 21013566000128";
;"FUNDO MUNICIPAL DE ASSISTÊNCIA SOCIAL";2026001272;"Dispensa de Licitação";2026;26/06/2026;26/06/2026;;;4.411,17;;Homologada;"AQUISIÇÃO DE KITS DE PRIMEIROS SOCORROS COMPLETOS BEM COMO INSUMOS PARA REPOSIÇÃO DESTINADOS AOS EQUIPAMENTOS DA PROTEÇÃO SOCIAL ESPECIAL DE ALTA EMÉDIA COMPLEXIDADES VINCULADAS A ESTA SUPERINTENDÊNCIA VISANDO ATENDIMENTO IMEDIATO EM CASOS DE ACIDENTES OU EMERGÊNCIAS ENVOLVENDO SERVIDORESUSUÁRIOS E PÚBLICO ATENDIDO NAS UNIDADES SOCIOASSISTENCIAIS";;;"Vencedor: JB COMERCIAL DE MEDICAMENTOS EIRELI -ME  CPF/CNPJ: 21399312000190";
;"AGENCIA DE REGULACAO, CONTROLE E FISCALIZACAO DE SERVICOS PUBLICOS DE PALMAS";2026002692;"Dispensa de Licitação";2026;26/06/2026;30/06/2026;;;10.370,25;;Homologada;"AQUISIÇÃO DE EQUIPAMENTOS DE PROTEÇÃO INDIVIDUAL E MATERIAIS DE APOIO";;;"Vencedor: M GONÇALVES DE OLIVEIRA E CIA LTDA ME CPF/CNPJ: 21013566000128

Vencedor: M GONÇALVES DE OLIVEIRA E CIA LTDA ME CPF/CNPJ: 21013566000128

Vencedor: M GONÇALVES DE OLIVEIRA E CIA LTDA ME CPF/CNPJ: 21013566000128

Vencedor: M GONÇALVES DE OLIVEIRA E CIA LTDA ME CPF/CNPJ: 21013566000128

Vencedor: M GONÇALVES DE OLIVEIRA E CIA LTDA ME CPF/CNPJ: 21013566000128";
;"SECRETARIA MUNICIPAL DE PLANEJAMENTO E DESENVOLVIMENTO HUMANO";2026002572;"Dispensa de Licitação";2026;25/06/2026;25/06/2026;;;63.690,00;;Homologada;"CONTRATAÇÃO DE EMPRESA ESPECIALIZADA NA PRESTAÇÃO DE SERVIÇOS DE FORNECIMENTO DE REFEIÇÕES PRONTAS MARMITEX LANCHES E COFFE BREAK DESTINADOS A SUPRIR AS NECESSIDADES DA SECRETARIA DE PLANEJAMENTO E GESTÃO";;;"Vencedor: CASA DO BENTO RESTAURANTE EIRELI CPF/CNPJ: 33784346000187

Vencedor: CASA DO BENTO RESTAURANTE EIRELI CPF/CNPJ: 33784346000187

Vencedor: CASA DO BENTO RESTAURANTE EIRELI CPF/CNPJ: 33784346000187";
;"FUNDAÇÃO DE MEIO AMBIENTE DE PALMAS";2026002309;"Dispensa de Licitação";2026;25/06/2026;;;;0,00;;Homologada;"CERTIFICADO DIGITAL DO TIPO ECNPJ";;;;
;"FUNDO MUNICIPAL DE SAÚDE";2026002846;"Dispensa de Licitação";2026;24/06/2026;24/06/2026;;;10.700,00;;Homologada;"CONTRATAÇÃO DE EMPRESA ESPECIALIZADA PARA PRESTAÇÃO DE SERVIÇOS DE TRANSPORTE DE  UMA UNIDADE ODONTOLÓGICA MÓVEL UOM E  UM REBOQUE DOADAS PELA PREFEITURA DO MUNICÍPIO DE SOROCABASÃO PAULO A SECRETARIA MUNICIPAL DE SAÚDE DE PALMASTO MEDIANTE UTILIZAÇÃO DE VEÍCULO DO TIPO PRANCHA GUINCHO PLATAFORMA OU EQUIVALENTE ADEQUADO AO TRANSPORTE DE VEÍCULOS INOPERANTES PARA ATENDER A REDE MUNICIPAL DE SAÚDE";;;"Vencedor: TRANS BR TRANSPORTES EIRELI - ME CPF/CNPJ: 28737796000189";
;"SECRETARIA MUNICIPAL DA FAZENDA E TRANSFORMAÇÃO DIGITAL";2026000206;"Dispensa de Licitação";2026;23/06/2026;23/06/2026;;;14.382,00;;Homologada;"PRESTAÇÃO DE SERVIÇOS DE CHAVEIRO";;;"Vencedor: PALMAS CHAVES SERVIÇO LTDA CPF/CNPJ: 2485653000133

Vencedor: PALMAS CHAVES SERVIÇO LTDA CPF/CNPJ: 2485653000133

Vencedor: PALMAS CHAVES SERVIÇO LTDA CPF/CNPJ: 2485653000133

Vencedor: PALMAS CHAVES SERVIÇO LTDA CPF/CNPJ: 2485653000133

Vencedor: PALMAS CHAVES SERVIÇO LTDA CPF/CNPJ: 2485653000133";
;"SECRETARIA MUNICIPAL DE PROTEÇÃO E BEM-ESTAR ANIMAL";2026001924;"Dispensa de Licitação";2026;22/06/2026;22/06/2026;;;64.803,10;;Homologada;"RAÇÃO  PARA DISTRIBUIÇÃO GRATUITA AÇÃO  E PROGRAMAS DA SECRETARIA";;;"Vencedor: ANDRASCHKO E ANDRASCHKO LTDA CPF/CNPJ: 28326512000161

Vencedor: ANDRASCHKO E ANDRASCHKO LTDA CPF/CNPJ: 28326512000161";
;"FUNDO MUNICIPAL DE SAÚDE";202600780;"Dispensa de Licitação";2026;18/06/2026;18/06/2026;;;700,00;;Homologada;"CONTRATAÇÃO DE EMPRESA ESPECIALIZADA PARA A REALIZAÇÃO DO PROCEDIMENTO CONSULTA EM ENDOCRINOLOGIA PEDIÁTRICA  VISANDO AO CUMPRIMENTO DA DECISÃOJUDICIAL PROFERIDA NOS  AUTOS Nº TO  NUP EPALMAS";;;"Vencedor: NG SERVICOS MEDICOS LTDA CPF/CNPJ: 26707714000128";
;"SECRETARIA MUNICIPAL DE DESENVOLVIMENTO SOCIAL";2026000258;"Dispensa de Licitação";2026;18/06/2026;18/06/2026;;;239,40;;Homologada;"AQUISIÇÃO DE EXTINTORES E RECARGA PLACAS DE SINALIZAÇÃO SERVIÇOS DE MANUTENÇÃO PARA ATENDER AS DEMANDAS DA SECRETARIA MUNICIPAL DE DESENVOLVIMENTOSOCIAL";;;"Vencedor: PUJANÇA COMERCIO E SERVIÇOS LTDA CPF/CNPJ: 49450180000100";
;"SECRETARIA MUNICIPAL DE PLANEJAMENTO E DESENVOLVIMENTO HUMANO";2025007625;"Dispensa de Licitação";2026;17/06/2026;;;;0,00;;Homologada;"CONTRATAÇÃO DE EMPRESA ESPECIALIZADA NA PRESTAÇÃO DO SERVIÇO DE EMISSÃO DO CERTIFICADO DIGITAL PADRÃO ICP  BRASIL VISANDO ATENDER AS DEMANDAS QUE INTEGRAM A ESTRUTURA ADMINISTRATIVA DA SECRETARIA MUNICIPAL DE PLANEJAMENTO E GESTÃO";;;;
;"FUNDAÇÃO CULTURAL DE PALMAS";2026002247;"Dispensa de Licitação";2026;17/06/2026;18/06/2026;;;62.864,80;;Homologada;"CONTRATAÇÃO DE EMPRESA ESPECIALIZADA NO FORNECIMENTO DE MATERIAIS DE EXPEDIENTE E MATERIAIS PEDAGÓGICOS DESTINADOS A ATENDER ÀS NECESSIDADES ADMINISTRATIVAS OPERACIONAIS E ÀS ATIVIDADES EDUCATIVAS E FORMATIVAS DA FUNDAÇÃO CULTURAL E DO CENTRO DE CRIATIVIDADE";;;"Vencedor: JAB COMERCIO ATACADISTA SUL LTDA CPF/CNPJ: 55078832000112

Vencedor: JAB COMERCIO ATACADISTA SUL LTDA CPF/CNPJ: 55078832000112

Vencedor: JAB COMERCIO ATACADISTA SUL LTDA CPF/CNPJ: 55078832000112

Vencedor: JAB COMERCIO ATACADISTA SUL LTDA CPF/CNPJ: 55078832000112

Vencedor: JAB COMERCIO ATACADISTA SUL LTDA CPF/CNPJ: 55078832000112";
;"FUNDAÇÃO CULTURAL DE PALMAS";2026002378;"Dispensa de Licitação";2026;17/06/2026;17/06/2026;;;65.211,00;;Homologada;"CONTRATAÇÃO DE EMPRESA PARA AQUISIÇÃO DE AR CONDICIONADO";;;"Vencedor: MC COMERCIO E SERVIÇOS LTDA. CPF/CNPJ: 44159254000122";
;"SECRETARIA DO GABINETE DO PREFEITO";2026002423;"Dispensa de Licitação";2026;15/06/2026;15/06/2026;;;694.208,58;;Homologada;"AQUISIÇÃO DE KITS HUMANITÁRIOS COMPOSTOS POR KIT CESTA BÁSICA KIT LIMPEZA KIT HIGIENE FAMILIAR E KIT HIGIENE FEMININO DESTINADOS AO ATENDIMENTO DE FAMÍLIAS EMSITUAÇÃO DE VULNERABILIDADE TEMPORÁRIA DECORRENTE DO VENDAVAL OCORRIDO EM  DE JANEIRO DE  NO MUNICÍPIO DE PALMASTO CONFORME SITUAÇÃO DEEMERGÊNCIA DECLARADA PELO DECRETO Nº  DE  DE JANEIRO DE";;;"Vencedor: A L DISTRIBUIDORA LTDA CPF/CNPJ: 44579656000186

Vencedor: BKS DISTRIBUIDORA E SERVICOS - LTDA CPF/CNPJ: 59745964000101

Vencedor: BKS DISTRIBUIDORA E SERVICOS - LTDA CPF/CNPJ: 59745964000101

Vencedor: BKS DISTRIBUIDORA E SERVICOS - LTDA CPF/CNPJ: 59745964000101";
;"FUNDO MUNICIPAL DE SAÚDE";2021023588;"Dispensa de Licitação";2026;12/06/2026;12/06/2026;;;53.235,19;;Homologada;"FORNECIMENTO DE ENERGIA ELÉTRICAREF ABRIL VENCIMENTO ESPECIALIZADA";;;"Vencedor: ENERGISA TOCANTINS - DISTRIBUIDORA DE ENERGISA S/A CPF/CNPJ: 25086034000171";
;"FUNDO MUNICIPAL DE SAÚDE";2021023588;"Dispensa de Licitação";2026;12/06/2026;12/06/2026;;;44.061,98;;Homologada;"FORNECIMENTO DE ENERGIA ELÉTRICAREF ABRIL VENCIMENTO VIGILÂNCIA";;;"Vencedor: ENERGISA TOCANTINS - DISTRIBUIDORA DE ENERGISA S/A CPF/CNPJ: 25086034000171";
;"FUNDO MUNICIPAL DE SAÚDE";2021023588;"Dispensa de Licitação";2026;12/06/2026;12/06/2026;;;209.019,37;;Homologada;"FORNECIMENTO DE ENERGIA ELÉTRICAREF ABRIL DE  VENCIMENTO ATENÇÃO PRIMARIANUP";;;"Vencedor: ENERGISA TOCANTINS - DISTRIBUIDORA DE ENERGISA S/A CPF/CNPJ: 25086034000171";
;"FUNDAÇÃO CULTURAL DE PALMAS";2026002610;"Dispensa de Licitação";2026;12/06/2026;12/06/2026;;;37.703,00;;Homologada;"AQUISIÇÃO DE AGUA E GELO PARA ATENDER AS DEMANDAS DAS FUNDAÇÃO CULTURAL DE PALMAS";;;"Vencedor: KATIA CARDOSO DOS SANTOS-ME CPF/CNPJ: 21279447000111

Vencedor: KATIA CARDOSO DOS SANTOS-ME CPF/CNPJ: 21279447000111

Vencedor: KATIA CARDOSO DOS SANTOS-ME CPF/CNPJ: 21279447000111

Vencedor: KATIA CARDOSO DOS SANTOS-ME CPF/CNPJ: 21279447000111

Vencedor: KATIA CARDOSO DOS SANTOS-ME CPF/CNPJ: 21279447000111";
;"FUNDAÇÃO CULTURAL DE PALMAS";2026002384;"Dispensa de Licitação";2026;11/06/2026;11/06/2026;;;55.342,76;;Homologada;"CONTRATAÇÃO DE FORNECEDOR POR DISPENSA DE LICITAÇÃO PARA AQUISIÇÃO DE MATERIAL DE CONSUMO GÊNEROS ALIMENTÍCIOS E PRODUTOS DE CONVENIÊNCIA PARA FINS DE COMERCIALIZAÇÃO E REPOSIÇÃO DE ESTOQUE DA BOMBONIERE DO CINE CULTURA  SALA SINHOZINHO  FUNDAÇÃO CULTURAL DE PALMAS";;;"Vencedor: KATIA CARDOSO DOS SANTOS-ME CPF/CNPJ: 21279447000111

Vencedor: KATIA CARDOSO DOS SANTOS-ME CPF/CNPJ: 21279447000111

Vencedor: KATIA CARDOSO DOS SANTOS-ME CPF/CNPJ: 21279447000111

Vencedor: KATIA CARDOSO DOS SANTOS-ME CPF/CNPJ: 21279447000111

Vencedor: KATIA CARDOSO DOS SANTOS-ME CPF/CNPJ: 21279447000111";
;"SECRETARIA MUNICIPAL DE INFRAESTRUTURA E SERVIÇOS PÚBLICOS";2026002517;"Dispensa de Licitação";2026;10/06/2026;10/06/2026;;;65.306,54;;Homologada;"AQUISIÇÃO DE MATERIAIS DE LIMPEZA E HIGIENE";;;"Vencedor: M GONÇALVES DE OLIVEIRA E CIA LTDA ME CPF/CNPJ: 21013566000128

Vencedor: M GONÇALVES DE OLIVEIRA E CIA LTDA ME CPF/CNPJ: 21013566000128

Vencedor: M GONÇALVES DE OLIVEIRA E CIA LTDA ME CPF/CNPJ: 21013566000128

Vencedor: M GONÇALVES DE OLIVEIRA E CIA LTDA ME CPF/CNPJ: 21013566000128

Vencedor: M GONÇALVES DE OLIVEIRA E CIA LTDA ME CPF/CNPJ: 21013566000128";
;"SECRETARIA DO GABINETE DO PREFEITO";2026002112;"Dispensa de Licitação";2026;10/06/2026;10/06/2026;;;22.658,60;;Homologada;"AQUISIÇÃO DE EQUIPAMENTOS DE TECNOLOGIA DA INFORMAÇÃO COMPREENDENDO ACCESS POINTS E NOBREAKS DESTINADOS À AMPLIAÇÃO DA INFRAESTRUTURA DE REDE SEM FIO E À PROTEÇÃO ELÉTRICA DOS EQUIPAMENTOS UTILIZADOS PELA SECRETARIADO GABINETE DO PREFEITO";;;"Vencedor: BR DISTRIBUIDORA E IMPORTADORA DE EQUIPAMENTOS DE INFORMATICA - EIRELI CPF/CNPJ: 14739149000100

Vencedor: BR DISTRIBUIDORA E IMPORTADORA DE EQUIPAMENTOS DE INFORMATICA - EIRELI CPF/CNPJ: 14739149000100";
;"SECRETARIA MUNICIPAL DE DESENVOLVIMENTO URBANO E SERVIÇOS REGIONAIS";2026002128;"Dispensa de Licitação";2026;10/06/2026;10/06/2026;;;65.193,73;;Homologada;"AQUISIÇÃO DE EQUIPAMENTOS DE PROCESSAMENTO DE DADOS";;;"Vencedor: AMS COMERCIO E EMPREENDIMENTOS LTDA CPF/CNPJ: 55775598000182

Vencedor: AMS COMERCIO E EMPREENDIMENTOS LTDA CPF/CNPJ: 55775598000182";
;"FUNDO MUNICIPAL DE SAÚDE";2026000603;"Dispensa de Licitação";2026;09/06/2026;09/06/2026;;;3.300,00;;Homologada;"CONTRATAÇÃO DE EMPRESAPROFISSIONAL ESPECIALIZADO NA REALIZAÇÃO DA CONFECÇÃO DE PRÓTESE PARCIAL REMOVÍVEL  PPR SUPERIOR E INFERIOR PARA ATENDER A DECISÃO JUDICIAL PROCEDIMENTO COMUM CIVIL Nº  TO REFERENTE AO PACIENTE JAIME OLIVEIRA DE SOUSA";;;"Vencedor: IDEALIZE ODONTOLOGIA AVANCADA LTDA CPF/CNPJ: 42525119000128

Vencedor: IDEALIZE ODONTOLOGIA AVANCADA LTDA CPF/CNPJ: 42525119000128";
;"FUNDO MUNICIPAL DE SAÚDE";2021023588;"Dispensa de Licitação";2026;09/06/2026;09/06/2026;;;15.668,50;;Homologada;"FORNECIMENTO DE ENERGIA ELÉTRICAREF ABRIL VENCIMENTO CAPSMAC";;;"Vencedor: ENERGISA TOCANTINS - DISTRIBUIDORA DE ENERGISA S/A CPF/CNPJ: 25086034000171";
;"FUNDO MUNICIPAL DE SAÚDE";2021023588;"Dispensa de Licitação";2026;09/06/2026;09/06/2026;;;125.534,54;;Homologada;"FORNECIMENTO DE ENERGIA ELÉTRICAREF ABRIL VENCIMENTO UPASMAC";;;"Vencedor: ENERGISA TOCANTINS - DISTRIBUIDORA DE ENERGISA S/A CPF/CNPJ: 25086034000171";
;"FUNDO MUNICIPAL DE SAÚDE";2021023588;"Dispensa de Licitação";2026;09/06/2026;09/06/2026;;;13.007,41;;Homologada;"FORNECIMENTO DE ENERGIA ELÉTRICAREF ABRIL VENCIMENTO SAMUMAC";;;"Vencedor: ENERGISA TOCANTINS - DISTRIBUIDORA DE ENERGISA S/A CPF/CNPJ: 25086034000171";
;"FUNDO MUNICIPAL DE SAÚDE";2024025963;"Dispensa de Licitação";2026;09/06/2026;09/06/2026;;;37.120,60;;Homologada;"FORNECIMENTO DE GAS DE COZINHA GLP  KG";;;"Vencedor: K G FERRAZ EIRELI CPF/CNPJ: 22460102000122";
;"AGENCIA DE REGULACAO, CONTROLE E FISCALIZACAO DE SERVICOS PUBLICOS DE PALMAS";2026002477;"Dispensa de Licitação";2026;09/06/2026;09/06/2026;;;31.579,04;;Homologada;"AQUISIÇÃO DE MATERIAIS DE LIMPEZA HIGIENE E EXPEDIENTE";;;"Vencedor: M GONÇALVES DE OLIVEIRA E CIA LTDA ME CPF/CNPJ: 21013566000128

Vencedor: M GONÇALVES DE OLIVEIRA E CIA LTDA ME CPF/CNPJ: 21013566000128

Vencedor: M GONÇALVES DE OLIVEIRA E CIA LTDA ME CPF/CNPJ: 21013566000128

Vencedor: M GONÇALVES DE OLIVEIRA E CIA LTDA ME CPF/CNPJ: 21013566000128

Vencedor: M GONÇALVES DE OLIVEIRA E CIA LTDA ME CPF/CNPJ: 21013566000128";
;"FUNDO MUNICIPAL DE SAÚDE";2024025963;"Dispensa de Licitação";2026;09/06/2026;09/06/2026;;;37.120,60;;Homologada;"FORNECIMENTO DE GAS DE COZINHA GLP  KG  REFERENTE DEA  NUP";;;"Vencedor: K G FERRAZ EIRELI CPF/CNPJ: 22460102000122";
;"SECRETARIA MUNICIPAL DE PROTEÇÃO E BEM-ESTAR ANIMAL";2026001836;"Dispensa de Licitação";2026;08/06/2026;08/06/2026;;;44.000,00;;Homologada;"AQUISIÇÃO DE VACINAÇÃO PARA FELINOS";;;"Vencedor: DISTRIBUIDORA KOLOSSO LTDA CPF/CNPJ: 7288761000130";
;"FUNDO MUNICIPAL DE SAÚDE";2026001043;"Dispensa de Licitação";2026;08/06/2026;09/06/2026;;;140,00;;Homologada;"PROCEDIMENTO COMUM INFÂNCIA E JUVENTUDE  AUTOS Nº   YOHANA CASTRO DE MOURA DA SILVA";;;"Vencedor: LABCENTER LABORATÓRIO DE ANÁLISES CLÍNICAS LTDA CPF/CNPJ: 33198425000106

Vencedor: LABEXATO LABORATORIO DE ANALISES CLINICAS LTDA. CPF/CNPJ: 10910190000138";
;"SECRETARIA MUNICIPAL DE ARTICULAÇÃO COMUNITÁRIA";2026002142;"Dispensa de Licitação";2026;03/06/2026;;;;0,00;;"Aviso de Realização";"MATERIAL DE LIMPEZA E PRODUTOS  DE HIGIENIZAÇÃO";;;;
;"SECRETARIA MUNICIPAL DE ARTICULAÇÃO COMUNITÁRIA";2026002142;"Dispensa de Licitação";2026;03/06/2026;03/06/2026;;;169,40;;Homologada;"MATERIAL DE LIMPEZA E PRODUTOS  DE HIGIENIZAÇÃO";;;"Vencedor: HR COMERCIO, SERVICOS E REPRESENTACOES - LTDA CPF/CNPJ: 58456944000158

Vencedor: HR COMERCIO, SERVICOS E REPRESENTACOES - LTDA CPF/CNPJ: 58456944000158

Vencedor: HR COMERCIO, SERVICOS E REPRESENTACOES - LTDA CPF/CNPJ: 58456944000158";
;"FUNDAÇÃO DE MEIO AMBIENTE DE PALMAS";2026002153;"Dispensa de Licitação";2026;02/06/2026;02/06/2026;;;3.486,20;;Homologada;"PROCESSO DE AQUISIÇAO PERIFERICOS INFORMATICA";;;"Vencedor: PRAPEL COMERCIO DE PAPEL LTDA CPF/CNPJ: 10460274000117

Vencedor: PRAPEL COMERCIO DE PAPEL LTDA CPF/CNPJ: 10460274000117

Vencedor: PRAPEL COMERCIO DE PAPEL LTDA CPF/CNPJ: 10460274000117

Vencedor: PRAPEL COMERCIO DE PAPEL LTDA CPF/CNPJ: 10460274000117

Vencedor: PRAPEL COMERCIO DE PAPEL LTDA CPF/CNPJ: 10460274000117";
;"SECRETARIA MUNICIPAL DE TURISMO";2026002451;"Dispensa de Licitação";2026;02/06/2026;02/06/2026;;;5.000,00;;Homologada;"AQUISIÇÃO DE TROFÉUS PERSONALIZADOS EM APOIO AO EVENTO BRASIL MASTERS KAIAQUEBMK";;;"Vencedor: NMC COMERCIO LTDA CPF/CNPJ: 48001699000130";
;"FUNDAÇÃO CULTURAL DE PALMAS";2026001905;"Dispensa de Licitação";2026;02/06/2026;02/06/2026;;;7.000,00;;Homologada;"CONTRATAÇÃO DE FORNECEDOR POR DISPENSA DE LICITAÇÃO PARA AQUISIÇÃO DE MATERIAL PERMANENTE REFRIGERADOR VERTICAL EXPOSITOR  LTS PARA BOMBONIERE DA SALA SINHOZINHO  CINE CULTURA DE PALMASTO";;;"Vencedor: MP - DIST. DE MAQ. E EQUIP. P/ INST. COMERCIAL LTD CPF/CNPJ: 9476071000130";
;"SECRETARIA MUNICIPAL DE INFRAESTRUTURA E SERVIÇOS PÚBLICOS";20250006695;"Dispensa de Licitação";2026;01/06/2026;01/06/2026;;;58.500,00;;Homologada;"AQUISIÇÃO DE CAVALETES DE SINALIZAÇÃO";;;"Vencedor: NOVA LOCAÇÕES DE ESTRUTURA E COMUNICAÇÃO LTDA CPF/CNPJ: 29842046000130";
;"SECRETARIA MUNICIPAL DE ARTICULAÇÃO COMUNITÁRIA";2026002142;"Dispensa de Licitação";2026;01/06/2026;01/06/2026;;;13.497,76;;Homologada;"AQUISIÇÃO  DE  MATERIAIS  DE  LIMPEZA E HIGIENIZAÇÃO";;;"Vencedor: HR COMERCIO, SERVICOS E REPRESENTACOES - LTDA CPF/CNPJ: 58456944000158

Vencedor: HR COMERCIO, SERVICOS E REPRESENTACOES - LTDA CPF/CNPJ: 58456944000158

Vencedor: HR COMERCIO, SERVICOS E REPRESENTACOES - LTDA CPF/CNPJ: 58456944000158

Vencedor: HR COMERCIO, SERVICOS E REPRESENTACOES - LTDA CPF/CNPJ: 58456944000158

Vencedor: HR COMERCIO, SERVICOS E REPRESENTACOES - LTDA CPF/CNPJ: 58456944000158";
;"FUNDAÇÃO DE MEIO AMBIENTE DE PALMAS";2026002309;"Dispensa de Licitação";2026;01/06/2026;01/06/2026;;;449,00;;Homologada;"CONTRATAÇÃO DE EMPRESA ESPECIALIZADA PARA FORNECIMENTO DE CERTIFICADO DIGITAL DO TIPO ECNPJ PADRÃO ICPBRASIL COM VALIDADE DE  MESES DESTINADO AO ATENDIMENTO DAS NECESSIDADES DA FUNDAÇÃO MUNICIPAL DE MEIO AMBIENTE DE PALMASTO";;;"Vencedor: SEMPRE AUTORIDADE CERTIFICADORA LTDA CPF/CNPJ: 15590921001362";
;"SECRETARIA MUNICIPAL DA EDUCAÇÃO";2026002541;"Dispensa de Licitação";2026;29/05/2026;29/05/2026;;;65.350,00;;Homologada;"AQUISIÇÃO DE RESFRIADORES DE ÁGUA DE ALTA PERFORMANCE INCLUINDO RESERVATÓRIO DE  E  LITROS COM SISTEMA DE REFRIGERAÇÃO ECOLÓGICO GÁS RA E ACABAMENTO EM INOX DESTINADOS AO ATENDIMENTO DAS UNIDADES ESCOLARES DO MUNICÍPIO DE PALMASTO";"Contrato 019/2026 Situação: Em Vigor";;"Vencedor: NACIONAL DISTRIBUIDORA LTDA CPF/CNPJ: 59025118000117

Vencedor: NACIONAL DISTRIBUIDORA LTDA CPF/CNPJ: 59025118000117

Vencedor: NACIONAL DISTRIBUIDORA LTDA CPF/CNPJ: 59025118000117

Vencedor: NACIONAL DISTRIBUIDORA LTDA CPF/CNPJ: 59025118000117";
;"SECRETARIA MUNICIPAL DE DESENVOLVIMENTO URBANO E SERVIÇOS REGIONAIS";2026002132;"Dispensa de Licitação";2026;28/05/2026;28/05/2026;;;65.221,31;;Homologada;"AQUISIÇÃO DE MATERIAIS DE LIMPEZA HIGIENE COPA E COZINHA";;;"Vencedor: JM BRAGA COMERCIAL BRILHANTE CPF/CNPJ: 37010127000100

Vencedor: JM BRAGA COMERCIAL BRILHANTE CPF/CNPJ: 37010127000100

Vencedor: JM BRAGA COMERCIAL BRILHANTE CPF/CNPJ: 37010127000100

Vencedor: JM BRAGA COMERCIAL BRILHANTE CPF/CNPJ: 37010127000100

Vencedor: JM BRAGA COMERCIAL BRILHANTE CPF/CNPJ: 37010127000100";
;"SECRETARIA MUNICIPAL DE DESENVOLVIMENTO SOCIAL";2026002379;"Dispensa de Licitação";2026;27/05/2026;27/05/2026;;;319,80;;Homologada;"AQUISIÇÃO DE CERTIFICADO DIGITAL DE PESSOA FÍSICA TIPO A COM VALIDADE DE  MESES PARA FINS DE ASSINATURA ELETRÔNICA E AUTENTICAÇÃO EM SISTEMAS GOVERNAMENTAIS E DE CONTROLE EXTERNO";;;"Vencedor: CERTINS LTDA CPF/CNPJ: 45353747000161";
;"FUNDO MUNICIPAL DE SAÚDE";2026001695;"Dispensa de Licitação";2026;27/05/2026;27/05/2026;;;1.650,00;;Homologada;"CONTRATAÇÃO DE EMPRESAPROFISSIONAL ESPECIALIZADO NA CONFECÇÃO DE PRÓTESE PARCIAL REMOVÍVEL PPR INFERIOR PARA ATENDER A DECISÃO JUDICIAL PROCEDIMENTO COMUM CIVIL Nº  TO NUP";;;"Vencedor: IDEALIZE ODONTOLOGIA AVANCADA LTDA CPF/CNPJ: 42525119000128";
;"SECRETARIA MUNICIPAL DE ARTICULAÇÃO COMUNITÁRIA";2026001521;"Dispensa de Licitação";2026;27/05/2026;27/05/2026;;;19.026,30;;Homologada;"AQUISIÇÃO DE MATERIAIS DE COPA E COZINHA";;;"Vencedor: JM BRAGA COMERCIAL BRILHANTE CPF/CNPJ: 37010127000100

Vencedor: JM BRAGA COMERCIAL BRILHANTE CPF/CNPJ: 37010127000100

Vencedor: JM BRAGA COMERCIAL BRILHANTE CPF/CNPJ: 37010127000100

Vencedor: JM BRAGA COMERCIAL BRILHANTE CPF/CNPJ: 37010127000100

Vencedor: JM BRAGA COMERCIAL BRILHANTE CPF/CNPJ: 37010127000100";
;"FUNDO MUNICIPAL DE SAÚDE";2026000209;"Dispensa de Licitação";2026;27/05/2026;27/05/2026;;;1.260,00;;Homologada;"CONTRATAÇÃO DE EMPRESA ESPECIALIZADA PARA A REALIZAÇÃO DO PROCEDIMENTO  ELASTOGRAFIA HEPÁTICA  ULTRASSÔNICA   DESTINADO  AO CUMPRIMENTO  DA  DECISÃO JUDICIAL  PROFERIDA NOS   AUTOS  Nº TO  NUP EPALMAS";;;"Vencedor: CLINICA DE GASTRO DE PALMAS LTDA CPF/CNPJ: 29759546000102";
;"SECRETARIA MUNICIPAL DE JUVENTUDE E ESPORTES";2026001906;"Dispensa de Licitação";2026;26/05/2026;26/05/2026;;;53.030,20;;Homologada;"AQUISIÇÃO DE MATERIAIS PERMANENTES MESA DE TÊNIS DE MESA COM SUPORTE DE REDES E APARADORSEPARADOR DE ÁREA DE JOGO VISANDO ATENDER ÀS DEMANDAS DA SECRETARIA MUNICIPAL DE JUVENTUDE E ESPORTES";"Contrato 003/2026 Situação: Em Vigor

Contrato 002/2026 Situação: Em Vigor";;"Vencedor: STUART HOFFMANN CPF/CNPJ: 16456895000103

Vencedor: HOBBY INDUSTRIA E COMERCIO DE ARTIGOS ESPORTIVOS LTDA CPF/CNPJ: 79843876000150";
;"SECRETARIA MUNICIPAL DE PLANEJAMENTO E DESENVOLVIMENTO HUMANO";2026002184;"Dispensa de Licitação";2026;25/05/2026;25/05/2026;;;55.315,50;;Homologada;"CONTRATAÇÃO DE EMPRESA ESPECIALIZADA NO FORNECIMENTO DE MATERIAL DE LIMPEZA E HIGIENE PARA ATENDER AS DEMANDAS DA SECRETARIA DE PLANEJAMENTO E GESTÃO";;;"Vencedor: M GONÇALVES DE OLIVEIRA E CIA LTDA ME CPF/CNPJ: 21013566000128

Vencedor: M GONÇALVES DE OLIVEIRA E CIA LTDA ME CPF/CNPJ: 21013566000128

Vencedor: M GONÇALVES DE OLIVEIRA E CIA LTDA ME CPF/CNPJ: 21013566000128

Vencedor: M GONÇALVES DE OLIVEIRA E CIA LTDA ME CPF/CNPJ: 21013566000128

Vencedor: M GONÇALVES DE OLIVEIRA E CIA LTDA ME CPF/CNPJ: 21013566000128";
;"SECRETARIA MUNICIPAL DE DESENVOLVIMENTO URBANO E SERVIÇOS REGIONAIS";2026002115;"Dispensa de Licitação";2026;22/05/2026;22/05/2026;;;959,00;;Homologada;"AQUISIÇÃO DE CERTIFICADOS DIGITAIS DOS TIPOS A E A ECPF";;;"Vencedor: AR I9 CERTIFICAÇÃO DIGITAL CPF/CNPJ: 29056741000176

Vencedor: AR I9 CERTIFICAÇÃO DIGITAL CPF/CNPJ: 29056741000176";
;"FUNDAÇÃO CULTURAL DE PALMAS";2026001953;"Dispensa de Licitação";2026;21/05/2026;;;;0,00;;"Aviso de Realização";"AQUISIÇÃO DE INSUMOS PARA O POLO TECNOLOGICO COM O OBJETIVO DE MANUTENÇÃO E SUPRIR ATUAIS NECESSIDADES TECNOLOGICAS DA FUNDAÇÃO CULTURAL DE PALMAS";;;;
;"FUNDO MUNICIPAL DE ASSISTÊNCIA SOCIAL";2026001416;"Dispensa de Licitação";2026;21/05/2026;21/05/2026;;;337.383,00;;Homologada;"CONTRATAÇÃO DE EMPRESA ESPECIALIZADA PARA MINISTRAR OFICINAS SOCIOEDUCATIVAS NO ÂMBITO DO PROGRAMA ACESSUAS TRABALHO";;;"Vencedor: SERVICO NACIONAL DE APRENDIZAGEM COMERCIAL- SENAC CPF/CNPJ: 3711932000130";
;"SECRETARIA MUNICIPAL DA EDUCAÇÃO";2026002178;"Dispensa de Licitação";2026;18/05/2026;18/05/2026;;;18.504,90;;Homologada;"AQUISIÇÃO DE ÁGUA MINERAL E GELO PARA ATENDER AS DEMANDAS DA SECRETARIA MUNICIPAL DE EDUCAÇÃO DE PALMASTO";;;"Vencedor: NACIONAL DISTRIBUIDORA LTDA CPF/CNPJ: 59025118000117

Vencedor: NACIONAL DISTRIBUIDORA LTDA CPF/CNPJ: 59025118000117

Vencedor: NACIONAL DISTRIBUIDORA LTDA CPF/CNPJ: 59025118000117";
;"PROCURADORIA GERAL DO MUNICÍPIO DE PALMAS";2025004843;"Dispensa de Licitação";2026;18/05/2026;21/05/2026;;;5.648,00;;Homologada;"FORNECIMENTO DE LANCHES INDIVIDUAIS";;;"Vencedor: LC DISTRIBUIDORA E SERVIÇOS LTDA CPF/CNPJ: 40593401000117";
;"FUNDAÇÃO CULTURAL DE PALMAS";2026002337;"Dispensa de Licitação";2026;18/05/2026;18/05/2026;;;62.000,00;;Homologada;"CONTRATAÇÃO  DE  EMPRESA  ESPECIALIZADA  PARA  AQUISIÇÃO  DE  MATERIAL PERMANENTE  UM PROCESSADOR DE IMAGEM PARA PROJETOR CINEMATOGRÁFICO BARCO DPKS DEVIDAMENTE INSTALADO E CONFIGURADO NO ESPAÇO CINEMATOGRÁFICO CINE CULTURA SALA SINHOZINHO DA FUNDAÇÃO CULTURAL DE PALMAS";;;"Vencedor: FELD SERVIÇOS DE MANUTENÇÃO DE ELETRONICA LTDA CPF/CNPJ: 21023580000102";
;"SECRETARIA MUNICIPAL DE DESENVOLVIMENTO RURAL";2026001966;"Dispensa de Licitação";2026;15/05/2026;15/05/2026;;;62.687,02;;Homologada;"AQUISIÇÃO DE MATERIAIS DE LIMPEZA HIGIENIZAÇÃO E LIMPEZA PESADA PARA ATENDER AS NECESSIDADES DA SECRETARIA MUNICIPAL DE AGRICULTURA E REGIÃO METROPOLITANA NO EXERCÍCIO DE";;;"Vencedor: V M M MIRANDA CPF/CNPJ: 63189531000194

Vencedor: V M M MIRANDA CPF/CNPJ: 63189531000194

Vencedor: V M M MIRANDA CPF/CNPJ: 63189531000194

Vencedor: V M M MIRANDA CPF/CNPJ: 63189531000194

Vencedor: V M M MIRANDA CPF/CNPJ: 63189531000194";
;"SECRETARIA MUNICIPAL DE PLANEJAMENTO E DESENVOLVIMENTO HUMANO";2026001902;"Dispensa de Licitação";2026;15/05/2026;;;;0,00;;Homologada;"AQUISIÇÃO DE  VINTE E CINCO CHAVES DE ATIVAÇÃO DA MODALIDADE MICROSOFT  PARA ATENDER AS DEMANDAS DA SECRETARIA DE PLANEJAMENTO E GESTÃO";;;;
;"SECRETARIA MUNICIPAL DE TURISMO";2026002207;"Dispensa de Licitação";2026;14/05/2026;14/05/2026;;;33.950,00;;Homologada;"CONTRATAÇÃO DE UM TRIO ELÉTRICO PARA APOIO À ª PARADA DO ORGULHO LGBTQIA DE PALMAS TO";;;"Vencedor: ECELSIOR SOM E PUBLICIDADE LTDA CPF/CNPJ: 37580164000145";
;"SECRETARIA DO GABINETE DO PREFEITO";2026001116;"Dispensa de Licitação";2026;13/05/2026;13/05/2026;;;11.550,00;;Homologada;"AQUISIÇÃO DE  UNIFORMES  INSTITUCIONAIS DESTINADOS  AO  ATENDIMENTO  DAS  DEMANDAS  FUNCIONAIS  DO  GABINETE  DO  PREFEITO  DO  MUNICÍPIO  DE PALMASTO  E  DA  GUARDA  METROPOLITANA  DE  PALMAS";;;"Vencedor: NACIONAL EMPREENDIMENTOS LTDA CPF/CNPJ: 13543878000115

Vencedor: NACIONAL EMPREENDIMENTOS LTDA CPF/CNPJ: 13543878000115";
;"AGENCIA DE REGULACAO, CONTROLE E FISCALIZACAO DE SERVICOS PUBLICOS DE PALMAS";2026002029;"Dispensa de Licitação";2026;11/05/2026;11/05/2026;;;10.324,00;;Homologada;"AQUISIÇÃO DE UNIFORMES";;;"Vencedor: M GONÇALVES DE OLIVEIRA E CIA LTDA ME CPF/CNPJ: 21013566000128

Vencedor: M GONÇALVES DE OLIVEIRA E CIA LTDA ME CPF/CNPJ: 21013566000128";
;"FUNDAÇÃO DE MEIO AMBIENTE DE PALMAS";2026002037;"Dispensa de Licitação";2026;11/05/2026;11/05/2026;;;1.500,00;;Homologada;"CONTRATAÇÃO DE EMPRESA ESPECIALIZADA EM FORNECIMENTO DE REFEIÇÕES DESTINADAS A FEIRA DO AGRONEGÓCIO DA REGIÃO NORTE DO BRASIL  AGROTINS";;;"Vencedor: NOBRE GOURMETERIA LTDA CPF/CNPJ: 8336485000109";
;"FUNDO MUNICIPAL DE SAÚDE";2021023588;"Dispensa de Licitação";2026;08/05/2026;08/05/2026;;;20.836,25;;Homologada;"FORNECIMENTO DE ENERGIA ELÉTRICAREF MARÇO VENCIMENTO MAC  CAPS";;;"Vencedor: ENERGISA TOCANTINS - DISTRIBUIDORA DE ENERGISA S/A CPF/CNPJ: 25086034000171";
;"FUNDO MUNICIPAL DE SAÚDE";2021023588;"Dispensa de Licitação";2026;08/05/2026;08/05/2026;;;120.711,79;;Homologada;"FORNECIMENTO DE ENERGIA ELÉTRICAREF MARÇO VENCIMENTO MAC  CAPS";;;"Vencedor: ENERGISA TOCANTINS - DISTRIBUIDORA DE ENERGISA S/A CPF/CNPJ: 25086034000171";
;"FUNDO MUNICIPAL DE SAÚDE";2021023588;"Dispensa de Licitação";2026;08/05/2026;08/05/2026;;;6.934,49;;Homologada;"FORNECIMENTO DE ENERGIA ELÉTRICAREF MARÇO VENCIMENTO MAC  SAMU";;;"Vencedor: ENERGISA TOCANTINS - DISTRIBUIDORA DE ENERGISA S/A CPF/CNPJ: 25086034000171";
;"FUNDO MUNICIPAL DE SAÚDE";2021023588;"Dispensa de Licitação";2026;08/05/2026;08/05/2026;;;41.418,46;;Homologada;"FORNECIMENTO DE ENERGIA ELÉTRICAREF MARÇO VENCIMENTO VIGILÂNCIA";;;"Vencedor: ENERGISA TOCANTINS - DISTRIBUIDORA DE ENERGISA S/A CPF/CNPJ: 25086034000171";
;"FUNDO MUNICIPAL DE SAÚDE";2021023588;"Dispensa de Licitação";2026;08/05/2026;08/05/2026;;;44.275,68;;Homologada;"FORNECIMENTO DE ENERGIA ELÉTRICAREF MARÇO VENCIMENTO ESPECIALIZADA";;;"Vencedor: ENERGISA TOCANTINS - DISTRIBUIDORA DE ENERGISA S/A CPF/CNPJ: 25086034000171";
;"SECRETARIA MUNICIPAL DA EDUCAÇÃO";2026002178;"Dispensa de Licitação";2026;08/05/2026;08/05/2026;;;55.375,00;;Homologada;"AQUISIÇÃO DE ÁGUA MINERAL E GELO EM CUBO PARA ATENDER AS DEMANDAS DA SECRETARIA MUNICIPAL DE EDUCAÇÃO DE PALMASTO SERÁ RESERVADO PARA O ANO DE  O QUANTITATIVO DE  ÁGUA MINERAL SEM GÁS  ML X  EMBALAGEM DE GELO EM CUBO KG E  EMBALAGEM DE GELO EM CUBO KG";"Contrato 14340/2026 Situação: Em Vigor";;"Vencedor: NACIONAL DISTRIBUIDORA LTDA CPF/CNPJ: 59025118000117

Vencedor: NACIONAL DISTRIBUIDORA LTDA CPF/CNPJ: 59025118000117

Vencedor: NACIONAL DISTRIBUIDORA LTDA CPF/CNPJ: 59025118000117";
;"FUNDO MUNICIPAL DE SAÚDE";2021023588;"Dispensa de Licitação";2026;08/05/2026;08/05/2026;;;55.900,58;;Homologada;"FORNECIMENTO DE ENERGIA ELÉTRICAREF MARÇO VENCIMENTO GESTÃO  CMS";;;"Vencedor: ENERGISA TOCANTINS - DISTRIBUIDORA DE ENERGISA S/A CPF/CNPJ: 25086034000171";
;"FUNDO MUNICIPAL DE SAÚDE";2021023588;"Dispensa de Licitação";2026;07/05/2026;07/05/2026;;;188.143,99;;Homologada;"FORNECIMENTO DE ENERGIA ELÉTRICAREF MARÇO DE  VENCIMENTO ATENÇÃO PRIMARIA NUP EPALMAS";;;"Vencedor: ENERGISA TOCANTINS - DISTRIBUIDORA DE ENERGISA S/A CPF/CNPJ: 25086034000171";
;"SECRETARIA MUNICIPAL DE DESENVOLVIMENTO RURAL";2026001234;"Dispensa de Licitação";2026;05/05/2026;05/05/2026;;;13.198,80;;Homologada;"AQUISIÇÃO DE INSUMOS FERTILIZANTES E SEMENTES PARA IMPLANTAÇÃO DE UNIDADES TÉCNICAS DEMONSTRATIVAS DA FAZENDINHA DA SECRETARIA MUNICIPAL DA AGRICULTURAE REGIÃO METROPOLITANA POR OCASIÃO DA AGROTINS";;;"Vencedor: FG3 AGRO - COMERCIO DE PRODS AGROPECUARIOS LTDA CPF/CNPJ: 53253436000159

Vencedor: FG3 AGRO - COMERCIO DE PRODS AGROPECUARIOS LTDA CPF/CNPJ: 53253436000159

Vencedor: FG3 AGRO - COMERCIO DE PRODS AGROPECUARIOS LTDA CPF/CNPJ: 53253436000159

Vencedor: FG3 AGRO - COMERCIO DE PRODS AGROPECUARIOS LTDA CPF/CNPJ: 53253436000159

Vencedor: FG3 AGRO - COMERCIO DE PRODS AGROPECUARIOS LTDA CPF/CNPJ: 53253436000159";
;"SECRETARIA MUNICIPAL DE TURISMO";2025006547;"Dispensa de Licitação";2026;04/05/2026;04/05/2026;;;7.480,00;;Homologada;"DESPESAS DE EXERCÍCIO ANTERIOR VINCULADO AO PROCESSO Nº NUP";;;"Vencedor: PUJANÇA COMERCIO E SERVIÇOS LTDA CPF/CNPJ: 49450180000100";
;"SECRETARIA MUNICIPAL DE DESENVOLVIMENTO URBANO E SERVIÇOS REGIONAIS";2026001763;"Dispensa de Licitação";2026;28/04/2026;28/04/2026;;;61.600,00;;Homologada;"CONTRATAÇÃO DE EMPRESA ESPECIALIZADA PARA A PRESTAÇÃO DE SERVIÇOS GRÁFICOS COM FORNECIMENTO DE MATERIAIS DESTINADOS À CONFECÇÃO DE ENVELOPES E BLOCOS DE FORMULÁRIOS DE NOTIFICAÇÃO PARA A FISCALIZAÇÃO URBANA";;;"Vencedor: AMS COMERCIO E EMPREENDIMENTOS LTDA CPF/CNPJ: 55775598000182

Vencedor: AMS COMERCIO E EMPREENDIMENTOS LTDA CPF/CNPJ: 55775598000182";
;"FUNDAÇÃO DE MEIO AMBIENTE DE PALMAS";2026001507;"Dispensa de Licitação";2026;28/04/2026;28/04/2026;;;3.710,00;;Homologada;"AQUISIÇÃO DE FORNECIMENTO REGULAR E ININTERRUPTO DE RECARGAS DE GÁS LIQUEFEITO DE PETRÓLEO GLP COM CAPACIDADE DE  KG EÁGUA MINERAL NATURAL POTÁVEL E SEM GÁS ACONDICIONADA EM EMBALAGENS PLÁSTICAS DESCARTÁVEIS DE ML ÁGUA MINERAL POTÁVEL E COM GÁS ACONDICIONADAS EM EMBALAGENS PLÁSTICAS DESCARTÁVEIS DE ML";;;"Vencedor: SIRLEIDE CRUZ DE SOUZA CPF/CNPJ: 60023693000160

Vencedor: SIRLEIDE CRUZ DE SOUZA CPF/CNPJ: 60023693000160

Vencedor: SIRLEIDE CRUZ DE SOUZA CPF/CNPJ: 60023693000160";
;"SECRETARIA MUNICIPAL DE DESENVOLVIMENTO URBANO E SERVIÇOS REGIONAIS";2026001800;"Dispensa de Licitação";2026;28/04/2026;;;;0,00;;"Aviso de Realização";"AQUISIÇÃO DE MATERIAIS DE CONSUMO GÊNERO DE ALIMENTAÇÃO PARA REABASTECIMENTO DE ESTOQUE DA SECRETARIA MUNICIPAL DE PLANEJAMENTO E DESENVOLVIMENTO URBANO CONFORME AS ESPECIFICAÇÕES TÉCNICAS E CONDIÇÕES CONSTANTES DESTA SOLICITAÇÃO DE COMPRASTERMO DE REFERÊNCIA";;;;
;"SECRETARIA MUNICIPAL DE DESENVOLVIMENTO URBANO E SERVIÇOS REGIONAIS";2026001800;"Dispensa de Licitação";2026;28/04/2026;28/04/2026;;;60.100,70;;Homologada;"AQUISIÇÃO DE MATERIAIS DE CONSUMO GÊNERO DE ALIMENTAÇÃO PARA REABASTECIMENTO DE ESTOQUE DA SECRETARIA MUNICIPAL DE PLANEJAMENTO E DESENVOLVIMENTO URBANO CONFORME AS ESPECIFICAÇÕES TÉCNICAS E CONDIÇÕES CONSTANTES DESTA SOLICITAÇÃO DE COMPRASTERMO DE REFERÊNCIA";;;"Vencedor: JM BRAGA COMERCIAL BRILHANTE CPF/CNPJ: 37010127000100

Vencedor: JM BRAGA COMERCIAL BRILHANTE CPF/CNPJ: 37010127000100

Vencedor: JM BRAGA COMERCIAL BRILHANTE CPF/CNPJ: 37010127000100

Vencedor: JM BRAGA COMERCIAL BRILHANTE CPF/CNPJ: 37010127000100

Vencedor: JM BRAGA COMERCIAL BRILHANTE CPF/CNPJ: 37010127000100";
;"SECRETARIA MUNICIPAL DE PROTEÇÃO E BEM-ESTAR ANIMAL";2026000350;"Dispensa de Licitação";2026;27/04/2026;27/04/2026;;;23.308,00;;Homologada;"CONTRATAÇÃO DE SERVIÇO ESPECIALIZADO DECHAVEIRO";;;"Vencedor: XP SERVIÇOS E COMERCIO LTDA CPF/CNPJ: 45023418000152

Vencedor: XP SERVIÇOS E COMERCIO LTDA CPF/CNPJ: 45023418000152

Vencedor: XP SERVIÇOS E COMERCIO LTDA CPF/CNPJ: 45023418000152

Vencedor: XP SERVIÇOS E COMERCIO LTDA CPF/CNPJ: 45023418000152

Vencedor: XP SERVIÇOS E COMERCIO LTDA CPF/CNPJ: 45023418000152";
;"SECRETARIA MUNICIPAL DA EDUCAÇÃO";2026000516;"Dispensa de Licitação";2026;27/04/2026;;;;0,00;;Homologada;"AQUISIÇÃO  DE  GÊNEROS  ALIMENTÍCIOS  DIRETAMENTE  DA  AGRICULTURA  FAMILIAR  DO EMPREENDEDOR  FAMILIAR  RURAL  OU  DE  SUAS  ORGANIZAÇÕES  POR  MEIO  DE  CHAMADA  PÚBLICA VISANDO ATENDER AO FORNECIMENTO DE ALIMENTOS AOS ALUNOS MATRICULADOS NA EDUCAÇÃO BÁSICA PÚBLICA NO ÂMBITO DO PROGRAMA NACIONAL DE ALIMENTAÇÃO ESCOLAR PNAE";;;;
;"FUNDO MUNICIPAL DE ASSISTÊNCIA SOCIAL";2026001272;"Dispensa de Licitação";2026;27/04/2026;27/04/2026;;;1.933,74;;Homologada;"AQUISIÇÃO DE KITS DE PRIMEIROS SOCORROS COMPLETOS BEM COMO INSUMOS PARA REPOSIÇÃO DESTINADOS AOS EQUIPAMENTOS DA PROTEÇÃO SOCIAL ESPECIAL DE ALTA E MÉDIA COMPLEXIDADES VINCULADAS A ESSA SUPERINTENDÊNCIA VISANDO ATENDIMENTO IMEDIATO EM CASOS DE ACIDENTES OU EMERGÊNCIAS ENVOLVENDO SERVIDORES USUÁRIOS E PÚBLICO ATENDIDO NAS UNIDADES SOCIOASSISTENCIAIS";;;"Vencedor: JB COMERCIAL DE MEDICAMENTOS EIRELI -ME  CPF/CNPJ: 21399312000190";
;"FUNDO MUNICIPAL DE SAÚDE";2026001098;"Dispensa de Licitação";2026;24/04/2026;24/04/2026;;;700,00;;Homologada;"AÇÃO CIVIL PÚBLICA INFÂNCIA E JUVENTUDE Nº TOAUTOR MINISTÉRIO PÚBLICORÉU MUNICIPIO DE PALMASRÉU ESTADO DO TOCANTINSDESPACHODECISÃOCONTRATAÇÃO  DE  EMPRESA  ESPECIALIZADA  NA  REALIZAÇÃO   DA  COMPRA  DA CONSULTA  EM ENDOCRINOLOGIA      PEDIATRIA   PARA   ATENDER   A   DECISÃO   JUDICIAL   AUTOSN   TO   REFERENTE À PACIENTE MENOR  MARIAH KAROLINE PINTO OLIVEIRA PONTES  NUP DO PROCESSO EPAMAS";;;"Vencedor: NG SERVICOS MEDICOS LTDA CPF/CNPJ: 26707714000128";
;"FUNDO MUNICIPAL DE SAÚDE";2026001098;"Dispensa de Licitação";2026;24/04/2026;24/04/2026;;;120,00;;Homologada;"CONTRATAÇÃO DE EMPRESA ESPECIALIZADA NA REALIZAÇÃO DA  COMPRA DO EXAME HOLTER    HORAS   PARA   ATENDER   A   DECISÃO   JUDICIAL   AUTOS   N  TO REFERENTE À PACIENTE JOSIANA CARVALHO DE ARAUJO PROCESSO NUP";;;"Vencedor: ROCHAS TAVARES FIDELIS LTDA CPF/CNPJ: 60717289000196";
;"FUNDO MUNICIPAL DE SAÚDE";2026001030;"Dispensa de Licitação";2026;24/04/2026;24/04/2026;;;3.200,00;;Homologada;"CONTRATAÇÃO DE EMPRESA PARA REALIZAÇÃO DA COLETA   DO MATERIAL DA PRÓSTATA E REALIZAÇÃO DO EXAME DE BIÓPSIA COM LAUDO  PARA ATENDER A DECISÃO JUDICIALPROCEDIMENTO COMUM INFÂNCIA E JUVENTUDE Nº TO  PROCESSO NUP  VOLUME";;;"Vencedor: MARANHAO E PEREIRA SERVICOS MEDICOS LTDA CPF/CNPJ: 51425867000120

Vencedor: MARANHAO E PEREIRA SERVICOS MEDICOS LTDA CPF/CNPJ: 51425867000120";
;"FUNDO MUNICIPAL DE SAÚDE";2026000042;"Dispensa de Licitação";2026;24/04/2026;24/04/2026;;;250,00;;Homologada;"CONTRATAÇÃO DE EMPRESA ESPECIALIZADA PARA A REALIZAÇÃO DO PROCEDIMENTO CONSULTA EM OFTALMOLOGIA  ESPECIALISTA EM RETINA DESTINADA AO ATENDIMENTO DADECISÃO JUDICIAL PROFERIDA  NOS AUTOS Nº   NUP PROCESSO EPALMAS";;;"Vencedor: HCO CENTRO AMBULATÓRIO DE CONSULTAS E EXAMES LTDA. CPF/CNPJ: 33613469000155";
;"SECRETARIA MUNICIPAL DA EDUCAÇÃO";2025003996;"Dispensa de Licitação";2026;23/04/2026;23/04/2026;;;6.120,00;;Homologada;"RECARGA DE GÁS DE COZINHA GLP KG PARA ATENDER AS DEMANDAS DA SECRETARIA MUNICIPAL DE EDUCAÇÃO DE PALMASTO";"Contrato 018/2026 Situação: Em Vigor";;"Vencedor: K G FERRAZ EIRELI CPF/CNPJ: 22460102000122";
;"FUNDO MUNICIPAL DE ASSISTÊNCIA SOCIAL";2026001346;"Dispensa de Licitação";2026;23/04/2026;23/04/2026;;;20.406,50;;Homologada;"AQUISIÇÃO DE MATERIAIS PERMANENTES DO TIPO ELETRODOMÉSTICOS ÁUDIO E SOM E MOBILIÁRIOS EM GERAL CONFORME CONDIÇÕES E EXIGÊNCIAS ESTABELECIDAS NESTE INSTRUMENTO";;;"Vencedor: NOSSO LAR LOJAS DE DEPARTAMENTOS LTDA CPF/CNPJ: 607587000100

Vencedor: NOSSO LAR LOJAS DE DEPARTAMENTOS LTDA CPF/CNPJ: 607587000100

Vencedor: NOSSO LAR LOJAS DE DEPARTAMENTOS LTDA CPF/CNPJ: 607587000100

Vencedor: NOSSO LAR LOJAS DE DEPARTAMENTOS LTDA CPF/CNPJ: 607587000100

Vencedor: NOSSO LAR LOJAS DE DEPARTAMENTOS LTDA CPF/CNPJ: 607587000100";
;"FUNDO MUNICIPAL DE ASSISTÊNCIA SOCIAL";2026001272;"Dispensa de Licitação";2026;23/04/2026;;;;0,00;;"Aviso de Realização";"AQUISIÇÃO DE KITS DE PRIMEIROS SOCORROS COMPLETOS BEM COMO INSUMOS PARA REPOSIÇÃO DESTINADOS AOS EQUIPAMENTOS DA PROTEÇÃO SOCIAL ESPECIAL DE ALTA E MÉDIA COMPLEXIDADES VINCULADAS A ESSA SUPERINTENDÊNCIA VISANDO ATENDIMENTO IMEDIATO EM CASOS DE ACIDENTES OU EMERGÊNCIAS ENVOLVENDO SERVIDORES USUÁRIOS E PÚBLICO ATENDIDO NAS UNIDADES SOCIOASSISTENCIAIS";;;;
;"SECRETARIA MUNICIPAL DE ZELADORIA URBANA";2025003244;"Dispensa de Licitação";2026;22/04/2026;22/04/2026;;;5.219,50;;Homologada;"PROCESSO DE AQUISIÇÃO DE AÇO CA  MM VERGALHÃO ATRAVÉS DE ADESÃO A ATA DE REFISTRO DE PREÇO PARA ATENDER AS NECESSIDADES DA SECRETARIA DE ZELADORIA URBANA";;;"Vencedor: ELIZABETE ALVES DE OLIVEIRA NOGUEIRA E CIA LTDA CPF/CNPJ: 7769064000109";
;"FUNDO MUNICIPAL DE ASSISTÊNCIA SOCIAL";2025009626;"Dispensa de Licitação";2026;16/04/2026;16/04/2026;;;22.352,70;;Homologada;"AQUISIÇÃO DE FRALDAS DESCARTÁVEIS PEDIÁTRICAS E GERIÁTRICAS";;;"Vencedor: JB COMERCIAL DE MEDICAMENTOS LTDA CPF/CNPJ: 21399312000270

Vencedor: JB COMERCIAL DE MEDICAMENTOS LTDA CPF/CNPJ: 21399312000270";
;"SECRETARIA MUNICIPAL DE TURISMO";2025008619;"Dispensa de Licitação";2026;16/04/2026;16/04/2026;;;4.435,38;;Homologada;"ÓRGÃO PARTICIPANTE DA DISPENSA ELETRÔNICA PARA REGISTRO DE PREÇOS Nº SECRETARIA MUNICIPAL DE TURISMO JUVENTUDE E ESPORTES";;;"Vencedor: R/C CARTUCHOS, INFORMATICA E PAPELARIA LTDA CPF/CNPJ: 6015659000106

Vencedor: R/C CARTUCHOS, INFORMATICA E PAPELARIA LTDA CPF/CNPJ: 6015659000106

Vencedor: R/C CARTUCHOS, INFORMATICA E PAPELARIA LTDA CPF/CNPJ: 6015659000106

Vencedor: R/C CARTUCHOS, INFORMATICA E PAPELARIA LTDA CPF/CNPJ: 6015659000106

Vencedor: R/C CARTUCHOS, INFORMATICA E PAPELARIA LTDA CPF/CNPJ: 6015659000106";
;"FUNDAÇÃO DE MEIO AMBIENTE DE PALMAS";2026001460;"Dispensa de Licitação";2026;16/04/2026;16/04/2026;;;15.500,15;;Homologada;"AQUISIÇÃO DE MATERIAL DE COPA E COZINHA E HIGIENIZAÇÃO";;;"Vencedor: PRAPEL COMERCIO DE PAPEL LTDA CPF/CNPJ: 10460274000117

Vencedor: PRAPEL COMERCIO DE PAPEL LTDA CPF/CNPJ: 10460274000117

Vencedor: PRAPEL COMERCIO DE PAPEL LTDA CPF/CNPJ: 10460274000117

Vencedor: PRAPEL COMERCIO DE PAPEL LTDA CPF/CNPJ: 10460274000117

Vencedor: PRAPEL COMERCIO DE PAPEL LTDA CPF/CNPJ: 10460274000117";
;"SECRETARIA MUNICIPAL DE DESENVOLVIMENTO RURAL";2026000974;"Dispensa de Licitação";2026;16/04/2026;27/04/2026;;;49.500,00;;Homologada;"CONTRATAÇÃO DE EMPRESA ESPECIALIZADA NO FORNECIMENTO DE CAFÉ DA MANHÃ LANCHE E REFEIÇÕES ACONDICIONADAS EM EMBALAGENS INDIVIDUAIS ALMOÇO OU JANTAR DESTINADAS AO ATENDIMENTO DOS SERVIDORES DA SECRETARIA MUNICIPAL DE AGRICULTURA E REGIÃO METROPOLITANA  SEARME DESIGNADOS PARA DESEMPENHAR ATIVIDADES NA UNIDADE TÉCNICA DEMONSTRATIVA DENOMINADA FAZENDINHA LOCALIZADA NO CENTRO AGROTECNOLÓGICO ENGENHEIRO AGRÔNOMO MAURO MEDANHA NO MUNICÍPIO DE PALMASTO DURANTE O PERÍODO PREPARATÓRIO E A REALIZAÇÃO DA ª FEIRA DE TECNOLOGIA AGROPECUÁRIA DO TOCANTINS  AGROTINS   A  DE MAIO DE  CONFORME ESPECIFICAÇÕES QUANTITATIVOS E CONDIÇÕES ESTABELECIDOS NESTE INSTRUMENTO";;;"Vencedor: ASSOCIACAO DOS AGRICULTORES FAMILIARES E AGROINDUSTRIAIS DE PALMAS CPF/CNPJ: 6144922000159

Vencedor: ASSOCIACAO DOS AGRICULTORES FAMILIARES E AGROINDUSTRIAIS DE PALMAS CPF/CNPJ: 6144922000159";
;"SECRETARIA MUNICIPAL DA EDUCAÇÃO";2026001615;"Dispensa de Licitação";2026;15/04/2026;15/04/2026;;;61.360,00;;Homologada;"AQUISIÇÃO DE GÊNEROS ALIMENTÍCIOS NÃO PERECÍVEIS ESPECIFICAMENTE CAFÉ  G E AÇÚCAR  KG";"Contrato 008/2026 Situação: Em Vigor";;"Vencedor: CAFE A3 LTDA CPF/CNPJ: 37142633000144

Vencedor: CAFE A3 LTDA CPF/CNPJ: 37142633000144";
;"SECRETARIA MUNICIPAL DE ZELADORIA URBANA";2025003728;"Dispensa de Licitação";2026;15/04/2026;15/04/2026;;;11.191,00;;Homologada;"RECONHECIMENTO DE DESPESAS DO EXERCÍCIO ANTERIOR  REFERENTE AO PROCESSO Nº  QUE TRATA SOBRE A AQUISIÇÃO DE MEIO FIO PRÉ MOLDADO DE CONCRETO PARA ATENDER A DEMANDA DA SECRETARIA MUNICIPAL DE ZELADORIA URBANA";;;"Vencedor: COMERCIAL MISTURAO DO SUL LTDA CPF/CNPJ: 40705982000131";
;"FUNDO MUNICIPAL DE SAÚDE";2026000513;"Dispensa de Licitação";2026;15/04/2026;;;;0,00;;"Aviso de Realização";"CONTRATAÇÃO  DE  EMPRESA ESPECIALIZADA NA REALIZAÇÃO DO PROCEDIMENTO CONSULTA EM ENDOCRINOLOGIA  PEDIATRIAP ARA  ATENDER  A  DECISÃO  JUDICIAL  AUTOS  N        TO      REFERENTE  AOPACIENTE WILLIAN MORAIS GUILHERME";;;;
;"FUNDO MUNICIPAL DE SAÚDE";2026000513;"Dispensa de Licitação";2026;15/04/2026;15/04/2026;;;550,00;;Homologada;"CONTRATAÇÃO  DE  EMPRESA ESPECIALIZADA NA REALIZAÇÃO DO PROCEDIMENTO CONSULTA EM ENDOCRINOLOGIA  PEDIATRIAP ARA  ATENDER  A  DECISÃO  JUDICIAL  AUTOS  N        TO      REFERENTE  AOPACIENTE WILLIAN MORAIS GUILHERME";;;"Vencedor: ADOLEDAR CLINICA PEDIATRICA LTDA CPF/CNPJ: 43054884000170";
;"SECRETARIA DO GABINETE DO PREFEITO";2025006662;"Dispensa de Licitação";2026;15/04/2026;15/04/2026;;;11.398,30;;Homologada;"ASSUNTO ABERTURA DE PROCESSO PARARECONHECIMENTO DE DESPESAS DE EXERCÍCIOSANTERIORES DEAOBJETO AQUISIÇÃO DE MATERIAIS DE PROTEÇÃO E SEGURANÇA E OUTROS CORRELATOS PARA A GERÊNCIA AMBIENTAL DA GMPEMPRESA VALE COMÉRCIO DE MATERIAL DE CONSTRUÇÃO LTDACNPJ NOTA FISCAL NF Nº REFERENTE AO CONTRATO Nº  VIGÊNCIA";;;"Vencedor: VALE COMÉRCIO DE MATERIAL DE CONSTRUÇÃO LTDA CPF/CNPJ: 36435916000111

Vencedor: VALE COMÉRCIO DE MATERIAL DE CONSTRUÇÃO LTDA CPF/CNPJ: 36435916000111

Vencedor: VALE COMÉRCIO DE MATERIAL DE CONSTRUÇÃO LTDA CPF/CNPJ: 36435916000111

Vencedor: VALE COMÉRCIO DE MATERIAL DE CONSTRUÇÃO LTDA CPF/CNPJ: 36435916000111

Vencedor: VALE COMÉRCIO DE MATERIAL DE CONSTRUÇÃO LTDA CPF/CNPJ: 36435916000111";
;"SECRETARIA DO GABINETE DO PREFEITO";2026000803;"Dispensa de Licitação";2026;15/04/2026;15/04/2026;;;20.996,00;;Homologada;"AQUISIÇÃO DE PASTAS INSTITUCIONAIS PERSONALIZADAS COM O BRASÃO OFICIAL DO MUNICÍPIO DE PALMASTO DESTINADAS AO ATENDIMENTO DAS DEMANDAS DE ATOS PROTOCOLARES E EVENTOS OFICIAIS DO GABINETE DO PREFEITO";;;"Vencedor: METALCOURO INDUSTRIA E COMERCIO LTDA CPF/CNPJ: 1186098000186

Vencedor: METALCOURO INDUSTRIA E COMERCIO LTDA CPF/CNPJ: 1186098000186";
;"FUNDO MUNICIPAL DE SAÚDE";2026000533;"Dispensa de Licitação";2026;14/04/2026;14/04/2026;;;550,00;;Homologada;"CONTRATAÇÃO DE EMPRESA ESPECIALIZADA NA REALIZAÇÃO DA COMPRA DA CONSULTA EM ENDOCRINOLOGIA  PEDIATRIA PARA ATENDER A DECISÃO JUDICIAL AUTOS N TO  REFERENTE À PACIENTE MENOR CELINA BARREIRA DE ALMEIDA";;;"Vencedor: ADOLEDAR CLINICA PEDIATRICA LTDA CPF/CNPJ: 43054884000170";
;"SECRETARIA MUNICIPAL DE ZELADORIA URBANA";2026001548;"Dispensa de Licitação";2026;14/04/2026;14/04/2026;;;54.240,00;;Homologada;"AQUISIÇÃO DE AÇO CA  MM VERGALHÃO E BETONEIRA PARA ATENDER AS DEMANDAS DOS CEMITÉRIOS MUNICIPAIS ATRAVÉS DE DISPENSA DE LICITAÇÃO PELA SECRETARIA MUNICIPAL DE ZELADORIA URBANA";"Contrato 009/2026 Situação: Em Vigor";;"Vencedor: FABIANO COMERCIO ATACADISTA DE FERRAMENTAS E MATERIAIS DE CONSTRUCAO LTDA CPF/CNPJ: 85446000166

Vencedor: FABIANO COMERCIO ATACADISTA DE FERRAMENTAS E MATERIAIS DE CONSTRUCAO LTDA CPF/CNPJ: 85446000166";
;"Secretaria Municipal de Mobilidade e Transporte Público";2025001764;"Dispensa de Licitação";2026;14/04/2026;14/04/2026;;;13.698,00;;Homologada;"CONTRATAÇÃO DE EMPRESA PARA AQUISIÇÃO E PRESTAÇÃO DE SERVIÇOS DE MANUTENÇÃO PREVENTIVA E CORRETIVA DE BEBEDOUROS E PURIFICADORES";;;"Vencedor: MORIA DETEIZADORA E ENGENHARIA LTDA CPF/CNPJ: 51616551000115

Vencedor: MORIA DETEIZADORA E ENGENHARIA LTDA CPF/CNPJ: 51616551000115

Vencedor: MORIA DETEIZADORA E ENGENHARIA LTDA CPF/CNPJ: 51616551000115";
;"Secretaria Municipal de Mobilidade e Transporte Público";2025002927;"Dispensa de Licitação";2026;10/04/2026;10/04/2026;;;9.347.361,63;;Homologada;"CONTRATAÇÃO EMERGENCIAL DE EMPRESA ESPECIALIZADA PARA A PRESTAÇÃO DE SERVIÇOS PÚBLICO DE TRANSPORTES COLETIVO";;;"Vencedor: SANCETUR - SANTA CECILIA TURISMO LTDA CPF/CNPJ: 69144434000161";
;"Secretaria Municipal de Mobilidade e Transporte Público";2026000478;"Dispensa de Licitação";2026;10/04/2026;10/04/2026;;;14.030,00;;Homologada;"CONTRATAÇÃO DE EMPRESA ESPECIALIZADA NO FORNECIMENTO DE MATERIAIS DE COPA E COZINHA";;;"Vencedor: VITRINE COMERCIAL LTDA - EPP CPF/CNPJ: 8140005000121

Vencedor: VITRINE COMERCIAL LTDA - EPP CPF/CNPJ: 8140005000121

Vencedor: VITRINE COMERCIAL LTDA - EPP CPF/CNPJ: 8140005000121

Vencedor: VITRINE COMERCIAL LTDA - EPP CPF/CNPJ: 8140005000121

Vencedor: VITRINE COMERCIAL LTDA - EPP CPF/CNPJ: 8140005000121";
;"SECRETARIA MUNICIPAL DA FAZENDA E TRANSFORMAÇÃO DIGITAL";2026000255;"Dispensa de Licitação";2026;09/04/2026;10/04/2026;;;65.461,02;;Homologada;"CONTRATAÇÃO DE EMPRESA PARA O FORNECIMENTO DE GÊNEROS ALIMENTÍCIOS DE CONSUMO CONTINUADO ÁGUA MINERAL CAFÉ AÇÚCAR E ADOÇANTE";"Contrato 005/2026 Situação: Em Vigor";;"Vencedor: JM BRAGA COMERCIAL BRILHANTE CPF/CNPJ: 37010127000100

Vencedor: JM BRAGA COMERCIAL BRILHANTE CPF/CNPJ: 37010127000100

Vencedor: JM BRAGA COMERCIAL BRILHANTE CPF/CNPJ: 37010127000100

Vencedor: JM BRAGA COMERCIAL BRILHANTE CPF/CNPJ: 37010127000100

Vencedor: JM BRAGA COMERCIAL BRILHANTE CPF/CNPJ: 37010127000100";
;"FUNDO MUNICIPAL DE SAÚDE";2024025352;"Dispensa de Licitação";2026;08/04/2026;08/04/2026;;;268.857,00;;Homologada;"RECONHECIMENTO DE DESPESAS DE EXERCÍCIOS ANTERIORES DEA AQUISIÇÃO DE MEDICAMENTOS CONTROLADOS NOTAS FISCAIS N";;;"Vencedor: DROGAFONTE LTDA CPF/CNPJ: 8778201000126

Vencedor: DROGAFONTE LTDA CPF/CNPJ: 8778201000126

Vencedor: DROGAFONTE LTDA CPF/CNPJ: 8778201000126

Vencedor: DROGAFONTE LTDA CPF/CNPJ: 8778201000126

Vencedor: DROGAFONTE LTDA CPF/CNPJ: 8778201000126";
;"SECRETARIA MUNICIPAL DE ZELADORIA URBANA";2026001449;"Dispensa de Licitação";2026;08/04/2026;08/04/2026;;;63.900,00;;Homologada;"AQUISIÇÃO  DE  SEMENTES  DE  FLORES  E  SUBSTRATO  ATRAVÉS  DE  DISPENSA  DE  LICITAÇÃO  PARA ATENDER AS NECESSIDADES DA SECRETARIA MUNICIPAL DE ZELADORIA URBANA";"Contrato 008/2026 Situação: Em Vigor";;"Vencedor: VIGA COMERCIO E SERVICOS LTDA CPF/CNPJ: 24310582000170

Vencedor: VIGA COMERCIO E SERVICOS LTDA CPF/CNPJ: 24310582000170";
;"SECRETARIA MUNICIPAL DE ZELADORIA URBANA";2025001061;"Dispensa de Licitação";2026;07/04/2026;07/04/2026;;;1.950,00;;Homologada;"AQUISIÇÃO DE FERRAMENTAS PARA ATENDER AS NECESSIDADES DA SECRETARIA DE ZELADORIA URBANA";;;"Vencedor: VALE COMÉRCIO DE MATERIAL DE CONSTRUÇÃO LTDA CPF/CNPJ: 36435916000111

Vencedor: VALE COMÉRCIO DE MATERIAL DE CONSTRUÇÃO LTDA CPF/CNPJ: 36435916000111";
;"SECRETARIA MUNICIPAL DE PLANEJAMENTO E DESENVOLVIMENTO HUMANO";2026001608;"Dispensa de Licitação";2026;07/04/2026;07/04/2026;;;2.690,00;;Homologada;"FORNECIMENTO EMERGENCIAL DE EQUIPAMENTOS DE PROTEÇÃO INDIVIDUAL EPIS ESPECIFICAMENTE CAPAS DE CHUVA PELA EMPRESA FABIANO COM ATAC DE FERRAMENTAS E MAT DE CONST LTDA INSCRITA NO CNPJ SOB O Nº  O FORNECIMENTO OCORREU NO PERÍODO DE  A  DE JANEIRO DE";;;"Vencedor: FABIANO COMERCIO ATACADISTA DE FERRAMENTAS E MATERIAIS DE CONSTRUCAO LTDA CPF/CNPJ: 85446000166";
;"SECRETARIA MUNICIPAL DE PLANEJAMENTO E DESENVOLVIMENTO HUMANO";2026001613;"Dispensa de Licitação";2026;07/04/2026;07/04/2026;;;8.300,00;;Homologada;"FORNECIMENTO EMERGENCIAL DE KITS DE ÁGUA E GELO JÁ EXECUTADO EM ATENDIMENTO ÀS DEMANDAS IMEDIATAS DA ADMINISTRAÇÃO PÚBLICA MUNICIPAL EM RAZÃO DO VENDAVAL OCORRIDO NO SETOR TAQUARI MUNICÍPIO DE PALMASTO DURANTE OS DIAS  A  DE JANEIRO";;;"Vencedor: JM BRAGA COMERCIAL BRILHANTE CPF/CNPJ: 37010127000100

Vencedor: JM BRAGA COMERCIAL BRILHANTE CPF/CNPJ: 37010127000100";
;"SECRETARIA MUNICIPAL DE ZELADORIA URBANA";2025002100;"Dispensa de Licitação";2026;31/03/2026;31/03/2026;;;329.730,00;;Homologada;"RECONHECIMENTO DE DESPESAS DO EXERCÍCIO ANTERIOR  REFERENTE AO PROCESSO Nº  QUE TRATA SOBRE AQUISIÇÃO DE COMPUTADORES POR MEIO DE ADESÃO A ATA DE REGISTRO DE PREÇOS DO PREGÃO ELETRÔNICO Nº  ORIUNDA DO PROCESSO ADMINISTRATIVO Nº  DA SECRETARIA MUNICIPAL DE PLANEJAMENTO E INOVAÇÃO DE PORTO NACIONAL COM O INTUITO DE EQUIPAR A SECRETARIA MUNICIPAL DE ZELADORIA URBANA  CRP COMPUTADORES SA";;;"Vencedor: CRP COMPUTADORES S/A CPF/CNPJ: 20998285000109

Vencedor: CRP COMPUTADORES S/A CPF/CNPJ: 20998285000109

Vencedor: CRP COMPUTADORES S/A CPF/CNPJ: 20998285000109";
;"SECRETARIA MUNICIPAL DE DESENVOLVIMENTO SOCIAL";2025000755;"Dispensa de Licitação";2026;31/03/2026;31/03/2026;;;19.889,00;;Homologada;"DESPESAS DA ANTIGA SECRETARIA DA MULHER  AGUA  GELO E COPO DESCARTAVEL";;;"Vencedor: JM BRAGA COMERCIAL BRILHANTE CPF/CNPJ: 37010127000100

Vencedor: JM BRAGA COMERCIAL BRILHANTE CPF/CNPJ: 37010127000100

Vencedor: JM BRAGA COMERCIAL BRILHANTE CPF/CNPJ: 37010127000100

Vencedor: JM BRAGA COMERCIAL BRILHANTE CPF/CNPJ: 37010127000100";
;"FUNDAÇÃO DE MEIO AMBIENTE DE PALMAS";2026001139;"Dispensa de Licitação";2026;31/03/2026;31/03/2026;;;280,00;;Homologada;"AQUISIÇÃO DE CERTIFICADO DIGITAL PADRÃO ICPBRASIL TIPO ECPF A COM VALIDADE DE  ANOS INCLUINDO O FORNECIMENTO DO DISPOSITIVO TOKEN COMPATÍVEL";;;"Vencedor: SEMPRE AUTORIDADE CERTIFICADORA LTDA CPF/CNPJ: 15590921001362";
;"SECRETARIA MUNICIPAL DE TURISMO";25006608;"Dispensa de Licitação";2026;31/03/2026;31/03/2026;;;278.185,00;;Homologada;"AQUISIÇÃO DE COMPUTADORES PARA ATENDER DEMANDA ADMINISTRATIVA DA AGTUR";;;"Vencedor: CRP COMPUTADORES S/A CPF/CNPJ: 20998285000109

Vencedor: CRP COMPUTADORES S/A CPF/CNPJ: 20998285000109

Vencedor: CRP COMPUTADORES S/A CPF/CNPJ: 20998285000109

Vencedor: CRP COMPUTADORES S/A CPF/CNPJ: 20998285000109";
;"SECRETARIA MUNICIPAL DA EDUCAÇÃO";2026001100;"Dispensa de Licitação";2026;31/03/2026;31/03/2026;;;63.472,80;;Homologada;"AQUISIÇÃO DE MATERIAIS DE CONSUMO PARA  COPA E COZINHA MATERIAL DE LIMPEZA  PRODUTOS DE HIGIENIZAÇÃO";"Contrato 10827/2026 Situação: Em Vigor";;"Vencedor: JM BRAGA COMERCIAL BRILHANTE CPF/CNPJ: 37010127000100

Vencedor: JM BRAGA COMERCIAL BRILHANTE CPF/CNPJ: 37010127000100

Vencedor: JM BRAGA COMERCIAL BRILHANTE CPF/CNPJ: 37010127000100

Vencedor: JM BRAGA COMERCIAL BRILHANTE CPF/CNPJ: 37010127000100

Vencedor: JM BRAGA COMERCIAL BRILHANTE CPF/CNPJ: 37010127000100";
;"FUNDO MUNICIPAL DE SAÚDE";2024024661;"Dispensa de Licitação";2026;31/03/2026;31/03/2026;;;693,90;;Homologada;"RECONHECIMENTO DE DESPESAS DE EXERCICIO ANTERIOR DEA OBJETO REGISTRO DE PREÇO PARA AQUISIÇÃO DE MEDICAMENTOS DEUSO HUMANO E VETERINÁRIO  UVCZ NOTA FISCAL";;;"Vencedor: MULTIHOSP COMERCIAL DE PRODUTOS HOSPITALARES LTDA CPF/CNPJ: 32421421000182

Vencedor: MULTIHOSP COMERCIAL DE PRODUTOS HOSPITALARES LTDA CPF/CNPJ: 32421421000182";
;"FUNDO MUNICIPAL DE ASSISTÊNCIA SOCIAL";2024027054;"Dispensa de Licitação";2026;31/03/2026;31/03/2026;;;626,60;;Homologada;"MATERIAL DE EXPEDIENTE REFERENTE AS NOTAS FISCAIS N      DEA  A A DISTRIBUIDORA";;;"Vencedor: A.A. DISTRIBUICAO E IMPORTACAO DE ARTIGOS DE DECORACAO LTDA CPF/CNPJ: 17063632000105

Vencedor: A.A. DISTRIBUICAO E IMPORTACAO DE ARTIGOS DE DECORACAO LTDA CPF/CNPJ: 17063632000105

Vencedor: A.A. DISTRIBUICAO E IMPORTACAO DE ARTIGOS DE DECORACAO LTDA CPF/CNPJ: 17063632000105

Vencedor: A.A. DISTRIBUICAO E IMPORTACAO DE ARTIGOS DE DECORACAO LTDA CPF/CNPJ: 17063632000105

Vencedor: A.A. DISTRIBUICAO E IMPORTACAO DE ARTIGOS DE DECORACAO LTDA CPF/CNPJ: 17063632000105";
;"FUNDO MUNICIPAL DE ASSISTÊNCIA SOCIAL";2026001346;"Dispensa de Licitação";2026;31/03/2026;31/03/2026;;;20.406,50;;Homologada;"AQUISIÇÃO DE MATERIAIS PERMANENTES DO TIPO ELETRODOMÉSTICOS ÁUDIO E SOM E MOBILIÁRIOS EM GERAL CONFORME CONDIÇÕES E EXIGÊNCIAS ESTABELECIDAS NESTE INSTRUMENTO";;;"Vencedor: NOSSO LAR LOJAS DE DEPARTAMENTOS LTDA CPF/CNPJ: 607587000100

Vencedor: NOSSO LAR LOJAS DE DEPARTAMENTOS LTDA CPF/CNPJ: 607587000100

Vencedor: NOSSO LAR LOJAS DE DEPARTAMENTOS LTDA CPF/CNPJ: 607587000100

Vencedor: NOSSO LAR LOJAS DE DEPARTAMENTOS LTDA CPF/CNPJ: 607587000100

Vencedor: NOSSO LAR LOJAS DE DEPARTAMENTOS LTDA CPF/CNPJ: 607587000100";
;"SECRETARIA MUNICIPAL DE DESENVOLVIMENTO RURAL";2026000725;"Dispensa de Licitação";2026;31/03/2026;15/04/2026;;;40.606,00;;Homologada;"AQUISIÇÃO DE UNIFORMES CAMISETAS E CHAPÉUS PARA ATENDIMENTO DA DEMANDA DA SECRETARIA MUNICIPAL DE AGRICULTURA E REGIÃO METROPOLITANA DE PALMASTO";;;"Vencedor: NATALYA BRINDES LTDA CPF/CNPJ: 7727594000186

Vencedor: NATALYA BRINDES LTDA CPF/CNPJ: 7727594000186

Vencedor: NATALYA BRINDES LTDA CPF/CNPJ: 7727594000186

Vencedor: NATALYA BRINDES LTDA CPF/CNPJ: 7727594000186";
;"SECRETARIA MUNICIPAL DE DESENVOLVIMENTO RURAL";2026000683;"Dispensa de Licitação";2026;31/03/2026;16/04/2026;;;59.819,45;;Homologada;"AQUISIÇÃO DE DEFENSIVOS AGRÍCOLAS FERRAMENTAS EQUIPAMENTOS IMPLEMENTOS AGRÍCOLAS MATERIAIS DE IRRIGAÇÃO INSUMOS PARA ALIMENTAÇÃO E SUPLEMENTAÇÃO ANIMAL AVES DE PRODUÇÃO E EQUIPAMENTOS DE PROTEÇÃO INDIVIDUAL DESTINADOS À IMPLANTAÇÃO MANUTENÇÃO E OPERACIONALIZAÇÃO DAS UNIDADES TÉCNICODEMONSTRATIVAS DA FAZENDINHA NO ÂMBITO DA AGROTINS  CONFORME ESPECIFICAÇÕES E QUANTITATIVOS DEFINIDOS NESTE TERMO DE REFERÊNCIA";;;"Vencedor: RURALBRAS-COMERCIO ATAC.E VAREJ. DE PROD CPF/CNPJ: 1200433000153

Vencedor: RURALBRAS-COMERCIO ATAC.E VAREJ. DE PROD CPF/CNPJ: 1200433000153

Vencedor: RURALBRAS-COMERCIO ATAC.E VAREJ. DE PROD CPF/CNPJ: 1200433000153

Vencedor: RURALBRAS-COMERCIO ATAC.E VAREJ. DE PROD CPF/CNPJ: 1200433000153

Vencedor: FG3 AGRO - COMERCIO DE PRODS AGROPECUARIOS LTDA CPF/CNPJ: 53253436000159";
;"FUNDAÇÃO DE MEIO AMBIENTE DE PALMAS";2026000793;"Dispensa de Licitação";2026;30/03/2026;30/03/2026;;;2.980,00;;Homologada;"AQUISIÇÃO DE BEBEDOURO INDUSTRIAL DE COLUNA ELÉTRICO EM AÇO INOXIDÁVEL COM CAPACIDADE DE RESERVATÓRIO DE  CINQUENTA LITROS E PRODUÇÃO MÍNIMA DE  CINQUENTA LITROS POR HORA DE ÁGUA GELADA COM FORNECIMENTO DE ÁGUA NATURAL E GELADA POTÁVEL TENSÃO V DESTINADO AO FORNECIMENTO CONTÍNUO DE ÁGUA POTÁVEL PARA ATENDIMENTO DAS NECESSIDADES ADMINISTRATIVAS E OPERACIONAIS DA FUNDAÇÃO MUNICIPAL DE MEIO AMBIENTE FMA";;;"Vencedor: PAPELARIA MODERNA LTDA CPF/CNPJ: 7410578000165";
;"FUNDO MUNICIPAL DE SAÚDE";2021023588;"Dispensa de Licitação";2026;27/03/2026;27/03/2026;;;48.074,34;;Homologada;"FORNECIMENTO DE ENERGIA ELÉTRICAREF FEVEREIRO VENCIMENTO GESTÃO E FESP";;;"Vencedor: ENERGISA TOCANTINS - DISTRIBUIDORA DE ENERGISA S/A CPF/CNPJ: 25086034000171";
;"FUNDO MUNICIPAL DE SAÚDE";2021023588;"Dispensa de Licitação";2026;27/03/2026;27/03/2026;;;427,11;;Homologada;"FORNECIMENTO DE ENERGIA ELÉTRICAREF FEVEREIRO VENCIMENTO CONSELHO MUNICIPAL DE SAÚDE";;;"Vencedor: ENERGISA TOCANTINS - DISTRIBUIDORA DE ENERGISA S/A CPF/CNPJ: 25086034000171";
;"FUNDO MUNICIPAL DE SAÚDE";2021023588;"Dispensa de Licitação";2026;27/03/2026;27/03/2026;;;187.896,05;;Homologada;"FORNECIMENTO DE ENERGIA ELÉTRICAREF FEVEREIRO VENCIMENTO AT PRIMÁRIA";;;"Vencedor: ENERGISA TOCANTINS - DISTRIBUIDORA DE ENERGISA S/A CPF/CNPJ: 25086034000171";
;"FUNDO MUNICIPAL DE SAÚDE";2021023588;"Dispensa de Licitação";2026;27/03/2026;27/03/2026;;;50.977,44;;Homologada;"FORNECIMENTO DE ENERGIA ELÉTRICAREF FEVEREIRO VENCIMENTO VIGILÂNCIA";;;"Vencedor: ENERGISA TOCANTINS - DISTRIBUIDORA DE ENERGISA S/A CPF/CNPJ: 25086034000171";
;"SECRETARIA MUNICIPAL DE TURISMO";2026001428;"Dispensa de Licitação";2026;27/03/2026;27/03/2026;;;46.684,00;;Homologada;"CONTRATAÇÃO DE EMPRESA ESPECIALIZADA PARA FORNECIMENTO CONFECÇÃO IMPRESSÃO E INSTALAÇÃO DE MATERIAIS GRÁFICOS E DE COMUNICAÇÃO VISUAL EM APOIO À REALIZAÇÃO DO º TORNEIO DE PESCA ESPORTIVA DA PANTANAL  TPP";;;"Vencedor: NOVA LOCAÇÕES DE ESTRUTURA E COMUNICAÇÃO LTDA CPF/CNPJ: 29842046000130

Vencedor: NOVA LOCAÇÕES DE ESTRUTURA E COMUNICAÇÃO LTDA CPF/CNPJ: 29842046000130

Vencedor: NOVA LOCAÇÕES DE ESTRUTURA E COMUNICAÇÃO LTDA CPF/CNPJ: 29842046000130";
;"FUNDO MUNICIPAL DE SAÚDE";20260555;"Dispensa de Licitação";2026;27/03/2026;27/03/2026;;;200.408,37;;Homologada;"FORNECIMENTO DE ENERGIA ELÉTRICAREF FEVEREIRO VENCIMENTO SAMU UPAS CAPS E ESPECIALIZADA";;;"Vencedor: ENERGISA TOCANTINS - DISTRIBUIDORA DE ENERGISA S/A CPF/CNPJ: 25086034000171";
;"FUNDO MUNICIPAL DE ASSISTÊNCIA SOCIAL";2024023852;"Dispensa de Licitação";2026;27/03/2026;27/03/2026;;;10.847,29;;Homologada;"DESPESA DE EXERCÍCIO ANTERIOR  APAXX SERVIÇOS FUNERARIOS NF Nº  REFERENTE AOS ATENDIMENTOS DO MÊS DE DEZEMBRO";;;"Vencedor: APAXX ASSISTENCIA FAMILIAR LTDA CPF/CNPJ: 50382479000146

Vencedor: APAXX ASSISTENCIA FAMILIAR LTDA CPF/CNPJ: 50382479000146

Vencedor: APAXX ASSISTENCIA FAMILIAR LTDA CPF/CNPJ: 50382479000146

Vencedor: APAXX ASSISTENCIA FAMILIAR LTDA CPF/CNPJ: 50382479000146

Vencedor: APAXX ASSISTENCIA FAMILIAR LTDA CPF/CNPJ: 50382479000146";
;"SECRETARIA MUNICIPAL DE DESENVOLVIMENTO SOCIAL";2026001243;"Dispensa de Licitação";2026;25/03/2026;27/03/2026;;;44.701,34;;Homologada;"AQUISIÇÃO DE MATERIAL DE LIMPEZA  PARA ATENDER AS DEMANDAS DOS EQUIPAMENTOS DA SECRETARIA MUNICIPAL DE DESENVOLVIMENTO SOCIAL DE PALMASTO";;;"Vencedor: WM COMERCIAL LTDA ME CPF/CNPJ: 26814906000133

Vencedor: WM COMERCIAL LTDA ME CPF/CNPJ: 26814906000133

Vencedor: WM COMERCIAL LTDA ME CPF/CNPJ: 26814906000133

Vencedor: WM COMERCIAL LTDA ME CPF/CNPJ: 26814906000133

Vencedor: WM COMERCIAL LTDA ME CPF/CNPJ: 26814906000133";
;"SECRETARIA MUNICIPAL DE INFRAESTRUTURA E SERVIÇOS PÚBLICOS";2023066257;"Dispensa de Licitação";2026;24/03/2026;24/03/2026;;;97.540,75;;Homologada;"AQUISIÇÃO DE MATERIAIS DE CONSTRUÇÃO E ELÉTRICOS VISANDO SUPRIR DEMANDAS EM EQUIPAMENTOS PÚBLICOS NO MUNICÍPIO DE PALMAS  TO";;;"Vencedor: N DOS SANTOS LTDA CPF/CNPJ: 11504824000115

Vencedor: N DOS SANTOS LTDA CPF/CNPJ: 11504824000115

Vencedor: N DOS SANTOS LTDA CPF/CNPJ: 11504824000115

Vencedor: N DOS SANTOS LTDA CPF/CNPJ: 11504824000115

Vencedor: N DOS SANTOS LTDA CPF/CNPJ: 11504824000115";
;"SECRETARIA MUNICIPAL DE INFRAESTRUTURA E SERVIÇOS PÚBLICOS";2025000459;"Dispensa de Licitação";2026;23/03/2026;23/03/2026;;;19.695,00;;Homologada;"DESPESAS  DE  EXERCÍCIO  ANTERIOR  DEA  EM  FAVOR  DA  EMPRESA CONECTA  COMÉRCIO  E SERVIÇOS LTDA INSTRUÍDO CONFORME PORTARIA CONJUNTA Nº SEPLANPGMCGM E DECRETO MUNICIPAL Nº";;;"Vencedor: CONECTA  COMERCIO  E  SERVIÇOS  LTDA CPF/CNPJ: 58138221000100";
;"FUNDO MUNICIPAL DE ASSISTÊNCIA SOCIAL";20260973;"Dispensa de Licitação";2026;23/03/2026;23/03/2026;;;21.760,00;;Homologada;"AQUISIÇÃO EMERGENCIAL DE COLCHÕES JOGOS DE ROUPA DE CAMA E TRAVESSEIROS DESTINADOS AO ATENDIMENTO IMEDIATO E TEMPORÁRIO DAS PESSOAOS E FAMÍLIASAFETADAS PELO VENDAVAL OCORRIDO NO MUNICÍPIO DE PALMAS";;;"Vencedor: AMPLA COMERCIAL LTDA CPF/CNPJ: 5891838000136

Vencedor: AMPLA COMERCIAL LTDA CPF/CNPJ: 5891838000136";
;"SECRETARIA MUNICIPAL DE DESENVOLVIMENTO SOCIAL";2026000258;"Dispensa de Licitação";2026;18/03/2026;;;;0,00;;"Aviso de Realização";"AQUISIÇÃO DE EXTINTORES  PARA ATENDER AS DEMANDAS DA SECRETARIA MUNICIPAL DE AÇÃO SOCIAL E DA MULHER";;;;
;"SECRETARIA MUNICIPAL DA EDUCAÇÃO";2024027893;"Dispensa de Licitação";2026;18/03/2026;26/03/2026;;;571.546,55;;Homologada;"RECONHECIMENTO  DE  DESPESA  DE  EXERCÍCIO  ANTERIOR  À  EMPRESA  INOVA  SERVICE  LTDA  PELOS  SERVIÇOS  PRESTADOS  EOU  FORNECIMENTO DE BENS DURANTE O TERMO DE AJUSTE DE CONTAS DO PROCESSO ADM NUP  ATRAVÉS DO TERMO DE DECLARAÇÃO DE DESPESAS DO EXERCÍCIO ANTERIOR Nº";;;"Vencedor: INOVA SERVICE LTDA CPF/CNPJ: 48175526000139

Vencedor: INOVA SERVICE LTDA CPF/CNPJ: 48175526000139

Vencedor: INOVA SERVICE LTDA CPF/CNPJ: 48175526000139

Vencedor: INOVA SERVICE LTDA CPF/CNPJ: 48175526000139

Vencedor: INOVA SERVICE LTDA CPF/CNPJ: 48175526000139";
;"FUNDO MUNICIPAL DE ASSISTÊNCIA SOCIAL";2026001305;"Dispensa de Licitação";2026;18/03/2026;18/03/2026;;;28.077,00;;Homologada;"A AQUISIÇÃO DE CESTAS BÁSICAS POR MEIO DE CONTRATAÇÃO DIRETA COM DISPENSA DE LICITAÇÃO DESTINADA A GARANTIR O ATENDIMENTO CONTÍNUO AOS CIDADÃOS EM SITUAÇÃO DEVULNERABILIDADE SOCIAL NO MUNICÍPIO DE PALMAS";;;"Vencedor: WM COMERCIAL LTDA ME CPF/CNPJ: 26814906000133";
;"PROCURADORIA GERAL DO MUNICÍPIO DE PALMAS";2025004843;"Dispensa de Licitação";2026;18/03/2026;18/03/2026;;;32.956,40;;Homologada;"CONTRATAÇÃO  DE  EMPRESA  ESPECIALIZADA  NO FORNECIMENTO  DE  REFEIÇÕES  TIPO  LANCHE  INDIVIDUAL  SERVIÇO  DE  COFFEE  BREAK  BOLOS CONFEITADOS E DEMAIS APARATOS COMO MESAS COPOS TALHERES PRATOS TRAVESSAS NECESSARIOS PARA OS EVENTOS E CONFRÃTERNIZÃÇO ES REÃLIZÃDOS POR ESSÃ PÃSTÃ";;;"Vencedor: GISELMA COELHO PEDROSA EIRELI CPF/CNPJ: 26229045000126

Vencedor: GISELMA COELHO PEDROSA EIRELI CPF/CNPJ: 26229045000126";
;"SECRETARIA MUNICIPAL DE INFRAESTRUTURA E SERVIÇOS PÚBLICOS";2025003245;"Dispensa de Licitação";2026;18/03/2026;18/03/2026;;;13.090,00;;Homologada;"OBJETO A CONTRATAÇÃO DE EMPRESA ESPECIALIZADA NA PRESTAÇÃO DE SERVIÇOS DE MANUTENÇÃO PREVENTIVA CORRETIVA CALIBRAÇÃO E REPOSIÇÃO DE PEÇAS DE BALANÇA FIXA INSTALADA NO ATERRO SANITÁRIO MUNICIPAL DE PALMASTO";;;"Vencedor: BALANCAS TOCANTINS LTDA - EPP CPF/CNPJ: 28525360000126

Vencedor: BALANCAS TOCANTINS LTDA - EPP CPF/CNPJ: 28525360000126

Vencedor: BALANCAS TOCANTINS LTDA - EPP CPF/CNPJ: 28525360000126

Vencedor: BALANCAS TOCANTINS LTDA - EPP CPF/CNPJ: 28525360000126

Vencedor: BALANCAS TOCANTINS LTDA - EPP CPF/CNPJ: 28525360000126";
;"SECRETARIA MUNICIPAL DE DESENVOLVIMENTO SOCIAL";2026000258;"Dispensa de Licitação";2026;17/03/2026;18/03/2026;;;546,00;;Homologada;"AQUISIÇÃO DE EXTINTORES  PARA ATENDER AS DEMANDAS DA SECRETARIA MUNICIPAL DE AÇÃO SOCIAL E DA MULHER";;;"Vencedor: EXTINSEG EQUIPAMENTOS DE SEGURANCA LTDA - ME CPF/CNPJ: 8737642000180";
;"CASA CIVIL DO MUNICÍPIO DE PALMAS";2025006667;"Dispensa de Licitação";2026;17/03/2026;17/03/2026;;;7.566,10;;Homologada;"AQUISIÇÃO DE UTENSÍLIOS DE COPA E COZINHA";;;"Vencedor: PUJANÇA COMERCIO E SERVIÇOS LTDA CPF/CNPJ: 49450180000100

Vencedor: PUJANÇA COMERCIO E SERVIÇOS LTDA CPF/CNPJ: 49450180000100

Vencedor: PUJANÇA COMERCIO E SERVIÇOS LTDA CPF/CNPJ: 49450180000100

Vencedor: PUJANÇA COMERCIO E SERVIÇOS LTDA CPF/CNPJ: 49450180000100

Vencedor: PUJANÇA COMERCIO E SERVIÇOS LTDA CPF/CNPJ: 49450180000100";
;"SECRETARIA DO GABINETE DO PREFEITO";2026000414;"Dispensa de Licitação";2026;17/03/2026;18/03/2026;;;4.590,50;;Homologada;"AQUISIÇÃO DE EQUIPAMENTO DE TECNOLOGIA DA INFORMAÇÃO DESTINADOS À AMPLIAÇÃO DA INFRAESTRUTURA DE REDE E À PROTEÇÃO ELÉTRICA DE EQUIPAMENTOS DASECRETARIA DO GABINETE DO PREFEITO";;;"Vencedor: BR DISTRIBUIDORA E IMPORTADORA DE EQUIPAMENTOS DE INFORMATICA LTDA CPF/CNPJ: 14739149000525

Vencedor: BR DISTRIBUIDORA E IMPORTADORA DE EQUIPAMENTOS DE INFORMATICA LTDA CPF/CNPJ: 14739149000525";
;"SECRETARIA MUNICIPAL DE PROTEÇÃO E BEM-ESTAR ANIMAL";2025001709;"Dispensa de Licitação";2026;13/03/2026;13/03/2026;;;320,83;;Homologada;"CONTRATAÇÃO DE EMPRESA ESPECIALIZADA NO FORNECIMENTO  DE  TOKENS  DIGITAIS  COM  CERTIFICADO  ICPBRASIL  VISANDO  ATENDER  AS DEMANDAS  DE  ADMINISTRATIVAS  E  OPERACIONAIS  DA  SECRETARIA  MUNICIPAL  DE  PROTEÇÃO E BEMESTAR  ANIMAL";;;"Vencedor: R/C CARTUCHOS, INFORMATICA E PAPELARIA LTDA CPF/CNPJ: 6015659000106";
;"SECRETARIA MUNICIPAL DE DESENVOLVIMENTO URBANO E SERVIÇOS REGIONAIS";2021003401;"Dispensa de Licitação";2026;13/03/2026;13/03/2026;;;307.934,03;;Homologada;"RECONHECIMENTO E PAGAMENTO DE DESPESAS DE EXERCÍCIOS ANTERIOR REFERENTE AO PROCESSO   NUP FORNECIMENTO E IMPLANTAÇÃO DE EQUIPAMENTOS DE SINALIZAÇÃO SEMAFÓRICA";;;"Vencedor: CONSÓRCIO PN CPF/CNPJ: 48037814000127

Vencedor: CONSÓRCIO PN CPF/CNPJ: 48037814000127

Vencedor: CONSÓRCIO PN CPF/CNPJ: 48037814000127";
;"SECRETARIA MUNICIPAL DE DESENVOLVIMENTO URBANO E SERVIÇOS REGIONAIS";2026001125;"Dispensa de Licitação";2026;12/03/2026;12/03/2026;;;32.020,00;;Homologada;"RECONHECIMENTO DE DÍVIDA  PAGAMENTO DE DEPESA DE EXERCICIO ANTERIOR  AQUISIÇAO DE MATERIAL PARA APLICAÇA O DE SINALIZAÇA O VIA RIA HORIZONTAL E VERTICAL CONTRATO N  PROCESSO ORIGINÁRIO NUP";;;"Vencedor: RUMOCERTO SOLUCOES, TECNOLOGIA E SERVICOS LTDA CPF/CNPJ: 50111583000104

Vencedor: RUMOCERTO SOLUCOES, TECNOLOGIA E SERVICOS LTDA CPF/CNPJ: 50111583000104

Vencedor: RUMOCERTO SOLUCOES, TECNOLOGIA E SERVICOS LTDA CPF/CNPJ: 50111583000104

Vencedor: RUMOCERTO SOLUCOES, TECNOLOGIA E SERVICOS LTDA CPF/CNPJ: 50111583000104

Vencedor: RUMOCERTO SOLUCOES, TECNOLOGIA E SERVICOS LTDA CPF/CNPJ: 50111583000104";
;"FUNDO MUNICIPAL DE SAÚDE";2026000500;"Dispensa de Licitação";2026;11/03/2026;11/03/2026;;;120,00;;Homologada;"CONTRATAÇÃO DE EMPRESA ESPECIALIZADA NA REALIZAÇÃO DA  COMPRA DO EXAME HOLTER  HORAS  P ARA  ATENDER  A  DECISÃO  JUDICIAL  AUTOS  N    TO   REFERENTE AO PACIENTE IZAIAS SOUSA DE ARAÚJO";;;"Vencedor: ROCHAS TAVARES FIDELIS LTDA CPF/CNPJ: 60717289000196";
;"CASA CIVIL DO MUNICÍPIO DE PALMAS";2025006667;"Dispensa de Licitação";2026;11/03/2026;;;;0,00;;"Aviso de Realização";"ABERTURA  DE  DESPESAS  DE  EXERCÍCIO  ANTERIOR  CONFORME  ESTABELECIDO  NA  PORTARIA CONJUNTA Nº SEPLANSEFINPGMCGM PUBLICADA NO DOMP Nº  DE  DE FEVEREIRO DE   JUNTO  À  PUJANÇA  COMÉRCIO  E  SERVIÇOS  LTDA INSCRITA NO CADASTRO NACIONAL DE PESSOA JURÍDICA  CNPJ SOB O Nº AQUISIÇÃO DE UTENSÍLIOS DE COPA E COZINHA";;;;
;"AGENCIA DE REGULACAO, CONTROLE E FISCALIZACAO DE SERVICOS PUBLICOS DE PALMAS";2025006612;"Dispensa de Licitação";2026;11/03/2026;11/03/2026;;;750,00;;Homologada;"CONTRATAÇÃO DE EMPRESA ESPECIALIZADA PARA PRESTAÇÃO DE SERVIÇOS DE MANUTENÇÃO PREVENTIVA E CORRETIVA EM BEBEDOURO";;;"Vencedor: DEDETIZADORA LOOP LTDA CPF/CNPJ: 46944917000145";
;"SECRETARIA MUNICIPAL DE INFRAESTRUTURA E SERVIÇOS PÚBLICOS";2024025884;"Dispensa de Licitação";2026;11/03/2026;11/03/2026;;;1.079,00;;Homologada;"PRESTAÇÃO DE SERVIÇOS DE CHAVEIRO COM FORNECIMENTO DE MATERIAIS";;;"Vencedor: PALMAS CHAVES SERVIÇO LTDA CPF/CNPJ: 2485653000133

Vencedor: PALMAS CHAVES SERVIÇO LTDA CPF/CNPJ: 2485653000133

Vencedor: PALMAS CHAVES SERVIÇO LTDA CPF/CNPJ: 2485653000133

Vencedor: PALMAS CHAVES SERVIÇO LTDA CPF/CNPJ: 2485653000133";
;"SECRETARIA MUNICIPAL DE TURISMO";2026001019;"Dispensa de Licitação";2026;11/03/2026;11/03/2026;;;18.410,00;;Homologada;"AQUISIÇÃO DE TROFÉUS PERSONALIZADOS EM APOIO AO EVENTO TORNEIO DE PESCA ESPORTIVA TOCANTINSTPE";;;"Vencedor: ZANOELLO INDUSTRIA DE TROFEUS E MEDALHAS LTDA CPF/CNPJ: 81839540000165

Vencedor: ZANOELLO INDUSTRIA DE TROFEUS E MEDALHAS LTDA CPF/CNPJ: 81839540000165

Vencedor: ZANOELLO INDUSTRIA DE TROFEUS E MEDALHAS LTDA CPF/CNPJ: 81839540000165

Vencedor: ZANOELLO INDUSTRIA DE TROFEUS E MEDALHAS LTDA CPF/CNPJ: 81839540000165";
;"CASA CIVIL DO MUNICÍPIO DE PALMAS";2025006667;"Dispensa de Licitação";2026;11/03/2026;11/03/2026;;;38.027,31;;Homologada;"AQUISIÇÃO DE UTENSÍLIOS DE COPA E COZINHA COM VISTAS A SUPRIR AS NECESSIDADES DA SEDE DA CASA  CIVIL  DO  MUNICÍPIO  E  DAS  UNIDADES  DE   TENDIMENTO  DO  RESOLVE  PALMAS POR MEIO DA  CATEGORIA  DESPESAS DE EXERCÍCIOS ANTERIORES";;;"Vencedor: AMPLA COMERCIAL LTDA CPF/CNPJ: 5891838000136

Vencedor: AMPLA COMERCIAL LTDA CPF/CNPJ: 5891838000136

Vencedor: AMPLA COMERCIAL LTDA CPF/CNPJ: 5891838000136

Vencedor: AMPLA COMERCIAL LTDA CPF/CNPJ: 5891838000136

Vencedor: AMPLA COMERCIAL LTDA CPF/CNPJ: 5891838000136";
;"SECRETARIA MUNICIPAL DE INFRAESTRUTURA E SERVIÇOS PÚBLICOS";2025003245;"Dispensa de Licitação";2026;11/03/2026;11/03/2026;;;38.600,00;;Homologada;"CONTRATAÇÃO DE EMPRESA ESPECIALIZADA NA PRESTAÇÃO DE SERVIÇOS DE MANUTENÇÃO PREVENTIVA CORRETIVA CALIBRAÇÃO E REPOSIÇÃO DE PEÇAS DE BALANÇA FIXA INSTALADA NO ATERRO SANITÁRIO MUNICIPAL DE PALMASTOPRODATA";;;"Vencedor: BALANCAS TOCANTINS LTDA - EPP CPF/CNPJ: 28525360000126

Vencedor: BALANCAS TOCANTINS LTDA - EPP CPF/CNPJ: 28525360000126

Vencedor: BALANCAS TOCANTINS LTDA - EPP CPF/CNPJ: 28525360000126

Vencedor: BALANCAS TOCANTINS LTDA - EPP CPF/CNPJ: 28525360000126

Vencedor: BALANCAS TOCANTINS LTDA - EPP CPF/CNPJ: 28525360000126";
;"FUNDO MUNICIPAL DE SAÚDE";2026000564;"Dispensa de Licitação";2026;11/03/2026;11/03/2026;;;3.300,00;;Homologada;"CONTRATAÇÃO DE EMPRESA ESPECIALIZADA NA REALIZAÇÃO DA CONTRATAÇÃO DE EMPRESA ESPECIALIZADA NA CONFECÇÃO DE PRÓTESE PARCIAL REMOVÍVEL  PPR SUPERIOR E INFERIOR PARA ATENDER A DECISÃO JUDICIAL AUTOS N TO REFERENTE AO PACIENTE FELIX IVANDRO PERES";;;"Vencedor: IDEALIZE ODONTOLOGIA AVANCADA LTDA CPF/CNPJ: 42525119000128

Vencedor: IDEALIZE ODONTOLOGIA AVANCADA LTDA CPF/CNPJ: 42525119000128";
;"CASA CIVIL DO MUNICÍPIO DE PALMAS";2025006667;"Dispensa de Licitação";2026;11/03/2026;11/03/2026;;;1.100,00;;Homologada;"DEA DEPEL  COPA E COZINHA";;;"Vencedor: DPEL DISTRIBUIDORA DE PAPELARIA E LIMPEZA LTDA CPF/CNPJ: 53558020000149";
;"SECRETARIA MUNICIPAL DA EDUCAÇÃO";2025007360;"Dispensa de Licitação";2026;11/03/2026;12/03/2026;;;2.049.992,21;;Homologada;"RECONHECIMENTO DE DESPESA DE EXERCÍCIO ANTERIOR REFERENTE À EMPRESA EMPÓRIO COMÉRCIO ATACADISTA LTDA EM RAZÃO DO FORNECIMENTO DE GÊNEROS ALIMENTÍCIOSREALIZADO DURANTE A VIGÊNCIA DO CONTRATO Nº  CORRESPODENTE A NOTA FISCAL";;;"Vencedor: EMPORIO COMERCIO ATACADISTA LTDA CPF/CNPJ: 7290015000180

Vencedor: EMPORIO COMERCIO ATACADISTA LTDA CPF/CNPJ: 7290015000180

Vencedor: EMPORIO COMERCIO ATACADISTA LTDA CPF/CNPJ: 7290015000180

Vencedor: EMPORIO COMERCIO ATACADISTA LTDA CPF/CNPJ: 7290015000180

Vencedor: EMPORIO COMERCIO ATACADISTA LTDA CPF/CNPJ: 7290015000180";
;"PROCURADORIA GERAL DO MUNICÍPIO DE PALMAS";2025006857;"Dispensa de Licitação";2026;10/03/2026;10/03/2026;;;5.119,50;;Homologada;"CONTRATAÇÃO DE EMPRESA ESPECIALIZADA PARA EXECUÇÃO DE SERVIÇOS DE CHAVEIRO INCLUINDO O FORNECIMENTO DE MATERIAIS";;;"Vencedor: ANTONIO CUSTODIO ME CPF/CNPJ: 10614174000106

Vencedor: ANTONIO CUSTODIO ME CPF/CNPJ: 10614174000106

Vencedor: ANTONIO CUSTODIO ME CPF/CNPJ: 10614174000106

Vencedor: ANTONIO CUSTODIO ME CPF/CNPJ: 10614174000106

Vencedor: ANTONIO CUSTODIO ME CPF/CNPJ: 10614174000106";
;"SECRETARIA MUNICIPAL DE ZELADORIA URBANA";2025008373;"Dispensa de Licitação";2026;10/03/2026;10/03/2026;;;13.320,00;;Homologada;"CONTRATAÇÃO DE EMPRESA ESPECIALIZADA NA DISTRIBUIÇÃO DE RECARGAS DE GÁS LIQUEFEITO DE PETRÓLEO GLP EM BOTIJÕES DE  KG PELO PERÍODO DE  DOZE MESES  COM  O  OBJETIVO  DE  ATENDER  ÀS  DEMANDAS  DA  SECRETARIA  MUNICIPAL  DE  ZELADORIA  URBANA";;;"Vencedor: K G FERRAZ EIRELI CPF/CNPJ: 22460102000122";
;"CASA CIVIL DO MUNICÍPIO DE PALMAS";2024016361;"Dispensa de Licitação";2026;10/03/2026;10/03/2026;;;232,35;;Homologada;"FORNECIMENTO DE GELO SERVIÇOS PRESTADOS EOU FORNECIMENTO DE BENS DURANTE A VIGÊNCIA DO EMPENHO Nº";;;"Vencedor: PAULISTA INDUSTRIA E COMERCIO DE ALIMENTOS LTDA. - ME CPF/CNPJ: 6285410000102";
;"AGENCIA DE REGULACAO, CONTROLE E FISCALIZACAO DE SERVICOS PUBLICOS DE PALMAS";2026000515;"Dispensa de Licitação";2026;10/03/2026;10/03/2026;;;9.685,75;;Homologada;"MATERIAL DE EXPEDIENTE";;;"Vencedor: M GONÇALVES DE OLIVEIRA E CIA LTDA ME CPF/CNPJ: 21013566000128

Vencedor: M GONÇALVES DE OLIVEIRA E CIA LTDA ME CPF/CNPJ: 21013566000128

Vencedor: M GONÇALVES DE OLIVEIRA E CIA LTDA ME CPF/CNPJ: 21013566000128

Vencedor: M GONÇALVES DE OLIVEIRA E CIA LTDA ME CPF/CNPJ: 21013566000128

Vencedor: M GONÇALVES DE OLIVEIRA E CIA LTDA ME CPF/CNPJ: 21013566000128";
;"FUNDO MUNICIPAL DE SAÚDE";2025003421;"Dispensa de Licitação";2026;10/03/2026;10/03/2026;;;53.700,00;;Homologada;"AQUISIÇÃO DE MATERIAL DE PROCESSAMENTO DE DADOS NOTEBOOKS A FIM DE APOIAR AS ATIVIDADES ADMINISTRATIVAS OPERACIONAIS E ESTRATÉGICOS DA REDE MUNICIPAL DE SAÚDE";;;"Vencedor: T. HEBLT COMERCIAL LTDA CPF/CNPJ: 55847501000108";
;"INSTITUTO DE PREVIDÊNCIA SOCIAL DO MUNICÍPIO DE PALMAS";2025008594;"Dispensa de Licitação";2026;10/03/2026;10/03/2026;;;54.000,00;;Homologada;"CONTRATAÇÃO DE EMPRESA ESPECIALIZADA NO SERVIÇO DE LOCAÇÃO DE VEÍCULO AUTOMOTIVO";;;"Vencedor: FOX RENTA A CAR LOCADORA LTDA ME CPF/CNPJ: 17724207000101";
;"SECRETARIA MUNICIPAL DE INFRAESTRUTURA E SERVIÇOS PÚBLICOS";2025003245;"Dispensa de Licitação";2026;10/03/2026;10/03/2026;;;5.000,00;;Homologada;"CONTRATAÇÃO DE EMPRESA ESPECIALIZADA NA PRESTAÇÃO DE SERVIÇOS DE MANUTENÇÃO PREVENTIVA CORRETIVA CALIBRAÇÃO E REPOSIÇÃO DE PEÇAS DE BALANÇA FIXA INSTALADA NO ATERRO SANITÁRIO MUNICIPAL DE PALMASTOPRODATA";;;"Vencedor: BALANCAS TOCANTINS LTDA - EPP CPF/CNPJ: 28525360000126";
;"SECRETARIA MUNICIPAL DE INFRAESTRUTURA E SERVIÇOS PÚBLICOS";2026000611;"Dispensa de Licitação";2026;10/03/2026;10/03/2026;;;130.208,99;;Homologada;"CONTRATAÇÃO DE EMPRESA ESPECIALIZADA PARA INSTALAÇÃO DE ILUMINAÇÃO PÚBLICA DA PRAÇA SAGRADA FAMÍLIA DAS MARIAS NO SETOR SANTA BÁRBARA";;;"Vencedor: TOTTAL NORTE SOLUÇOES MAQUINAS E ENGENHARIA CPF/CNPJ: 54487005000110";
;"FUNDO MUNICIPAL DE SAÚDE";2026000715;"Dispensa de Licitação";2026;10/03/2026;10/03/2026;;;700,00;;Homologada;"REALIZAÇÃO DE UMA CONSULTA EM ENDOCRINOLOGIA  PEDIÁTRICA";;;"Vencedor: NG SERVICOS MEDICOS LTDA CPF/CNPJ: 26707714000128";
;"SECRETARIA MUNICIPAL DE PROTEÇÃO E BEM-ESTAR ANIMAL";2025008071;"Dispensa de Licitação";2026;09/03/2026;09/03/2026;;;44.793,00;;Homologada;"CONTRATAÇÃO DE CLINICA VETERINÁRIA PARA PRESTAÇÃO DE SERVIÇO DE MEDICO VETERINÁRIO";;;"Vencedor: A. P. L. PEREIRA CPF/CNPJ: 20705548000144

Vencedor: A. P. L. PEREIRA CPF/CNPJ: 20705548000144

Vencedor: A. P. L. PEREIRA CPF/CNPJ: 20705548000144

Vencedor: A. P. L. PEREIRA CPF/CNPJ: 20705548000144

Vencedor: A. P. L. PEREIRA CPF/CNPJ: 20705548000144";
;"CASA CIVIL DO MUNICÍPIO DE PALMAS";2025006694;"Dispensa de Licitação";2026;09/03/2026;09/03/2026;;;9.175,65;;Homologada;"AQUISIÇÃO  DE  ELETRODOMÉSTICOS  DESTINADOS  A SUPRIR AS NECESSIDADES OPERACIONAIS E DE INFRAESTRUTURA DA SEDE DA CASA CIVIL DO MUNICÍPIO E DAS UNIDADES DO RESOLVE PALMAS";;;"Vencedor: BKS DISTRIBUIDORA E SERVICOS - LTDA CPF/CNPJ: 59745964000101

Vencedor: BKS DISTRIBUIDORA E SERVICOS - LTDA CPF/CNPJ: 59745964000101

Vencedor: BKS DISTRIBUIDORA E SERVICOS - LTDA CPF/CNPJ: 59745964000101";
;"CASA CIVIL DO MUNICÍPIO DE PALMAS";2024024957;"Dispensa de Licitação";2026;09/03/2026;09/03/2026;;;2.057,00;;Homologada;"DEA  PRESTAÇÃO DE SERVIÇOS DE FORNECIMENTO DE CARIMBOS AUTOMÁTICOS OU AUTO ENTINTADO BORRACHA PARA CARIMBO E REFIL COM A FINALIDADE DE ATENDER AS DEMANDAS DA CASA CIVIL DO MUNICÍPIO";;;"Vencedor: R/C CARTUCHOS, INFORMATICA E PAPELARIA LTDA CPF/CNPJ: 6015659000106

Vencedor: R/C CARTUCHOS, INFORMATICA E PAPELARIA LTDA CPF/CNPJ: 6015659000106

Vencedor: R/C CARTUCHOS, INFORMATICA E PAPELARIA LTDA CPF/CNPJ: 6015659000106

Vencedor: R/C CARTUCHOS, INFORMATICA E PAPELARIA LTDA CPF/CNPJ: 6015659000106

Vencedor: R/C CARTUCHOS, INFORMATICA E PAPELARIA LTDA CPF/CNPJ: 6015659000106";
;"CASA CIVIL DO MUNICÍPIO DE PALMAS";2025006694;"Dispensa de Licitação";2026;09/03/2026;09/03/2026;;;2.459,70;;Homologada;"AQUISIÇÃO  DE  ELETRODOMÉSTICOS  DESTINADOS  A SUPRIR AS NECESSIDADES OPERACIONAIS E DE INFRAESTRUTURA DA SEDE DA CASA CIVIL DO MUNICÍPIO E DAS UNIDADES DO RESOLVE PALMAS";;;"Vencedor: BKS DISTRIBUIDORA E SERVICOS - LTDA CPF/CNPJ: 59745964000101";
;"CASA CIVIL DO MUNICÍPIO DE PALMAS";2025006694;"Dispensa de Licitação";2026;09/03/2026;09/03/2026;;;4.762,87;;Homologada;"DEA  AQUISIÇÃO  DE  ELETRODOMÉSTICOS  DESTINADOS  A  SUPRIR AS NECESSIDADES OPERACIONAIS E DE INFRAESTRUTURA DA SEDE  DA  CASA  CIVIL  DO  MUNICÍPIO  E  DAS  UNIDADES  DO RESOLVE PALMAS";;;"Vencedor: T. HEBLT COMERCIAL LTDA CPF/CNPJ: 55847501000108

Vencedor: T. HEBLT COMERCIAL LTDA CPF/CNPJ: 55847501000108

Vencedor: T. HEBLT COMERCIAL LTDA CPF/CNPJ: 55847501000108";
;"CASA CIVIL DO MUNICÍPIO DE PALMAS";2025006694;"Dispensa de Licitação";2026;09/03/2026;09/03/2026;;;4.087,89;;Homologada;"CONTRATAÇÃO DE EMPRESA ESPECIALIZADA EM FORNECIMENTO DE ELETRODOMESTICOS DESTINADOS A SUPRIR AS NECESSIDADES OPERACIONAIS E DE INFRAESTRUTURA DA SEDE DA CASA CIVIL DO MUNICIPIO E DAS UNIDADES DO RESOLVE PALMAS";;;"Vencedor: PUJANÇA COMERCIO E SERVIÇOS LTDA CPF/CNPJ: 49450180000100

Vencedor: PUJANÇA COMERCIO E SERVIÇOS LTDA CPF/CNPJ: 49450180000100

Vencedor: PUJANÇA COMERCIO E SERVIÇOS LTDA CPF/CNPJ: 49450180000100";
;"CASA CIVIL DO MUNICÍPIO DE PALMAS";2025006694;"Dispensa de Licitação";2026;09/03/2026;09/03/2026;;;1.247,92;;Homologada;"CONTRATAÇÃO DE EMPRESA ESPECIALIZADA EM FORNECIMENTO DE ELETRODOMESTICOS DESTINADOS A SUPRIR AS NECESSIDADES OPERACIONAIS E DE INFRAESTRUTURA DA SEDE DA CASA CIVIL DO MUNICIPIO E DAS UNIDADES DO RESOLVE PALMAS";;;"Vencedor: PUJANÇA COMERCIO E SERVIÇOS LTDA CPF/CNPJ: 49450180000100";
;"SECRETARIA MUNICIPAL DE INFRAESTRUTURA E SERVIÇOS PÚBLICOS";2025001595;"Dispensa de Licitação";2026;09/03/2026;09/03/2026;;;17.612,05;;Homologada;"AQUISIÇÃO DE AQUISIÇÃO DE CAFÉ AÇÚCAR E ÁGUA MINERAL";;;"Vencedor: JM BRAGA COMERCIAL BRILHANTE CPF/CNPJ: 37010127000100

Vencedor: META COM. DE EQUIP. PARA ESCRITORIO LTDA CPF/CNPJ: 28294453000197

Vencedor: JM BRAGA COMERCIAL BRILHANTE CPF/CNPJ: 37010127000100

Vencedor: J A SANTOS COMERCIO E SERVIÇO LTDA CPF/CNPJ: 48777300000108";
;"PROCURADORIA GERAL DO MUNICÍPIO DE PALMAS";2024027831;"Dispensa de Licitação";2026;09/03/2026;09/03/2026;;;3.360,00;;Homologada;"CONTRATAÇÃO DE EMPRESA ESPECIALIZADA EM DEDETIZAÇÃO E DESRATIZAÇÃO";;;"Vencedor: DEDETIZADORA LOOP LTDA CPF/CNPJ: 46944917000145";
;"SECRETARIA MUNICIPAL DE INFRAESTRUTURA E SERVIÇOS PÚBLICOS";2024029486;"Dispensa de Licitação";2026;09/03/2026;09/03/2026;;;37.200,00;;Homologada;"DEA  CONTRATO  Nº    FORNECIMENTO  DE  ARTEFATOS  TUBOS  GRELHAS  CHAPÉU  SUPORTE  KIT BOCA DE LOBO CANALETA E ADUELA PARA ATENDER AS NECESSIDADES DA SECRETARIA MUNICIPAL DE INFRAESTRUTURA E HABITAÇÃO";;;"Vencedor: COMERCIAL MISTURAO DO SUL LTDA CPF/CNPJ: 40705982000131";
;"SECRETARIA MUNICIPAL DE PLANEJAMENTO E DESENVOLVIMENTO HUMANO";2025002636;"Dispensa de Licitação";2026;06/03/2026;06/03/2026;;;19.961,00;;Homologada;"CONTRATAÇÃO DE EMPRESA ESPECIALIZADA NA PRESTAÇÃO DE SERVIÇOS DE FORNECIMENTO DE REFEIÇÕES PRONTAS MARMITEX E LANCHES DESTINADOS A SUPRIR AS DEMANDAS DA SECRETARIA MUNICIPAL DE PLANEJAMENTO E GESTÃO";;;"Vencedor: CASA DO BENTO RESTAURANTE EIRELI CPF/CNPJ: 33784346000187

Vencedor: CASA DO BENTO RESTAURANTE EIRELI CPF/CNPJ: 33784346000187";
;"SECRETARIA MUNICIPAL DE DESENVOLVIMENTO SOCIAL";2026000669;"Dispensa de Licitação";2026;06/03/2026;06/03/2026;;;2.744,99;;Homologada;"CONTRATAÇÃO DE SEGURO VEICULAR";;;"Vencedor: PORTO SEGURO COMPANHIA DE SEGUROS GERAIS CPF/CNPJ: 61198164000160";
;"CASA CIVIL DO MUNICÍPIO DE PALMAS";2025000382;"Dispensa de Licitação";2026;06/03/2026;06/03/2026;;;571,17;;Homologada;"CONTRATAÇÃO  DE  EMPRESA  ESPECIALIZADA  EM  FORNECIMENTO  CERTIFICADOS  DIGITAIS  CPF  E  CNPJ DO TIPO A COM VALIDADE DE  ANO E CPF A COM VALIDADE DE  ANOS DENTRO DAS ESPECIFICAÇÕES E NORMAS DA ICPBRASIL";;;"Vencedor: R/C CARTUCHOS, INFORMATICA E PAPELARIA LTDA CPF/CNPJ: 6015659000106

Vencedor: R/C CARTUCHOS, INFORMATICA E PAPELARIA LTDA CPF/CNPJ: 6015659000106";
;"SECRETARIA MUNICIPAL DE PROTEÇÃO E BEM-ESTAR ANIMAL";2025004094;"Dispensa de Licitação";2026;06/03/2026;06/03/2026;;;29.450,69;;Homologada;"QUISIÇÃO  DE   ELETRODOMÉSTICOS   E   ELETROELETRÔNICOS  DESTINADOS   AO   ATENDIMENTO   DAS NECESSIDADES DIÁRIAS DA SECRETARIA MUNICIPAL DE PROTEÇÃO E BEMESTAR ANIMAL";;;"Vencedor: BKS DISTRIBUIDORA E SERVICOS - LTDA CPF/CNPJ: 59745964000101

Vencedor: SETE DISTRIBUIDORA LTDA CPF/CNPJ: 45591859000150

Vencedor: BKS DISTRIBUIDORA E SERVICOS - LTDA CPF/CNPJ: 59745964000101

Vencedor: AMPLA COMERCIAL LTDA CPF/CNPJ: 5891838000136

Vencedor: BKS DISTRIBUIDORA E SERVICOS - LTDA CPF/CNPJ: 59745964000101";
;"PROCURADORIA GERAL DO MUNICÍPIO DE PALMAS";2025003143;"Dispensa de Licitação";2026;06/03/2026;06/03/2026;;;10.580,00;;Homologada;"AQUISIÇÃO DE MATERIAIS DE COPA E COZINHA";;;"Vencedor: PUJANÇA COMERCIO E SERVIÇOS LTDA CPF/CNPJ: 49450180000100

Vencedor: PUJANÇA COMERCIO E SERVIÇOS LTDA CPF/CNPJ: 49450180000100

Vencedor: CENTRAL CARTUCHOS SERVIÇOS DE INFORMÁTICA LTDA CPF/CNPJ: 10779409000101

Vencedor: CENTRAL CARTUCHOS SERVIÇOS DE INFORMÁTICA LTDA CPF/CNPJ: 10779409000101";
;"SECRETARIA MUNICIPAL DE ZELADORIA URBANA";2025002539;"Dispensa de Licitação";2026;06/03/2026;06/03/2026;;;4.375,00;;Homologada;"DESPESAS DE EXERCÍCIO ANTERIORES  DEAPROCESSO ADMINISTRATIVO NUP DE ORIGEM OBJETO DO CONTRATOCONTRATAÇÃO DE EMPRESA ESPECIALIZADA PARA INSTALAÇÃO REMOÇÃO E MANUTENÇÃO DE AR CONDICIONADO POR MEIO DE COMPRA DIRETA PARA ATENDER AS NECESSIDADES DA SECRETARIA MUNICIPAL DE ZELADORIA URBANACONTRATO Nº";;;"Vencedor: ROCHA CLIMATIZACAO LTDA CPF/CNPJ: 33505372000129";
;"AGÊNCIA DE TRANSPORTE COLETIVO DE PALMAS";2025002927;"Dispensa de Licitação";2026;05/03/2026;05/03/2026;;;9.347.361,63;;Homologada;"CONTRATAÇÃO EMERGENCIAL DE EMPRESA ESPECIALIZADA PARA A PRESTAÇÃO DE SERVIÇOS PÚBLICO DE TRANSPORTES COLETIVO";;;"Vencedor: SANCETUR - SANTA CECILIA TURISMO LTDA CPF/CNPJ: 69144434000161";
;"SECRETARIA MUNICIPAL DE PLANEJAMENTO E DESENVOLVIMENTO HUMANO";2025006709;"Dispensa de Licitação";2026;05/03/2026;05/03/2026;;;2.835,60;;Homologada;"FORNECIMENTO DE CARGA DE GÁS LIQUEFEITO DE PETRÓLEO  GLP GÁS DE COZINHA EM BOTIJÃO VASILHAME DE  KG DE ACORDO COM AS NORMAS ATUAIS DA AGÊNCIA NACIONAL DO PETRÓLEO ANP";;;"Vencedor: K G FERRAZ EIRELI CPF/CNPJ: 22460102000122";
;"SECRETARIA MUNICIPAL DE PLANEJAMENTO E DESENVOLVIMENTO HUMANO";2025002636;"Dispensa de Licitação";2026;05/03/2026;;;;0,00;;Homologada;"CONTRATAÇÃO DE EMPRESA ESPECIALIZADA NA PRESTAÇÃO DE SERVIÇOS DE FORNECIMENTO DE REFEIÇÕES PRONTAS MARMITEX E LANCHES DESTINADOS A SUPRIR AS DEMANDAS DA SECRETARIA MUNICIPAL DE PLANEJAMENTO E GESTÃO";;;;
;"SECRETARIA MUNICIPAL DE INFRAESTRUTURA E SERVIÇOS PÚBLICOS";2026000652;"Dispensa de Licitação";2026;04/03/2026;04/03/2026;;;14.990,00;;Homologada;"CONTRATAÇÃO DE ASSINATURA DE ACESSO À FERRAMENTA BANCO DE PREÇOS PARAPESQUISA E COMPARAÇÃO DE PREÇOS PRATICADOS PELA ADMINISTRAÇÃO PÚBLICA";;;"Vencedor: NP TECNOLOGIA E GESTÃO DE DADOS LTDA CPF/CNPJ: 7797967000195";
;"SECRETARIA MUNICIPAL DE PLANEJAMENTO E DESENVOLVIMENTO HUMANO";2025002636;"Dispensa de Licitação";2026;04/03/2026;04/03/2026;;;19.961,00;;Homologada;"CONTRATAÇÃO DE EMPRESA ESPECIALIZADA NA PRESTAÇÃO DE SERVIÇOS DE FORNECIMENTO DE REFEIÇÕES PRONTAS MARMITEX E LANCHES DESTINADOS A SUPRIR ASDEMANDAS DA SECRETARIA MUNICIPAL DE PLANEJAMENTO ORÇAMENTO E LICITAÇÕES";;;"Vencedor: CASA DO BENTO RESTAURANTE EIRELI CPF/CNPJ: 33784346000187

Vencedor: CASA DO BENTO RESTAURANTE EIRELI CPF/CNPJ: 33784346000187";
;"PROCURADORIA GERAL DO MUNICÍPIO DE PALMAS";2024029228;"Dispensa de Licitação";2026;04/03/2026;04/03/2026;;;2.560,00;;Homologada;"AQUISIÇÃO  DE  CERTIFICADO  DIGITAL  TIPO  TOKEN  PARA  PESSOA  FÍSICA DO TIPO A VALIDADE DE  ANOS";;;"Vencedor: PEIXOTO E DIAS SOLUÇÃO EM NÉGOCIOS INTELIGENTES CPF/CNPJ: 12290274000141";
;"AGÊNCIA DE TRANSPORTE COLETIVO DE PALMAS";2026000478;"Dispensa de Licitação";2026;04/03/2026;04/03/2026;;;14.120,00;;Homologada;"CONTRATAÇÃO DE EMPRESA ESPECIALIZADA NO FORNECIMENTO DE MATERIAIS DE COPA E COZINHA";;;"Vencedor: VITRINE COMERCIAL LTDA - EPP CPF/CNPJ: 8140005000121

Vencedor: VITRINE COMERCIAL LTDA - EPP CPF/CNPJ: 8140005000121

Vencedor: VITRINE COMERCIAL LTDA - EPP CPF/CNPJ: 8140005000121

Vencedor: VITRINE COMERCIAL LTDA - EPP CPF/CNPJ: 8140005000121

Vencedor: VITRINE COMERCIAL LTDA - EPP CPF/CNPJ: 8140005000121";
;"SECRETARIA MUNICIPAL DE ZELADORIA URBANA";2025003445;"Dispensa de Licitação";2026;04/03/2026;04/03/2026;;;672.129,98;;Homologada;"DESPESA DE EXERCÍCIO ANTERIOR  DEA  EIXO NORTE";;;"Vencedor: EIXO NORTE LTDA CPF/CNPJ: 18033786000290";
;"AGÊNCIA DE TRANSPORTE COLETIVO DE PALMAS";2026000479;"Dispensa de Licitação";2026;03/03/2026;03/03/2026;;;8.667,50;;Homologada;"CONTRATAÇÃO DE EMPRESA ESPECIALIZADA NO FORNECIMENTO DE MATERIAIS DE LIMPEZA";;;"Vencedor: VITRINE COMERCIAL LTDA - EPP CPF/CNPJ: 8140005000121

Vencedor: VITRINE COMERCIAL LTDA - EPP CPF/CNPJ: 8140005000121

Vencedor: VITRINE COMERCIAL LTDA - EPP CPF/CNPJ: 8140005000121

Vencedor: VITRINE COMERCIAL LTDA - EPP CPF/CNPJ: 8140005000121

Vencedor: VITRINE COMERCIAL LTDA - EPP CPF/CNPJ: 8140005000121";
;"INSTITUTO DE PREVIDÊNCIA SOCIAL DO MUNICÍPIO DE PALMAS";2024027399;"Dispensa de Licitação";2026;03/03/2026;03/03/2026;;;26.665,00;;Homologada;"CONTRATAÇÃO DE EMPRESA ESPECIALIZADA PARA O FORNECIMENTO GERENCIAMENTO CONTROLE DE COMBUSTÍVEIS";;;"Vencedor: PRIME CONSULTORIA E ASSESSORIA EMPRESARIAL LTDA CPF/CNPJ: 5340639000130

Vencedor: PRIME CONSULTORIA E ASSESSORIA EMPRESARIAL LTDA CPF/CNPJ: 5340639000130";
;"FUNDO MUNICIPAL DE SAÚDE";2026000421;"Dispensa de Licitação";2026;03/03/2026;03/03/2026;;;700,00;;Homologada;"CONTRATAÇÃO DE EMPRESA ESPECIALIZADA NA REALIZAÇÃO DO PROCEDIMENTO CONSULTA EM ENDOCRINOLOGIA  PEDIATRIA PARA ATENDER A DECISÃO JUDICIAL AUTOS         TO REFERENTE À PACIENTE HELENA SOUSA DE MORAIS";;;"Vencedor: NG SERVICOS MEDICOS LTDA CPF/CNPJ: 26707714000128";
;"INSTITUTO DE PREVIDÊNCIA SOCIAL DO MUNICÍPIO DE PALMAS";2024023124;"Dispensa de Licitação";2026;03/03/2026;03/03/2026;;;27.543,00;;Homologada;"CONTRATAÇÃO DE TELEFONIA FIXA COMUTADA";;;"Vencedor: SOMADATTA INFORMATICA LTDA CPF/CNPJ: 2339355000135

Vencedor: SOMADATTA INFORMATICA LTDA CPF/CNPJ: 2339355000135

Vencedor: SOMADATTA INFORMATICA LTDA CPF/CNPJ: 2339355000135

Vencedor: SOMADATTA INFORMATICA LTDA CPF/CNPJ: 2339355000135

Vencedor: SOMADATTA INFORMATICA LTDA CPF/CNPJ: 2339355000135";
;"SECRETARIA DO GABINETE DO PREFEITO";2025002619;"Dispensa de Licitação";2026;03/03/2026;03/03/2026;;;22.890,00;;Homologada;"CONTRATAÇÃO DE EMPRESA ESPECIALIZADA NA PRESTAÇÃO DE SERVIÇOS DE LOCAÇÃO DE EQUIPAMENTOS PARA FESTIVIDADES VISANDO ATENDER ÀS NECESSIDADES DA SECRETARIA MUNICIPAL DO GABINETE DO PREFEITO E SEUS ÓRGÃOS SUBORDINADOS";;;"Vencedor: PUJANÇA COMERCIO E SERVIÇOS LTDA CPF/CNPJ: 49450180000100";
;"SECRETARIA DO GABINETE DO PREFEITO";2025002619;"Dispensa de Licitação";2026;03/03/2026;03/03/2026;;;24.375,00;;Homologada;"CONTRATAÇÃO DE EMPRESA ESPECIALIZADA NA PRESTAÇÃO DE SERVIÇOS DE LOCAÇÃO DE EQUIPAMENTOS PARA FESTIVIDADES VISANDO ATENDER ÀS NECESSIDADES DA SECRETARIA MUNICIPAL DO GABINETE DO PREFEITO E SEUS ÓRGÃOS SUBORDINADOS";;;"Vencedor: FAZ EVENTOS LTDA CPF/CNPJ: 26481518000188

Vencedor: FAZ EVENTOS LTDA CPF/CNPJ: 26481518000188

Vencedor: FAZ EVENTOS LTDA CPF/CNPJ: 26481518000188";
;"INSTITUTO DE PREVIDÊNCIA SOCIAL DO MUNICÍPIO DE PALMAS";2024029298;"Dispensa de Licitação";2026;03/03/2026;03/03/2026;;;6.320,30;;Homologada;"SERVIÇO DE CHAVEIRO DISPENSA ORDINÁRIA  REFERENTE AO CONTRATO Nº   PROCESSO Nº";;;"Vencedor: ANTONIO CUSTODIO ME CPF/CNPJ: 10614174000106

Vencedor: ANTONIO CUSTODIO ME CPF/CNPJ: 10614174000106

Vencedor: ANTONIO CUSTODIO ME CPF/CNPJ: 10614174000106

Vencedor: ANTONIO CUSTODIO ME CPF/CNPJ: 10614174000106

Vencedor: ANTONIO CUSTODIO ME CPF/CNPJ: 10614174000106";
;"SECRETARIA MUNICIPAL DE ZELADORIA URBANA";2025006885;"Dispensa de Licitação";2026;02/03/2026;02/03/2026;;;62.146,71;;Homologada;"PAGAMENTO DESPESAS DE EXERCÍCIO ANTERIR  VIGA COMERCIO AQUISIÇÃO DE MÁQUINA DE SINALIZAÇÃO VIÁRIA PROFISSIONAL PLACA VIBRATÓRIA E MARTELETE ROMPEDOR";;;"Vencedor: VIGA COMERCIO E SERVICOS LTDA CPF/CNPJ: 24310582000170

Vencedor: VIGA COMERCIO E SERVICOS LTDA CPF/CNPJ: 24310582000170

Vencedor: VIGA COMERCIO E SERVICOS LTDA CPF/CNPJ: 24310582000170";
;"SECRETARIA DO GABINETE DO PREFEITO";2025007350;"Dispensa de Licitação";2026;27/02/2026;27/02/2026;;;48.264,30;;Homologada;"DESPESAS DE EXERCÍCIO ANTERIOR  DEA AQUISIÇÃO DE ARTIGOS ESPORTIVOS E RECREATIVOS PARA ATENDER AS NECESSIDADES DA SECRETARIA MUNICIPAL DE GOVERNO";;;"Vencedor: SR SPORTS COMERCIO DE ARTIGOS ESPORTIVOS LTDA CPF/CNPJ: 11170630000120

Vencedor: SR SPORTS COMERCIO DE ARTIGOS ESPORTIVOS LTDA CPF/CNPJ: 11170630000120

Vencedor: SR SPORTS COMERCIO DE ARTIGOS ESPORTIVOS LTDA CPF/CNPJ: 11170630000120

Vencedor: SR SPORTS COMERCIO DE ARTIGOS ESPORTIVOS LTDA CPF/CNPJ: 11170630000120

Vencedor: SR SPORTS COMERCIO DE ARTIGOS ESPORTIVOS LTDA CPF/CNPJ: 11170630000120";
;"FUNDO MUNICIPAL DE SAÚDE";2021023588;"Dispensa de Licitação";2026;26/02/2026;26/02/2026;;;289,97;;Homologada;"FORNECIMENTO DE ENERGIA ELÉTRICA REF JANEIRO DE  VENCIMENTO  CONSELHO MUNICIPAL DE SAÚDE";;;"Vencedor: ENERGISA TOCANTINS - DISTRIBUIDORA DE ENERGISA S/A CPF/CNPJ: 25086034000171";
;"FUNDO MUNICIPAL DE SAÚDE";2021023588;"Dispensa de Licitação";2026;25/02/2026;25/02/2026;;;207.631,02;;Homologada;"FORNECIMENTO DE ENERGIA ELÉTRICA REF JANIERO DE   UPASCAPSSAMU E ESPECIALIZADA VENCIMENTO";;;"Vencedor: ENERGISA TOCANTINS - DISTRIBUIDORA DE ENERGISA S/A CPF/CNPJ: 25086034000171";
;"FUNDO MUNICIPAL DE SAÚDE";2021023588;"Dispensa de Licitação";2026;25/02/2026;25/02/2026;;;30.560,50;;Homologada;"FORNECIMENTO DE ENERGIA ELÉTRICA REF JANEIRO DE VENCIMENTO  VIGILÂNCIA";;;"Vencedor: ENERGISA TOCANTINS - DISTRIBUIDORA DE ENERGISA S/A CPF/CNPJ: 25086034000171";
;"FUNDO MUNICIPAL DE SAÚDE";2021023588;"Dispensa de Licitação";2026;25/02/2026;25/02/2026;;;43.547,95;;Homologada;"FORNECIMENTO DE ENERGIA ELÉTRICA REF JANEIRO DE VENCIMENTO  GESTÃO";;;"Vencedor: ENERGISA TOCANTINS - DISTRIBUIDORA DE ENERGISA S/A CPF/CNPJ: 25086034000171";
;"FUNDO MUNICIPAL DE SAÚDE";2021023588;"Dispensa de Licitação";2026;25/02/2026;25/02/2026;;;590,90;;Homologada;"FORNECIMENTO DE ENERGIA ELÉTRICA REF JANEIRO DE VENCIMENTO  FESP";;;"Vencedor: ENERGISA TOCANTINS - DISTRIBUIDORA DE ENERGISA S/A CPF/CNPJ: 25086034000171";
;"SECRETARIA MUNICIPAL DE DESENVOLVIMENTO URBANO E SERVIÇOS REGIONAIS";2025001764;"Dispensa de Licitação";2026;25/02/2026;25/02/2026;;;18.496,00;;Homologada;"CONTRATAÇÃO DE EMPRESA PARA AQUISIÇÃO E PRESTAÇÃO DE SERVIÇOS DE MANUTENÇÃO PREVENTIVA E CORRETIVA DE BEBEDOUROS E PURIFICADORES";;;"Vencedor: MORIA DETEIZADORA E ENGENHARIA LTDA CPF/CNPJ: 51616551000115

Vencedor: MORIA DETEIZADORA E ENGENHARIA LTDA CPF/CNPJ: 51616551000115

Vencedor: MORIA DETEIZADORA E ENGENHARIA LTDA CPF/CNPJ: 51616551000115

Vencedor: MORIA DETEIZADORA E ENGENHARIA LTDA CPF/CNPJ: 51616551000115";
;"INSTITUTO DE PREVIDÊNCIA SOCIAL DO MUNICÍPIO DE PALMAS";2026000559;"Dispensa de Licitação";2026;25/02/2026;25/02/2026;;;54.000,00;;Homologada;"CONTRATAÇÃO DE EMPRESA ESPECIALIZADA PARA A REALIZAÇÃO DE AVALIAÇÃO ATUARIAL E RELATÓRIO DE ANÁLISE DE HIPÓTESES COM A FINALIDADE DE AVALIAR A SITUAÇÃO ATUARIAL DO REGIME PREVIDENCIÁRIO NO ÂMBITO DO PREVIPALMAS";;;"Vencedor: ATUARH CONSULTORIA ATUARIAL E EMPRESARIAL LTDA CPF/CNPJ: 11189183000151

Vencedor: ATUARH CONSULTORIA ATUARIAL E EMPRESARIAL LTDA CPF/CNPJ: 11189183000151";
;"FUNDO MUNICIPAL DE SAÚDE";2025008860;"Dispensa de Licitação";2026;24/02/2026;24/02/2026;;;120,00;;Homologada;"CONTRATAÇÃO DE UMA EMPRESA ESPECIALIZADA NA REALIZAÇÃO DOPROCEDIMENTO HOLTERHORAS DESTINADO AO ATENDIMENTO DA DECISÃO JUDICIAL PROFERIDANOS AUTOS Nº TO EM FAVOR DA PACIENTE JANDIRA SOUSACUNHA";;;"Vencedor: ROCHAS TAVARES FIDELIS LTDA CPF/CNPJ: 60717289000196";
;"SECRETARIA MUNICIPAL DE INFRAESTRUTURA E SERVIÇOS PÚBLICOS";2026000506;"Dispensa de Licitação";2026;23/02/2026;25/02/2026;;;61.500,00;;Homologada;"CONTRATAÇÃO DE EMPRESA ESPECIALIZADA EM  FORNECIMENTO DE SERVIÇO MENSAL DE ACESSO A INTERNET VIA SATÉLITE DE BAIXA ÓRBITA NA MODALIDADE ITINERANTE COM FUNCIONAMENTO AUTOMÁTICO NO MUNICÍPIO DE PALMAS";;;"Vencedor: MOVI CONNECT LTDA CPF/CNPJ: 36817917000120";
;"SECRETARIA MUNICIPAL DE ZELADORIA URBANA";2025001180;"Dispensa de Licitação";2026;20/02/2026;20/02/2026;;;433.851,20;;Homologada;"RECONHECIMENTO DE DESPESAS DO EXERCÍCIO ANTERIOR  REFERENTE AO PROCESSO Nº  QUE TRATA SOBRE EMPRESA ESPECIALIZADA NO FORNECIMENTO E INSTALAÇÃO DE MOBILIÁRIOS ADMINISTRATIVOS COM O INTUITODE EQUIPAR A SECRETARIA MUNICIPAL DE ZELADORIA URBANA";;;"Vencedor: AURA COMERCIO E SERVIÇOS LTDA CPF/CNPJ: 43412823000137

Vencedor: AURA COMERCIO E SERVIÇOS LTDA CPF/CNPJ: 43412823000137

Vencedor: AURA COMERCIO E SERVIÇOS LTDA CPF/CNPJ: 43412823000137

Vencedor: AURA COMERCIO E SERVIÇOS LTDA CPF/CNPJ: 43412823000137

Vencedor: AURA COMERCIO E SERVIÇOS LTDA CPF/CNPJ: 43412823000137";
;"FUNDO MUNICIPAL DE SAÚDE";2022035807;"Dispensa de Licitação";2026;20/02/2026;20/02/2026;;;52.000,00;;Homologada;"PRESTAÇÃO DE SERVIÇOS DE INTERNETREF NOVEMBRO E DEZEMBRO   DEA";;;"Vencedor: NOVA TELECOM LTDA CPF/CNPJ: 8778322000178";
;"SECRETARIA MUNICIPAL DA FAZENDA E TRANSFORMAÇÃO DIGITAL";2025006855;"Dispensa de Licitação";2026;19/02/2026;04/03/2026;;;4.192,19;;Homologada;"AQUISIÇÃO DE MATERIAL DE EXPEDIENTE";;;"Vencedor: PONTUAL DISTRIBUIDORA EIRELE EPP CPF/CNPJ: 9097727000103

Vencedor: PONTUAL DISTRIBUIDORA EIRELE EPP CPF/CNPJ: 9097727000103

Vencedor: PONTUAL DISTRIBUIDORA EIRELE EPP CPF/CNPJ: 9097727000103

Vencedor: PONTUAL DISTRIBUIDORA EIRELE EPP CPF/CNPJ: 9097727000103

Vencedor: PONTUAL DISTRIBUIDORA EIRELE EPP CPF/CNPJ: 9097727000103";
;"FUNDO MUNICIPAL DE ASSISTÊNCIA SOCIAL";2025007538;"Dispensa de Licitação";2026;13/02/2026;13/02/2026;;;1.958,90;;Homologada;"CONTRATAÇÃO DE EMPRESA PARA O FORNECIMENTO DE ARTIGOS DE CAMA MESA E BANHO DE NATUREZA DE CONSUMO E DE BENS PERMANENTES COMPREENDENDO OS COLCHÕES A FIM DE ATENDER DEMANDA DOS EQUIPAMENTOS DE ACOLHIMENTOS DE PESSOAS EM SITUAÇÃO DE VULNERABILIDADE SOCIAL DA SECRETARIA MUNICIPAL DE AÇÃO SOCIAL";;;"Vencedor: AMPLA COMERCIAL LTDA CPF/CNPJ: 5891838000136

Vencedor: AMPLA COMERCIAL LTDA CPF/CNPJ: 5891838000136";
;"SECRETARIA MUNICIPAL DE TURISMO";2026000617;"Dispensa de Licitação";2026;13/02/2026;13/02/2026;;;65.325,00;;Homologada;"CONTRATAÇÃO DE EMPRESA ESPECIALIZADA NA PRESTAÇÃO DE SERVIÇOS DE BUFFET PARA ORGANIZAÇÃO E FORNECIMENTO DE CAFÉ DA MANHÃ LANCHES KITS LANCHE COFFEE BREAK E COQUETÉIS A FIM DE ATENDER AOS EVENTOS INSTITUCIONAIS PROMOCIONAIS ESPORTIVOS TURÍSTICOS E DE CARÁTER REPRESENTATIVO REALIZADOS OU APOIADOS PELA SECRETARIA MUNICIPAL DE TURISMO JUVENTUDE E ESPORTES  SETURJE";;;"Vencedor: NOBRE GOURMETERIA LTDA CPF/CNPJ: 8336485000109

Vencedor: NOBRE GOURMETERIA LTDA CPF/CNPJ: 8336485000109

Vencedor: NOBRE GOURMETERIA LTDA CPF/CNPJ: 8336485000109

Vencedor: NOBRE GOURMETERIA LTDA CPF/CNPJ: 8336485000109

Vencedor: NOBRE GOURMETERIA LTDA CPF/CNPJ: 8336485000109";
;"FUNDO MUNICIPAL DE ASSISTÊNCIA SOCIAL";2026000634;"Dispensa de Licitação";2026;13/02/2026;13/02/2026;;;350.000,00;;Homologada;"CONCESSÃO DE BENEFÍCIO EVENTUAL EMERGENCIAL ÀS FAMÍLAS EM SITUAÇÃO DE VULNERABILIDADE TEMPORÁRIA DECORRENTE DO DESASTRE NATURAL RESIDENTES NO SETOR TAQUARI EM PALMASTO";;;"Vencedor: FUNDO MUNICIPAL DE ASSISTENCIA SOCIAL CPF/CNPJ: 17823391000147";
;"FUNDO MUNICIPAL DE SAÚDE";2021023588;"Dispensa de Licitação";2026;12/02/2026;12/02/2026;;;54.735,49;;Homologada;"FORNECIMENTO DE ENERGIA ELÉTRICAREF DEZEMBRO DE   FESP E GESTÃO";;;"Vencedor: ENERGISA TOCANTINS - DISTRIBUIDORA DE ENERGISA S/A CPF/CNPJ: 25086034000171";
;"FUNDO MUNICIPAL DE SAÚDE";2021023588;"Dispensa de Licitação";2026;12/02/2026;12/02/2026;;;212.436,79;;Homologada;"FORNECIMENTO DE ENERGIA ELÉTRICAREF DEZEMBRO DE   AT PRIMÁRIA";;;"Vencedor: ENERGISA TOCANTINS - DISTRIBUIDORA DE ENERGISA S/A CPF/CNPJ: 25086034000171";
;"FUNDO MUNICIPAL DE SAÚDE";2021023588;"Dispensa de Licitação";2026;12/02/2026;12/02/2026;;;51.667,66;;Homologada;"FORNECIMENTO DE ENERGIA ELÉTRICAREF DEZEMBRO DE  ESPECIALIZADA";;;"Vencedor: ENERGISA TOCANTINS - DISTRIBUIDORA DE ENERGISA S/A CPF/CNPJ: 25086034000171";
;"FUNDO MUNICIPAL DE SAÚDE";2021023588;"Dispensa de Licitação";2026;12/02/2026;12/02/2026;;;25.990,92;;Homologada;"FORNECIMENTO DE ENERGIA ELÉTRICAREF DEZEMBRO DE   CAPS";;;"Vencedor: ENERGISA TOCANTINS - DISTRIBUIDORA DE ENERGISA S/A CPF/CNPJ: 25086034000171";
;"FUNDO MUNICIPAL DE SAÚDE";2021026588;"Dispensa de Licitação";2026;12/02/2026;12/02/2026;;;141.302,11;;Homologada;"FORNECIMENTO DE ENERGIA ELÉTRICAREF DEZEMBRO DE    UPAS E SAMU";;;"Vencedor: ENERGISA TOCANTINS - DISTRIBUIDORA DE ENERGISA S/A CPF/CNPJ: 25086034000171";
;"FUNDO MUNICIPAL DE SAÚDE";2021023588;"Dispensa de Licitação";2026;12/02/2026;12/02/2026;;;47.438,52;;Homologada;"FORNECIMENTO DE ENERGIA ELÉTRICAREF DEZEMBRO DE  VIGILÂNCIA";;;"Vencedor: ENERGISA TOCANTINS - DISTRIBUIDORA DE ENERGISA S/A CPF/CNPJ: 25086034000171";
;"FUNDO MUNICIPAL DE SAÚDE";2021023588;"Dispensa de Licitação";2026;12/02/2026;12/02/2026;;;390,50;;Homologada;"FORNECIMENTO DE ENERGIA ELÉTRICAREF DEZEMBRO DE   CMS VENCIMENTO";;;"Vencedor: ENERGISA TOCANTINS - DISTRIBUIDORA DE ENERGISA S/A CPF/CNPJ: 25086034000171";
;"SECRETARIA MUNICIPAL DA FAZENDA E TRANSFORMAÇÃO DIGITAL";2025007202;"Dispensa de Licitação";2026;12/02/2026;12/02/2026;;;470.240,00;;Homologada;"CONTRATAÇÃO DE SERVIÇOS ESPECIALIZADOS   DE   TECNOLOGIA   DA   INFORMAÇÃO   REFERENTES   A   UMA   SOLUÇÃO   CORPORATIVA   DE   COLABORAÇÃO ADMINISTRATIVA NAMODALIDADE SOFTWARE COMO SERVIÇO SAAS";;;"Vencedor: EMPREL EMPRESA MUNICIPAL DE INFORMATICA CPF/CNPJ: 11006269000100

Vencedor: EMPREL EMPRESA MUNICIPAL DE INFORMATICA CPF/CNPJ: 11006269000100";
;"SECRETARIA MUNICIPAL DE ZELADORIA URBANA";2026000446;"Dispensa de Licitação";2026;12/02/2026;12/02/2026;;;62.500,00;;Homologada;"CONTRATAÇÃO DE EMPRESA ESPECIALIZADA PARA O FORNECIMENTO DE UNIFORMES COMPLETOS DESTINADOS AOS PROFISSIONAIS  DA  SECRETARIA  MUNICIPAL  DE  ZELADORIA  URBANA";"Contrato 002/2026 Situação: Em Vigor";;"Vencedor: CONECTA  COMERCIO  E  SERVIÇOS  LTDA CPF/CNPJ: 58138221000100

Vencedor: CONECTA  COMERCIO  E  SERVIÇOS  LTDA CPF/CNPJ: 58138221000100";
;"SECRETARIA MUNICIPAL DE DESENVOLVIMENTO SOCIAL";2025004095;"Dispensa de Licitação";2026;11/02/2026;11/02/2026;;;8.520,00;;Homologada;"AQUISIÇÃO DE MATERIAIS ESPORTIVOS PARA SUPRIR DEMANDAS DO PARQUE DA PESSOA IDOSA FRANCISCO XAVIER DE OLIVEIRA";;;"Vencedor: PUJANÇA COMERCIO E SERVIÇOS LTDA CPF/CNPJ: 49450180000100

Vencedor: PUJANÇA COMERCIO E SERVIÇOS LTDA CPF/CNPJ: 49450180000100

Vencedor: PUJANÇA COMERCIO E SERVIÇOS LTDA CPF/CNPJ: 49450180000100

Vencedor: PUJANÇA COMERCIO E SERVIÇOS LTDA CPF/CNPJ: 49450180000100

Vencedor: PUJANÇA COMERCIO E SERVIÇOS LTDA CPF/CNPJ: 49450180000100";
;"SECRETARIA MUNICIPAL DA FAZENDA E TRANSFORMAÇÃO DIGITAL";2025007601;"Dispensa de Licitação";2026;11/02/2026;11/02/2026;;;8.545,00;;Homologada;"PRESTAÇÃO DE SERVIÇOS DE EMISSÃO DE CERTIFICADOS DIGITAIS";;;"Vencedor: SOLUTION CERTIFICAÇÃO DIGITAL LTDA CPF/CNPJ: 14592578000199

Vencedor: SOLUTION CERTIFICAÇÃO DIGITAL LTDA CPF/CNPJ: 14592578000199

Vencedor: SOLUTION CERTIFICAÇÃO DIGITAL LTDA CPF/CNPJ: 14592578000199";
;"SECRETARIA MUNICIPAL DA FAZENDA E TRANSFORMAÇÃO DIGITAL";2025006543;"Dispensa de Licitação";2026;11/02/2026;11/02/2026;;;1.090,00;;Homologada;"AQUISIÇÃO DE GRAVADOR DE ÁUDIO PARA REALIZAÇÃO DAS SESSÕES DE JULGAMENTO DAS CÂMARAS DA JUREF";;;"Vencedor: F H B RAMOS DELICATTA COMERCIO E SERVICOS CPF/CNPJ: 50381842000109";
;"FUNDO MUNICIPAL DE ASSISTÊNCIA SOCIAL";31192026;"Dispensa de Licitação";2026;11/02/2026;11/02/2026;;;64.000,00;;Homologada;"AQUISIÇÃO EMERGENCIAL DE COLCHÕES JOGOS DE ROUPA DE CAMA E TRAVESSEIROS DESTINADOS AO ATENDIMENTO IMEDIATO E TEMPORÁRIO DAS PESSOAOS E FAMÍLIASAFETADAS PELO VENDAVAL OCORRIDO NO MUNICÍPIO DE PALMAS FORMALMENTE RECONHECIDA PELO DECRETO EMERGENCIAL N";;;"Vencedor: AMPLA COMERCIAL LTDA CPF/CNPJ: 5891838000136

Vencedor: AMPLA COMERCIAL LTDA CPF/CNPJ: 5891838000136

Vencedor: AMPLA COMERCIAL LTDA CPF/CNPJ: 5891838000136

Vencedor: AMPLA COMERCIAL LTDA CPF/CNPJ: 5891838000136

Vencedor: RC COLCHOES E ENXOVAIS AZEVEDO LTDA CPF/CNPJ: 49672352000182";
;"AGÊNCIA DE TRANSPORTE COLETIVO DE PALMAS";2025002927;"Dispensa de Licitação";2026;10/02/2026;10/02/2026;;;10.239.743,21;;Homologada;"CONTRATAÇÃO EMERGENCIAL DE EMPRESA ESPECIALIZADA PARA A PRESTAÇÃO DE SERVIÇOS PÚBLICO DE TRANSPORTES COLETIVO PARA ATENDER DEMANDAS DA AGÊNCIA DE TRANSPORTES PELO PERÍODO DE ATÉ UM ANO A PARTIR DA ASSINATURA DO CONTRATONUP";;;"Vencedor: SANCETUR - SANTA CECILIA TURISMO LTDA CPF/CNPJ: 69144434000161";
;"SECRETARIA MUNICIPAL DA EDUCAÇÃO";2025007360;"Dispensa de Licitação";2026;04/02/2026;06/02/2026;;;6.271.095,59;;Homologada;"RECONHECIMENTO DE DESPESA DE EXERCÍCIO ANTERIOR REFERENTE À EMPRESA AGRO COMERCIAL PORTO LTDA EM RAZÃO DO FORNECIMENTO DE GÊNEROS ALIMENTÍCIOSCORRESPONDENTE A NOTA FISCAL N";;;"Vencedor: AGRO COMERCIAL PORTO LTDA CPF/CNPJ: 10558126000130

Vencedor: AGRO COMERCIAL PORTO LTDA CPF/CNPJ: 10558126000130

Vencedor: AGRO COMERCIAL PORTO LTDA CPF/CNPJ: 10558126000130

Vencedor: AGRO COMERCIAL PORTO LTDA CPF/CNPJ: 10558126000130

Vencedor: AGRO COMERCIAL PORTO LTDA CPF/CNPJ: 10558126000130";
;"SECRETARIA MUNICIPAL DE TURISMO";2026000402;"Dispensa de Licitação";2026;02/02/2026;02/02/2026;;;49.600,00;;Homologada;"CONTRATAÇÃO DE EMPRESA ESPECIALIZADA NA CONFECÇÃO DE CAMISA E CAMISETAS PARA OS SERVIDORES PARCEIROS OU PRESTADORES DE SERVIÇOS PARA ATENDIMENTO DAS NECESSIDADES DA SECRETARIA MUNICIPAL DE TURISMO JUVENTUDE E ESPORTES  SETURJE";;;"Vencedor: M GONÇALVES DE OLIVEIRA E CIA LTDA ME CPF/CNPJ: 21013566000128

Vencedor: M GONÇALVES DE OLIVEIRA E CIA LTDA ME CPF/CNPJ: 21013566000128

Vencedor: M GONÇALVES DE OLIVEIRA E CIA LTDA ME CPF/CNPJ: 21013566000128";
;"SECRETARIA MUNICIPAL DE TURISMO";850052025;"Dispensa de Licitação";2026;29/01/2026;;;;52.230,50;;"Aviso de Realização";"AQUISIÇÃO DE MATERIAIS DE CONSTRUÇÃO MEDIANTE A CONTRATAÇÃO DE EMPRESA  ESPECIALIZADA  DESTINADOS  À  MANUTENÇÃO  DO  CENTRO  DE CONVENÇÕES ARNAUD RODRIGUES E DOS DEMAIS EQUIPAMENTOS PÚBLICOS ESPORTIVOS SOB A RESPONSABILIDADE DESTA PASTA";;;"Vencedor: JAMIL COMERCIO DE FERRAGENS E FERRAMENTAS LTDA CPF/CNPJ: 2636762000104

Vencedor: JAMIL COMERCIO DE FERRAGENS E FERRAMENTAS LTDA CPF/CNPJ: 2636762000104

Vencedor: JAMIL COMERCIO DE FERRAGENS E FERRAMENTAS LTDA CPF/CNPJ: 2636762000104

Vencedor: JAMIL COMERCIO DE FERRAGENS E FERRAMENTAS LTDA CPF/CNPJ: 2636762000104

Vencedor: JAMIL COMERCIO DE FERRAGENS E FERRAMENTAS LTDA CPF/CNPJ: 2636762000104";
;"FUNDO MUNICIPAL DE ASSISTÊNCIA SOCIAL";2026000379;"Dispensa de Licitação";2026;28/01/2026;28/01/2026;;;13.099,60;;Homologada;"SOLICITAÇÃO DE BENS PERMANENTES PARA O CRAS KARAJÁ II ELETRODOMÉSTICOS";;;"Vencedor: NOSSO LAR LOJAS DE DEPARTAMENTOS LTDA CPF/CNPJ: 607587000100

Vencedor: NOSSO LAR LOJAS DE DEPARTAMENTOS LTDA CPF/CNPJ: 607587000100

Vencedor: NOSSO LAR LOJAS DE DEPARTAMENTOS LTDA CPF/CNPJ: 607587000100

Vencedor: NOSSO LAR LOJAS DE DEPARTAMENTOS LTDA CPF/CNPJ: 607587000100";
;"FUNDO MUNICIPAL DE ASSISTÊNCIA SOCIAL";49552026;"Dispensa de Licitação";2026;27/01/2026;;;;13.099,60;;"Aviso de Realização";"SOLICITAÇÃO DE BENS PERMANENTES PARA O CRAS KARAJÁ II ELETRODOMÉSTICOS";;;"Vencedor: LOJAS NOSSO LAR CPF/CNPJ: 607587003389

Vencedor: LOJAS NOSSO LAR CPF/CNPJ: 607587003389

Vencedor: LOJAS NOSSO LAR CPF/CNPJ: 607587003389

Vencedor: LOJAS NOSSO LAR CPF/CNPJ: 607587003389";
;"SECRETARIA MUNICIPAL DA EDUCAÇÃO";2025007360;"Dispensa de Licitação";2026;19/01/2026;19/01/2026;;;850.000,02;;Homologada;"RECONHECIMENTO DE DESPESA DE EXERCÍCIO ANTERIOR REFERENTE À EMPRESA EMPÓRIO COMÉRCIO ATACADISTA LTDA EM RAZÃO DO FORNECIMENTO DE GÊNEROS ALIMENTÍCIOSREALIZADO DURANTE A VIGÊNCIA DO CONTRATO Nº";;;"Vencedor: EMPORIO COMERCIO ATACADISTA LTDA CPF/CNPJ: 7290015000180

Vencedor: EMPORIO COMERCIO ATACADISTA LTDA CPF/CNPJ: 7290015000180

Vencedor: EMPORIO COMERCIO ATACADISTA LTDA CPF/CNPJ: 7290015000180

Vencedor: EMPORIO COMERCIO ATACADISTA LTDA CPF/CNPJ: 7290015000180

Vencedor: EMPORIO COMERCIO ATACADISTA LTDA CPF/CNPJ: 7290015000180";
000133;"FUNDO MUNICIPAL DE ASSISTÊNCIA SOCIAL";2025009626;"Dispensa de Licitação";2025;11/02/2026;11/02/2026;;;42.251,93;;Homologada;"AQUISIÇÃO DE FRALDAS DESCARTÁVEIS PEDIÁTRICAS E GERIÁTRICAS";;;"Vencedor: AMPLA COMERCIAL LTDA CPF/CNPJ: 5891838000136

Vencedor: AMPLA COMERCIAL LTDA CPF/CNPJ: 5891838000136

Vencedor: AMPLA COMERCIAL LTDA CPF/CNPJ: 5891838000136

Vencedor: ROSAFARM DISTRIBUIDORA DE MEDICAMENTOS LTDA CPF/CNPJ: 37676047000180

Vencedor: ROSAFARM DISTRIBUIDORA DE MEDICAMENTOS LTDA CPF/CNPJ: 37676047000180";
000131;"FUNDO MUNICIPAL DE ASSISTÊNCIA SOCIAL";2025009392;"Dispensa de Licitação";2025;19/02/2026;05/05/2026;;;37.095,50;;Homologada;"AQUISIÇÃO DE MATERIAIS PERSONALIZADOS DIVERSOS DESTINADOS À DIVULGAÇÃO INSTITUCIONAL E APOIO ÀSAÇÕES E EVENTOS PROMOVIDOS PELA GERÊNCIA DO CADASTRO ÚNICO E PROGRAMA BOLSA FAMÍLIA";;;"Vencedor: J S INFFOCO LTDA CPF/CNPJ: 23306207000194

Vencedor: J S INFFOCO LTDA CPF/CNPJ: 23306207000194

Vencedor: J S INFFOCO LTDA CPF/CNPJ: 23306207000194

Vencedor: PUJANÇA COMERCIO E SERVIÇOS LTDA CPF/CNPJ: 49450180000100

Vencedor: J S INFFOCO LTDA CPF/CNPJ: 23306207000194";
000126;"SECRETARIA MUNICIPAL DE PROTEÇÃO E BEM-ESTAR ANIMAL";2025004094;"Dispensa de Licitação";2025;06/03/2026;06/03/2026;;;24.432,00;;Homologada;"AQUISIÇÃO DE MATERIAIS DE CONSUMO DA ÁREA DE TECNOLOGIA DA INFORMAÇÃO E COMUNICAÇÃO TIC";;;"Vencedor: SETE DISTRIBUIDORA LTDA CPF/CNPJ: 45591859000150

Vencedor: T. HEBLT COMERCIAL LTDA CPF/CNPJ: 55847501000108

Vencedor: R/C CARTUCHOS, INFORMATICA E PAPELARIA LTDA CPF/CNPJ: 6015659000106

Vencedor: T. HEBLT COMERCIAL LTDA CPF/CNPJ: 55847501000108

Vencedor: T. HEBLT COMERCIAL LTDA CPF/CNPJ: 55847501000108";
000120;"CASA CIVIL DO MUNICÍPIO DE PALMAS";2025006694;"Dispensa de Licitação";2025;09/03/2026;09/03/2026;;;55.313,47;;Homologada;"AQUISIÇÃO DE ELETRODOMÉSTICOS DESTINADOS A SUPRIR AS NECESSIDADES OPERACIONAIS E DE INFRAESTRUTURA DA SEDE DA CASA CIVIL DO MUNICÍPIO E DAS UNIDADES DO RESOLVE PALMAS";;;"Vencedor: SETE DISTRIBUIDORA LTDA CPF/CNPJ: 45591859000150

Vencedor: SETE DISTRIBUIDORA LTDA CPF/CNPJ: 45591859000150";
000117;"SECRETARIA DO GABINETE DO PREFEITO";2025007651;"Dispensa de Licitação";2025;09/03/2026;09/03/2026;;;61.410,00;;Homologada;"AQUISIÇÃO DE CONJUNTO DE COMBATE A INCÊNDIO MÓVEL VEICULAR PARA PICKUP DESTINADOS ÀS AÇÕES OPERACIONAIS DA SUPERINTENDÊNCIA DA DEFESA CIVIL MUNICIPAL PARA UTILIZAR NO COMBATE A INCÊNDIO FLORESTAL E URBANO";;;"Vencedor: PUJANÇA COMERCIO E SERVIÇOS LTDA CPF/CNPJ: 49450180000100";
000115;"SECRETARIA MUNICIPAL DE PLANEJAMENTO E DESENVOLVIMENTO HUMANO";2025007625;"Dispensa de Licitação";2025;26/03/2026;26/03/2026;;;6.876,94;;Homologada;"PRESTAÇÃO DO SERVIÇO DE EMISSÃO DO CERTIFICADO DIGITAL PADRÃO ICP  BRASIL VISANDO ATENDER AS DEMANDAS QUE INTEGRAM A ESTRUTURA ADMINISTRATIVA DA SECRETARIA MUNICIPAL DE PLANEJAMENTO ORÇAMENTO E LICITAÇÕES";;;"Vencedor: R/C CARTUCHOS, INFORMATICA E PAPELARIA LTDA CPF/CNPJ: 6015659000106

Vencedor: R/C CARTUCHOS, INFORMATICA E PAPELARIA LTDA CPF/CNPJ: 6015659000106

Vencedor: R/C CARTUCHOS, INFORMATICA E PAPELARIA LTDA CPF/CNPJ: 6015659000106

Vencedor: R/C CARTUCHOS, INFORMATICA E PAPELARIA LTDA CPF/CNPJ: 6015659000106

Vencedor: R/C CARTUCHOS, INFORMATICA E PAPELARIA LTDA CPF/CNPJ: 6015659000106";
000069;"CONTROLADORIA-GERAL DO MUNICÍPIO";2025005306;"Dispensa de Licitação";2025;16/03/2026;16/03/2026;;;3.584,00;;Homologada;"AQUISIÇÃO DE ÁGUA MINERAL COM GÁS E SEM GÁS VISANDO ATENDER AS NECESSIDADES CONTROLADORIA GERAL DO MUNÍCIPIO E SEUS DEPARTAMENTOS NUP";;;"Vencedor: A CARDOSO COSTA CPF/CNPJ: 24958111000173

Vencedor: A CARDOSO COSTA CPF/CNPJ: 24958111000173

Vencedor: A CARDOSO COSTA CPF/CNPJ: 24958111000173";
000045;"SECRETARIA MUNICIPAL DE PROTEÇÃO E BEM-ESTAR ANIMAL";2025002505;"Dispensa de Licitação";2025;12/03/2026;12/03/2026;;;191,60;;Homologada;"CONTRATAÇÃO DE EMPRESA PARA FORNECIMENTO DE CARIMBOS AUTOMÁTICOS PERSONALIZADOS";;;"Vencedor: GRAFICA E EDITORA CAPITAL LTDA. CPF/CNPJ: 3444658000180";
000017;"SECRETARIA MUNICIPAL DE PLANEJAMENTO E DESENVOLVIMENTO HUMANO";2026001281;"Dispensa de Licitação";2025;31/03/2026;;;;0,00;;Fracassada;"AQUISIÇÃO DE CARRETINHA REBOQUE DESTINADA AO TRANSPORTE DE CARGAS DIVERSAS A FIM DE SUPRIR AS NECESSIDADES LOGÍSTICAS DA SUPERINTENDÊNCIA DO PATRIMÔNIO E ALMOXARIFADO CENTRAL DA PREFEITURA DEPALMAS";;;;
